ISO-10303-21;
HEADER;
FILE_DESCRIPTION(('ViewDefinition[DesignTransferView]'),'2;1');
FILE_NAME('s03-activity.ifc','2026-10-01T17:42:00+08:00',(''),(''),'IfcOpenShell 0.8.5-post1','Bonsai 0.8.5-post1','Nobody');
FILE_SCHEMA(('IFC4'));
ENDSEC;
DATA;
#1=IFCPROJECT('1dQwSC3v10KQkcRiY$e38H',$,'My Project',$,$,$,$,(#10,#22),#5);
#2=IFCSIUNIT(*,.LENGTHUNIT.,$,.METRE.);
#3=IFCSIUNIT(*,.AREAUNIT.,$,.SQUARE_METRE.);
#4=IFCSIUNIT(*,.VOLUMEUNIT.,$,.CUBIC_METRE.);
#5=IFCUNITASSIGNMENT((#4,#2,#3));
#6=IFCCARTESIANPOINT((0.,0.,0.));
#7=IFCDIRECTION((0.,0.,1.));
#8=IFCDIRECTION((1.,0.,0.));
#9=IFCAXIS2PLACEMENT3D(#6,#7,#8);
#10=IFCGEOMETRICREPRESENTATIONCONTEXT($,'Model',3,1.0000000000000001E-05,#9,$);
#11=IFCGEOMETRICREPRESENTATIONSUBCONTEXT('Body','Model',*,*,*,*,#10,$,.MODEL_VIEW.,$);
#12=IFCGEOMETRICREPRESENTATIONSUBCONTEXT('Axis','Model',*,*,*,*,#10,$,.GRAPH_VIEW.,$);
#13=IFCGEOMETRICREPRESENTATIONSUBCONTEXT('Box','Model',*,*,*,*,#10,$,.MODEL_VIEW.,$);
#14=IFCGEOMETRICREPRESENTATIONSUBCONTEXT('Annotation','Model',*,*,*,*,#10,$,.SECTION_VIEW.,$);
#15=IFCGEOMETRICREPRESENTATIONSUBCONTEXT('Annotation','Model',*,*,*,*,#10,$,.ELEVATION_VIEW.,$);
#16=IFCGEOMETRICREPRESENTATIONSUBCONTEXT('Annotation','Model',*,*,*,*,#10,$,.MODEL_VIEW.,$);
#17=IFCGEOMETRICREPRESENTATIONSUBCONTEXT('Annotation','Model',*,*,*,*,#10,$,.PLAN_VIEW.,$);
#18=IFCGEOMETRICREPRESENTATIONSUBCONTEXT('Profile','Model',*,*,*,*,#10,$,.ELEVATION_VIEW.,$);
#19=IFCCARTESIANPOINT((0.,0.));
#20=IFCDIRECTION((1.,0.));
#21=IFCAXIS2PLACEMENT2D(#19,#20);
#22=IFCGEOMETRICREPRESENTATIONCONTEXT($,'Plan',2,1.0000000000000001E-05,#21,$);
#23=IFCGEOMETRICREPRESENTATIONSUBCONTEXT('Axis','Plan',*,*,*,*,#22,$,.GRAPH_VIEW.,$);
#24=IFCGEOMETRICREPRESENTATIONSUBCONTEXT('Body','Plan',*,*,*,*,#22,$,.PLAN_VIEW.,$);
#25=IFCGEOMETRICREPRESENTATIONSUBCONTEXT('Annotation','Plan',*,*,*,*,#22,$,.PLAN_VIEW.,$);
#26=IFCGEOMETRICREPRESENTATIONSUBCONTEXT('Annotation','Plan',*,*,*,*,#22,$,.REFLECTED_PLAN_VIEW.,$);
#27=IFCSITE('2zrB5hZ214HvOpUgHbCrax',$,'My Site',$,$,#50,$,$,$,$,$,$,$,$);
#33=IFCBUILDING('1L2UHPWMDEK81g9twDhfTs',$,'My Building',$,$,#56,$,$,$,$,$,$);
#39=IFCBUILDINGSTOREY('2oh8uMG4XC1BVjTacXehTz',$,'2F',$,$,#6883,$,$,$,$);
#45=IFCRELAGGREGATES('1KucbB8ifCGuXr26Y6bEsa',$,$,$,#1,(#27));
#46=IFCCARTESIANPOINT((0.,0.,0.));
#47=IFCDIRECTION((0.,0.,1.));
#48=IFCDIRECTION((1.,0.,0.));
#49=IFCAXIS2PLACEMENT3D(#46,#47,#48);
#50=IFCLOCALPLACEMENT($,#49);
#51=IFCRELAGGREGATES('1XR_0qj$D1KOwiokx5R7Qq',$,$,$,#27,(#33));
#52=IFCCARTESIANPOINT((0.,0.,0.));
#53=IFCDIRECTION((0.,0.,1.));
#54=IFCDIRECTION((1.,0.,0.));
#55=IFCAXIS2PLACEMENT3D(#52,#53,#54);
#56=IFCLOCALPLACEMENT(#50,#55);
#57=IFCRELAGGREGATES('10SWLIlQbBVg4WXdqv1F6n',$,$,$,#33,(#75,#12816,#39));
#75=IFCBUILDINGSTOREY('2HYcts8frEcvVm97$lw92T',$,'GF',$,$,#91,$,$,$,$);
#87=IFCCARTESIANPOINT((0.,0.,0.));
#88=IFCDIRECTION((0.,0.,1.));
#89=IFCDIRECTION((1.,0.,0.));
#90=IFCAXIS2PLACEMENT3D(#87,#88,#89);
#91=IFCLOCALPLACEMENT(#56,#90);
#92=IFCWALLTYPE('3VcabVFs5CGO9kMKRRxnf0',$,'Wall',$,$,(#97),$,$,$,.SOLIDWALL.);
#93=IFCMATERIAL('Unknown',$,$);
#94=IFCMATERIALLAYERSET((#96),$,$);
#95=IFCRELASSOCIATESMATERIAL('0HYzLCMCr7Tf8271BAVjxY',$,$,$,(#92),#94);
#96=IFCMATERIALLAYER(#93,0.10000000000000001,$,$,$,$,$);
#97=IFCPROPERTYSET('0if8BQAff5Cxd5VRIsRpvY',$,'EPset_Parametric',$,(#98));
#98=IFCPROPERTYSINGLEVALUE('LayerSetDirection',$,IFCLABEL('AXIS2'),$);
#99=IFCWALL('2oXvq2AEb2jxvfpgFbkFlL',$,'Wall',$,$,#1442,#107,$,$);
#100=IFCRELCONTAINEDINSPATIALSTRUCTURE('381UoajkD1zv5f0RsueH8w',$,$,$,(#2358,#2097,#971,#2824,#720,#215,#996,#152,#5036,#5660,#240,#4159,#503,#5946,#6232,#3530,#99,#265,#6585,#825,#695,#190,#541,#4660),#75);
#101=IFCRELDEFINESBYTYPE('3iXiXrgrT67vxquVSgON7z',$,$,$,(#7377,#971,#7302,#7905,#720,#215,#7402,#8040,#7327,#152,#996,#503,#240,#7775,#7252,#99,#7975,#7427,#7867,#7352,#7144,#7277,#265,#825,#695,#190,#541),#92);
#102=IFCMATERIALLAYERSETUSAGE(#94,.AXIS2.,.POSITIVE.,0.,$);
#103=IFCRELASSOCIATESMATERIAL('25pEdGF5z4whlcF3yipiUU',$,$,$,(#99),#102);
#107=IFCPRODUCTDEFINITIONSHAPE($,$,(#1523,#1520));
#123=IFCPROPERTYSET('2RQ7cr0YH699LFVlSXzKlC',$,'EPset_Parametric',$,(#125));
#124=IFCRELDEFINESBYPROPERTIES('3geuf8yQf9U9QUgPJRrotE',$,$,$,(#99),#123);
#125=IFCPROPERTYSINGLEVALUE('Engine',$,IFCLABEL('Bonsai.DumbLayer2'),$);
#152=IFCWALL('0cQGiWyzvBkApWHCuFCTsa',$,'Wall',$,$,#163,#158,$,$);
#153=IFCMATERIALLAYERSETUSAGE(#94,.AXIS2.,.POSITIVE.,0.,$);
#154=IFCRELASSOCIATESMATERIAL('0qBTUo7OX0XRdzZtaNXFS3',$,$,$,(#152),#153);
#158=IFCPRODUCTDEFINITIONSHAPE($,$,(#1496,#1493));
#159=IFCCARTESIANPOINT((4.2174768447875977,-2.6000680923461914,0.));
#160=IFCDIRECTION((0.,0.,1.));
#161=IFCDIRECTION((7.5497901264043109E-08,0.99999999999999711,0.));
#162=IFCAXIS2PLACEMENT3D(#159,#160,#161);
#163=IFCLOCALPLACEMENT(#91,#162);
#174=IFCPROPERTYSET('2Gs_VMUcjAOubDK2gEgPoc',$,'EPset_Parametric',$,(#176));
#175=IFCRELDEFINESBYPROPERTIES('2RUu6mMIrBQRf7RC1MlnMT',$,$,$,(#152),#174);
#176=IFCPROPERTYSINGLEVALUE('Engine',$,IFCLABEL('Bonsai.DumbLayer2'),$);
#190=IFCWALL('0LM0bc$Kn3xxbAJiAyfHRf',$,'Wall',$,$,#201,#196,$,$);
#191=IFCMATERIALLAYERSETUSAGE(#94,.AXIS2.,.POSITIVE.,0.,$);
#192=IFCRELASSOCIATESMATERIAL('3ilkt3MZD5YQVS5dHadoFK',$,$,$,(#190),#191);
#196=IFCPRODUCTDEFINITIONSHAPE($,$,(#3945,#3942));
#197=IFCCARTESIANPOINT((4.2174787521362305,6.4999322891235352,0.));
#198=IFCDIRECTION((0.,0.,1.));
#199=IFCDIRECTION((-0.99999999999999623,8.7422776573475527E-08,0.));
#200=IFCAXIS2PLACEMENT3D(#197,#198,#199);
#201=IFCLOCALPLACEMENT(#91,#200);
#212=IFCPROPERTYSET('3$X3a7EVDESRQlsw$FILFc',$,'EPset_Parametric',$,(#214));
#213=IFCRELDEFINESBYPROPERTIES('2VvL9E_w52Z9vnunMqowry',$,$,$,(#190),#212);
#214=IFCPROPERTYSINGLEVALUE('Engine',$,IFCLABEL('Bonsai.DumbLayer2'),$);
#215=IFCWALL('0mzMMf0Fb26OM7RvaWaFsw',$,'Wall',$,$,#398,#221,$,$);
#216=IFCMATERIALLAYERSETUSAGE(#94,.AXIS2.,.POSITIVE.,0.,$);
#217=IFCRELASSOCIATESMATERIAL('3AVhtAoFX65AtxEmXFDGxA',$,$,$,(#215),#216);
#221=IFCPRODUCTDEFINITIONSHAPE($,$,(#4068,#4065));
#237=IFCPROPERTYSET('3kZ1srniL67QW65_q3w$qw',$,'EPset_Parametric',$,(#239));
#238=IFCRELDEFINESBYPROPERTIES('3oeLsJ_4XCcgdeg83tFG6O',$,$,$,(#215),#237);
#239=IFCPROPERTYSINGLEVALUE('Engine',$,IFCLABEL('Bonsai.DumbLayer2'),$);
#240=IFCWALL('2$jwtenrXFxhOv4h0H8nSO',$,'Wall',$,$,#4029,#246,$,$);
#241=IFCMATERIALLAYERSETUSAGE(#94,.AXIS2.,.POSITIVE.,0.,$);
#242=IFCRELASSOCIATESMATERIAL('34yC2bFpb2FhS$C2t4s13P',$,$,$,(#240),#241);
#246=IFCPRODUCTDEFINITIONSHAPE($,$,(#4024,#4021));
#262=IFCPROPERTYSET('3tvVSRm1v3u9912tG8dDwl',$,'EPset_Parametric',$,(#264));
#263=IFCRELDEFINESBYPROPERTIES('2OZjEXY2b0yfYp60BJuYzs',$,$,$,(#240),#262);
#264=IFCPROPERTYSINGLEVALUE('Engine',$,IFCLABEL('Bonsai.DumbLayer2'),$);
#265=IFCWALL('3eENI2WEb6QelKJm5tCARo',$,'Wall',$,$,#457,#271,$,$);
#266=IFCMATERIALLAYERSETUSAGE(#94,.AXIS2.,.POSITIVE.,0.,$);
#267=IFCRELASSOCIATESMATERIAL('0yiewvYM57bOJU1dVdeAxR',$,$,$,(#265),#266);
#271=IFCPRODUCTDEFINITIONSHAPE($,$,(#1410,#1407));
#287=IFCPROPERTYSET('1c9mwYLwb28QFvt$Bgc82O',$,'EPset_Parametric',$,(#289));
#288=IFCRELDEFINESBYPROPERTIES('1u7lna84T6X8b1vWIN8kqP',$,$,$,(#265),#287);
#289=IFCPROPERTYSINGLEVALUE('Engine',$,IFCLABEL('Bonsai.DumbLayer2'),$);
#394=IFCCARTESIANPOINT((0.76747870445249189,6.4999325907321186,0.));
#395=IFCDIRECTION((0.,0.,1.));
#396=IFCDIRECTION((7.5497901264043123E-08,-0.99999999999999722,0.));
#397=IFCAXIS2PLACEMENT3D(#394,#395,#396);
#398=IFCLOCALPLACEMENT(#91,#397);
#439=IFCRELCONNECTSPATHELEMENTS('3uw80NS4H9zA5Th9wJCioZ',$,$,$,$,#265,#240,(),(),.ATEND.,.ATSTART.);
#453=IFCCARTESIANPOINT((-2.7825212478638379,5.0399336333975944,0.));
#454=IFCDIRECTION((0.,0.,1.));
#455=IFCDIRECTION((7.5497901264043123E-08,-0.99999999999999722,0.));
#456=IFCAXIS2PLACEMENT3D(#453,#454,#455);
#457=IFCLOCALPLACEMENT(#91,#456);
#503=IFCWALL('1uZTXgQInEjOv7smIm85qK',$,'Wall',$,$,#514,#509,$,$);
#504=IFCMATERIALLAYERSETUSAGE(#94,.AXIS2.,.POSITIVE.,0.,$);
#505=IFCRELASSOCIATESMATERIAL('3UBOpw7UX7HhM8sbLgOOCm',$,$,$,(#503),#504);
#509=IFCPRODUCTDEFINITIONSHAPE($,$,(#1536,#1533));
#510=IFCCARTESIANPOINT((0.21717436611652374,-0.11006736755371094,0.));
#511=IFCDIRECTION((0.,0.,1.));
#512=IFCDIRECTION((0.0041374607062663882,-0.99999144067282109,0.));
#513=IFCAXIS2PLACEMENT3D(#510,#511,#512);
#514=IFCLOCALPLACEMENT(#91,#513);
#525=IFCPROPERTYSET('2r8X6u3GXB_gXPRxHyo5pU',$,'EPset_Parametric',$,(#527));
#526=IFCRELDEFINESBYPROPERTIES('2yxgxINMH1BhdNB5CHRmDZ',$,$,$,(#503),#525);
#527=IFCPROPERTYSINGLEVALUE('Engine',$,IFCLABEL('Bonsai.DumbLayer2'),$);
#541=IFCWALL('0Fh$2YaPnE0gAETK9RvPPT',$,'Wall',$,$,#552,#547,$,$);
#542=IFCMATERIALLAYERSETUSAGE(#94,.AXIS2.,.POSITIVE.,0.,$);
#543=IFCRELASSOCIATESMATERIAL('33tStCmuz7MBmUpaaqjw9P',$,$,$,(#541),#542);
#547=IFCPRODUCTDEFINITIONSHAPE($,$,(#1423,#1420));
#548=IFCCARTESIANPOINT((-2.7825202941894531,-0.11006736755371094,0.));
#549=IFCDIRECTION((0.,0.,1.));
#550=IFCDIRECTION((0.99999999108695203,0.0001335144031068547,0.));
#551=IFCAXIS2PLACEMENT3D(#548,#549,#550);
#552=IFCLOCALPLACEMENT(#91,#551);
#563=IFCPROPERTYSET('0yDFdYyJT6khh9$aVI4ryV',$,'EPset_Parametric',$,(#565));
#564=IFCRELDEFINESBYPROPERTIES('0ntWGCrB511B5dXWxNiUTJ',$,$,$,(#541),#563);
#565=IFCPROPERTYSINGLEVALUE('Engine',$,IFCLABEL('Bonsai.DumbLayer2'),$);
#695=IFCWALL('1n1GmnInr8nh_IXi7BfizT',$,'Wall',$,$,#706,#701,$,$);
#696=IFCMATERIALLAYERSETUSAGE(#94,.AXIS2.,.POSITIVE.,0.,$);
#697=IFCRELASSOCIATESMATERIAL('3W_txgkgrBOBp50G5KxqqM',$,$,$,(#695),#696);
#701=IFCPRODUCTDEFINITIONSHAPE($,$,(#1563,#1560));
#702=IFCCARTESIANPOINT((0.31716027855873108,-0.010821117088198662,0.));
#703=IFCDIRECTION((0.,0.,1.));
#704=IFCDIRECTION((7.5497901264043109E-08,0.99999999999999711,0.));
#705=IFCAXIS2PLACEMENT3D(#702,#703,#704);
#706=IFCLOCALPLACEMENT(#91,#705);
#717=IFCPROPERTYSET('0VILMdjL93ZPsvfD_arHnz',$,'EPset_Parametric',$,(#719));
#718=IFCRELDEFINESBYPROPERTIES('1$zFwsBSf4iwaYh_CQ9xpX',$,$,$,(#695),#717);
#719=IFCPROPERTYSINGLEVALUE('Engine',$,IFCLABEL('Bonsai.DumbLayer2'),$);
#720=IFCWALL('1Veai$6RP1jQ2qZlvIa_PK',$,'Wall',$,$,#731,#726,$,$);
#721=IFCMATERIALLAYERSETUSAGE(#94,.AXIS2.,.POSITIVE.,0.,$);
#722=IFCRELASSOCIATESMATERIAL('23kTlWYQr8$xbE7v4Z4jrr',$,$,$,(#720),#721);
#726=IFCPRODUCTDEFINITIONSHAPE($,$,(#1550,#1547));
#727=IFCCARTESIANPOINT((0.31716048717498779,2.639178991317749,0.));
#728=IFCDIRECTION((0.,0.,1.));
#729=IFCDIRECTION((-0.99999999999998868,-1.5099580252808492E-07,0.));
#730=IFCAXIS2PLACEMENT3D(#727,#728,#729);
#731=IFCLOCALPLACEMENT(#91,#730);
#742=IFCPROPERTYSET('3XlI9YDYzF0Pn2_IBXweJ0',$,'EPset_Parametric',$,(#744));
#743=IFCRELDEFINESBYPROPERTIES('0gNtkLcm94MRlB_wT8PBnk',$,$,$,(#720),#742);
#744=IFCPROPERTYSINGLEVALUE('Engine',$,IFCLABEL('Bonsai.DumbLayer2'),$);
#798=IFCRELCONNECTSPATHELEMENTS('32CDrRYxD1zPauHi$J6S0F',$,$,$,$,#720,#265,(),(),.ATPATH.,.ATEND.);
#825=IFCWALL('3zY7UKJX16lg2VCuXRZclz',$,'Wall',$,$,#867,#831,$,$);
#826=IFCMATERIALLAYERSETUSAGE(#94,.AXIS2.,.POSITIVE.,0.,$);
#827=IFCRELASSOCIATESMATERIAL('2shEG1gmXD281SHhWvK483',$,$,$,(#825),#826);
#831=IFCPRODUCTDEFINITIONSHAPE($,$,(#1396,#1393));
#847=IFCPROPERTYSET('10_FysOv13bB7EDL1S_QWJ',$,'EPset_Parametric',$,(#849));
#848=IFCRELDEFINESBYPROPERTIES('1kwcxZnAz5R8aNjI7Fvv_t',$,$,$,(#825),#847);
#849=IFCPROPERTYSINGLEVALUE('Engine',$,IFCLABEL('Bonsai.DumbLayer2'),$);
#863=IFCCARTESIANPOINT((-1.1774450540542603,2.639178991317749,0.));
#864=IFCDIRECTION((0.,0.,1.));
#865=IFCDIRECTION((1.9470718370939353E-07,0.99999999999998113,0.));
#866=IFCAXIS2PLACEMENT3D(#863,#864,#865);
#867=IFCLOCALPLACEMENT(#91,#866);
#868=IFCRELCONNECTSPATHELEMENTS('0AGIi_ndX8$RJPcYsJuqUs',$,$,$,$,#825,#240,(),(),.ATPATH.,.ATEND.);
#971=IFCWALL('3C7F2c_rb5H8_57mW0dmKI',$,'Wall',$,$,#1319,#977,$,$);
#972=IFCMATERIALLAYERSETUSAGE(#94,.AXIS2.,.POSITIVE.,0.,$);
#973=IFCRELASSOCIATESMATERIAL('1BSVK2XBDD3Qx13KJQgVJy',$,$,$,(#971),#972);
#977=IFCPRODUCTDEFINITIONSHAPE($,$,(#4055,#4052));
#993=IFCPROPERTYSET('11C_EgGvrAdPGzEQPUAMpK',$,'EPset_Parametric',$,(#995));
#994=IFCRELDEFINESBYPROPERTIES('3ROrgqJNn2lhdVoPGMDI3C',$,$,$,(#971),#993);
#995=IFCPROPERTYSINGLEVALUE('Engine',$,IFCLABEL('Bonsai.DumbLayer2'),$);
#996=IFCWALL('25pbipHuLBq8wJS6ODb4Qb',$,'Wall',$,$,#1356,#1002,$,$);
#997=IFCMATERIALLAYERSETUSAGE(#94,.AXIS2.,.POSITIVE.,0.,$);
#998=IFCRELASSOCIATESMATERIAL('1gjJBOxuHFlvEJTwV5T3iG',$,$,$,(#996),#997);
#1002=IFCPRODUCTDEFINITIONSHAPE($,$,(#3971,#3968));
#1018=IFCPROPERTYSET('3HVQ1C6CP0lBUxlr6010iz',$,'EPset_Parametric',$,(#1020));
#1019=IFCRELDEFINESBYPROPERTIES('2z0z9mYl94LOq9tVvPxwLj',$,$,$,(#996),#1018);
#1020=IFCPROPERTYSINGLEVALUE('Engine',$,IFCLABEL('Bonsai.DumbLayer2'),$);
#1315=IFCCARTESIANPOINT((0.76747900256096901,5.0399322509764923,0.));
#1316=IFCDIRECTION((0.,0.,1.));
#1317=IFCDIRECTION((1.9470718370939353E-07,-0.99999999999998113,0.));
#1318=IFCAXIS2PLACEMENT3D(#1315,#1316,#1317);
#1319=IFCLOCALPLACEMENT(#91,#1318);
#1338=IFCRELCONNECTSPATHELEMENTS('3J_ZcmpVb3MwOw9MOm50ap',$,$,$,$,#996,#971,(),(),.ATPATH.,.ATSTART.);
#1352=IFCCARTESIANPOINT((0.7674792906423743,3.5603699684142409,0.));
#1353=IFCDIRECTION((0.,0.,1.));
#1354=IFCDIRECTION((-0.99999999999992428,3.8941436741876494E-07,0.));
#1355=IFCAXIS2PLACEMENT3D(#1352,#1353,#1354);
#1356=IFCLOCALPLACEMENT(#91,#1355);
#1370=IFCRELCONNECTSPATHELEMENTS('04lFc2d9nAau$nmoPxsix1',$,$,$,$,#996,#825,(),(),.ATPATH.,.ATEND.);
#1384=IFCCARTESIANPOINTLIST2D(((0.,0.),(0.,0.10000000000000001),(2.3007540365106953,0.10000000000000001),(2.300754017039977,0.)));
#1385=IFCINDEXEDPOLYCURVE(#1384,(IFCLINEINDEX((1,2,3,4,1))),$);
#1386=IFCARBITRARYCLOSEDPROFILEDEF(.AREA.,$,#1385);
#1387=IFCCARTESIANPOINT((0.,0.,0.));
#1388=IFCDIRECTION((0.,0.,1.));
#1389=IFCDIRECTION((1.,0.,0.));
#1390=IFCAXIS2PLACEMENT3D(#1387,#1388,#1389);
#1391=IFCDIRECTION((0.,0.,1.));
#1392=IFCEXTRUDEDAREASOLID(#1386,#1390,#1391,3.);
#1393=IFCSHAPEREPRESENTATION(#11,'Body','SweptSolid',(#1392));
#1394=IFCCARTESIANPOINTLIST2D(((0.,0.),(2.4007540170399788,0.)));
#1395=IFCINDEXEDPOLYCURVE(#1394,$,$);
#1396=IFCSHAPEREPRESENTATION(#23,'Axis','Curve2D',(#1395));
#1397=IFCRELCONNECTSPATHELEMENTS('0D0Yd$J6565fviUP5LAhoj',$,$,$,$,#265,#541,(),(),.ATPATH.,.ATEND.);
#1398=IFCCARTESIANPOINTLIST2D(((0.,0.),(0.1000000464912377,0.10000000000000001),(5.0499876562457997,0.10000000000000001),(5.0500010001364393,0.)));
#1399=IFCINDEXEDPOLYCURVE(#1398,(IFCLINEINDEX((1,2,3,4,1))),$);
#1400=IFCARBITRARYCLOSEDPROFILEDEF(.AREA.,$,#1399);
#1401=IFCCARTESIANPOINT((0.,0.,0.));
#1402=IFCDIRECTION((0.,0.,1.));
#1403=IFCDIRECTION((1.,0.,0.));
#1404=IFCAXIS2PLACEMENT3D(#1401,#1402,#1403);
#1405=IFCDIRECTION((0.,0.,1.));
#1406=IFCEXTRUDEDAREASOLID(#1400,#1404,#1405,3.);
#1407=IFCSHAPEREPRESENTATION(#11,'Body','SweptSolid',(#1406));
#1408=IFCCARTESIANPOINTLIST2D(((0.,0.),(5.1500010010267365,0.)));
#1409=IFCINDEXEDPOLYCURVE(#1408,$,$);
#1410=IFCSHAPEREPRESENTATION(#23,'Axis','Curve2D',(#1409));
#1411=IFCCARTESIANPOINTLIST2D(((0.,0.),(0.,0.10000000000000001),(3.0996938584244988,0.10000000000000001),(3.0996938584244988,0.)));
#1412=IFCINDEXEDPOLYCURVE(#1411,(IFCLINEINDEX((1,2,3,4,1))),$);
#1413=IFCARBITRARYCLOSEDPROFILEDEF(.AREA.,$,#1412);
#1414=IFCCARTESIANPOINT((0.,0.,0.));
#1415=IFCDIRECTION((0.,0.,1.));
#1416=IFCDIRECTION((1.,0.,0.));
#1417=IFCAXIS2PLACEMENT3D(#1414,#1415,#1416);
#1418=IFCDIRECTION((0.,0.,1.));
#1419=IFCEXTRUDEDAREASOLID(#1413,#1417,#1418,3.);
#1420=IFCSHAPEREPRESENTATION(#11,'Body','SweptSolid',(#1419));
#1421=IFCCARTESIANPOINTLIST2D(((0.,0.),(3.0996938584244988,0.)));
#1422=IFCINDEXEDPOLYCURVE(#1421,$,$);
#1423=IFCSHAPEREPRESENTATION(#23,'Axis','Curve2D',(#1422));
#1438=IFCCARTESIANPOINT((0.22747673445526878,-2.6000680923461914,0.));
#1439=IFCDIRECTION((0.,0.,1.));
#1440=IFCDIRECTION((1.,0.,0.));
#1441=IFCAXIS2PLACEMENT3D(#1438,#1439,#1440);
#1442=IFCLOCALPLACEMENT(#91,#1441);
#1456=IFCRELCONNECTSPATHELEMENTS('0bMvGuoAPDShDtAgwcFnNn',$,$,$,$,#152,#99,(),(),.ATPATH.,.ATSTART.);
#1483=IFCRELCONNECTSPATHELEMENTS('1bFK8KcvrAeu0FpPJAYgsl',$,$,$,$,#152,#190,(),(),.ATPATH.,.ATEND.);
#1484=IFCCARTESIANPOINTLIST2D(((0.10000000000000028,0.),(0.099999992450210157,0.10000000000000001),(9.0000003826623463,0.10000000000000001),(9.0000003814698584,0.)));
#1485=IFCINDEXEDPOLYCURVE(#1484,(IFCLINEINDEX((1,2,3,4,1))),$);
#1486=IFCARBITRARYCLOSEDPROFILEDEF(.AREA.,$,#1485);
#1487=IFCCARTESIANPOINT((0.,0.,0.));
#1488=IFCDIRECTION((0.,0.,1.));
#1489=IFCDIRECTION((1.,0.,0.));
#1490=IFCAXIS2PLACEMENT3D(#1487,#1488,#1489);
#1491=IFCDIRECTION((0.,0.,1.));
#1492=IFCEXTRUDEDAREASOLID(#1486,#1490,#1491,3.);
#1493=IFCSHAPEREPRESENTATION(#11,'Body','SweptSolid',(#1492));
#1494=IFCCARTESIANPOINTLIST2D(((0.,0.),(9.100000381469858,0.)));
#1495=IFCINDEXEDPOLYCURVE(#1494,$,$);
#1496=IFCSHAPEREPRESENTATION(#23,'Axis','Curve2D',(#1495));
#1510=IFCRELCONNECTSPATHELEMENTS('20WR6Yzf1C1ull80Y6Rh8i',$,$,$,$,#99,#503,(),(),.ATPATH.,.ATSTART.);
#1511=IFCCARTESIANPOINTLIST2D(((0.10000085594004418,0.),(0.099587106327999247,0.10000000000000001),(3.990000172675193,0.10000000000000001),(3.990000172675193,0.)));
#1512=IFCINDEXEDPOLYCURVE(#1511,(IFCLINEINDEX((1,2,3,4,1))),$);
#1513=IFCARBITRARYCLOSEDPROFILEDEF(.AREA.,$,#1512);
#1514=IFCCARTESIANPOINT((0.,0.,0.));
#1515=IFCDIRECTION((0.,0.,1.));
#1516=IFCDIRECTION((1.,0.,0.));
#1517=IFCAXIS2PLACEMENT3D(#1514,#1515,#1516);
#1518=IFCDIRECTION((0.,0.,1.));
#1519=IFCEXTRUDEDAREASOLID(#1513,#1517,#1518,3.);
#1520=IFCSHAPEREPRESENTATION(#11,'Body','SweptSolid',(#1519));
#1521=IFCCARTESIANPOINTLIST2D(((0.,0.),(3.990000172675193,0.)));
#1522=IFCINDEXEDPOLYCURVE(#1521,$,$);
#1523=IFCSHAPEREPRESENTATION(#23,'Axis','Curve2D',(#1522));
#1524=IFCCARTESIANPOINTLIST2D(((0.,0.),(0.,0.10000000000000001),(2.4900220675021578,0.10000000000000001),(2.4900220675021578,0.)));
#1525=IFCINDEXEDPOLYCURVE(#1524,(IFCLINEINDEX((1,2,3,4,1))),$);
#1526=IFCARBITRARYCLOSEDPROFILEDEF(.AREA.,$,#1525);
#1527=IFCCARTESIANPOINT((0.,0.,0.));
#1528=IFCDIRECTION((0.,0.,1.));
#1529=IFCDIRECTION((1.,0.,0.));
#1530=IFCAXIS2PLACEMENT3D(#1527,#1528,#1529);
#1531=IFCDIRECTION((0.,0.,1.));
#1532=IFCEXTRUDEDAREASOLID(#1526,#1530,#1531,3.);
#1533=IFCSHAPEREPRESENTATION(#11,'Body','SweptSolid',(#1532));
#1534=IFCCARTESIANPOINTLIST2D(((0.,0.),(2.4900220675021578,0.)));
#1535=IFCINDEXEDPOLYCURVE(#1534,$,$);
#1536=IFCSHAPEREPRESENTATION(#23,'Axis','Curve2D',(#1535));
#1537=IFCRELCONNECTSPATHELEMENTS('1cnZIDuKzF7xWWx$RWw7gU',$,$,$,$,#720,#695,(),(),.ATPATH.,.ATSTART.);
#1538=IFCCARTESIANPOINTLIST2D(((0.10000000000000257,0.),(0.10000002264937295,0.10000000000000001),(2.9996815527898684,0.10000000000000001),(2.9996815452400782,0.)));
#1539=IFCINDEXEDPOLYCURVE(#1538,(IFCLINEINDEX((1,2,3,4,1))),$);
#1540=IFCARBITRARYCLOSEDPROFILEDEF(.AREA.,$,#1539);
#1541=IFCCARTESIANPOINT((0.,0.,0.));
#1542=IFCDIRECTION((0.,0.,1.));
#1543=IFCDIRECTION((1.,0.,0.));
#1544=IFCAXIS2PLACEMENT3D(#1541,#1542,#1543);
#1545=IFCDIRECTION((0.,0.,1.));
#1546=IFCEXTRUDEDAREASOLID(#1540,#1544,#1545,3.);
#1547=IFCSHAPEREPRESENTATION(#11,'Body','SweptSolid',(#1546));
#1548=IFCCARTESIANPOINTLIST2D(((0.,0.),(3.0996815452400783,0.)));
#1549=IFCINDEXEDPOLYCURVE(#1548,$,$);
#1550=IFCSHAPEREPRESENTATION(#23,'Axis','Curve2D',(#1549));
#1551=IFCCARTESIANPOINTLIST2D(((0.,0.),(0.,0.10000000000000001),(2.6500001084059543,0.10000000000000001),(2.6500001084059543,0.)));
#1552=IFCINDEXEDPOLYCURVE(#1551,(IFCLINEINDEX((1,2,3,4,1))),$);
#1553=IFCARBITRARYCLOSEDPROFILEDEF(.AREA.,$,#1552);
#1554=IFCCARTESIANPOINT((0.,0.,0.));
#1555=IFCDIRECTION((0.,0.,1.));
#1556=IFCDIRECTION((1.,0.,0.));
#1557=IFCAXIS2PLACEMENT3D(#1554,#1555,#1556);
#1558=IFCDIRECTION((0.,0.,1.));
#1559=IFCEXTRUDEDAREASOLID(#1553,#1557,#1558,3.);
#1560=IFCSHAPEREPRESENTATION(#11,'Body','SweptSolid',(#1559));
#1561=IFCCARTESIANPOINTLIST2D(((0.,0.),(2.6500001084059543,0.)));
#1562=IFCINDEXEDPOLYCURVE(#1561,$,$);
#1563=IFCSHAPEREPRESENTATION(#23,'Axis','Curve2D',(#1562));
#1750=IFCRELCONNECTSPATHELEMENTS('0esY4SSN96PeVrIpmItxcG',$,$,$,$,#190,#215,(),(),.ATPATH.,.ATEND.);
#2091=IFCSLABTYPE('2mQTBkqZH1YOaJ9T9VCkOh',$,'Slab',$,$,(#2095),$,$,$,.FLOOR.);
#2092=IFCMATERIALLAYERSET((#2094),$,$);
#2093=IFCRELASSOCIATESMATERIAL('2_8az$u012Exkd6k2F5Tu6',$,$,$,(#2091),#2092);
#2094=IFCMATERIALLAYER(#93,0.10000000000000001,$,$,$,$,$);
#2095=IFCPROPERTYSET('2ZVII3Khj9WuIN5JMxM8$l',$,'EPset_Parametric',$,(#2096));
#2096=IFCPROPERTYSINGLEVALUE('LayerSetDirection',$,IFCLABEL('AXIS3'),$);
#2097=IFCSLAB('2zhb6IXh9CSvfVM6mgmhcd',$,'Slab',$,$,#2105,#2112,$,$);
#2098=IFCRELDEFINESBYTYPE('2b3VKL7Rr1Dg7TAnHG_rzr',$,$,$,(#2097,#7845,#6884,#12888),#2091);
#2099=IFCMATERIALLAYERSETUSAGE(#2092,.AXIS3.,.POSITIVE.,-0.10000000149011612,$);
#2100=IFCRELASSOCIATESMATERIAL('2tRlnV$2XDGBXfdte0TcIX',$,$,$,(#2097),#2099);
#2101=IFCCARTESIANPOINT((4.2174768447875977,-2.6000680923461914,0.));
#2102=IFCDIRECTION((0.,0.,1.));
#2103=IFCDIRECTION((1.,0.,0.));
#2104=IFCAXIS2PLACEMENT3D(#2101,#2102,#2103);
#2105=IFCLOCALPLACEMENT(#91,#2104);
#2106=IFCCARTESIANPOINTLIST2D(((0.,0.),(1.9073486328125E-06,9.1000003814697266),(-3.449998140335083,9.1000003814697266),(-3.4499979019165039,7.6400003433227539),(-6.9999980926513672,7.6400017738342285),(-6.9999971389770508,2.4900007247924805),(-4.0003023147583008,2.4900007247924805),(-3.9900007247924805,0.),(0.,0.)));
#2107=IFCINDEXEDPOLYCURVE(#2106,$,$);
#2108=IFCDIRECTION((0.,0.,1.));
#2109=IFCARBITRARYCLOSEDPROFILEDEF(.AREA.,$,#2107);
#2110=IFCEXTRUDEDAREASOLID(#2109,#2119,#2108,0.10000000000000001);
#2111=IFCSHAPEREPRESENTATION(#11,'Body','SweptSolid',(#2110));
#2112=IFCPRODUCTDEFINITIONSHAPE($,$,(#2111));
#2113=IFCPROPERTYSET('35Krs$XTrEH9$1h78OSerM',$,'EPset_Parametric',$,(#2115));
#2114=IFCRELDEFINESBYPROPERTIES('2rkHrjduD7pgvTAO1Zg2sx',$,$,$,(#2097),#2113);
#2115=IFCPROPERTYSINGLEVALUE('Engine',$,IFCLABEL('Bonsai.DumbLayer3'),$);
#2116=IFCCARTESIANPOINT((-0.,-0.,-0.10000000149011612));
#2117=IFCDIRECTION((0.,0.,1.));
#2118=IFCDIRECTION((1.,0.,0.));
#2119=IFCAXIS2PLACEMENT3D(#2116,#2117,#2118);
#2120=IFCDOORTYPE('1qlXCg3Nn9kQxeQlQrw4m_',$,'Main-GF',$,$,(#2121),(#2130,#2208,#2227),$,$,.DOOR.,.SINGLE_SWING_LEFT.,$,$);
#2121=IFCPROPERTYSET('0EKhfPl6v4TOc0tcET_1eB',$,'BBIM_Door',$,(#2122));
#2122=IFCPROPERTYSINGLEVALUE('Data',$,IFCTEXT('{"door_type": "SINGLE_SWING_LEFT", "overall_height": 2.09596586227417, "overall_width": 0.8999999761581421, "lining_properties": {"lining_depth": 0.05000000074505806, "lining_thickness": 0.05000000074505806, "lining_offset": 0.0, "lining_to_panel_offset_x": 0.02500000037252903, "lining_to_panel_offset_y": 0.02500000037252903, "transom_thickness": 0.0, "casing_thickness": 0.0, "threshold_thickness": 0.02500000037252903, "threshold_depth": 0.10000000149011612, "threshold_offset": 0.0}, "panel_properties": {"panel_depth": 0.03500000014901161, "panel_width_ratio": 1.0}}'),$);
#2126=IFCCARTESIANPOINT((0.,0.,0.));
#2127=IFCDIRECTION((1.,0.,0.));
#2128=IFCDIRECTION((0.,0.,1.));
#2129=IFCAXIS2PLACEMENT3D(#2126,#2128,#2127);
#2130=IFCREPRESENTATIONMAP(#2129,#2639);
#2204=IFCCARTESIANPOINT((0.,0.,0.));
#2205=IFCDIRECTION((1.,0.,0.));
#2206=IFCDIRECTION((0.,0.,1.));
#2207=IFCAXIS2PLACEMENT3D(#2204,#2206,#2205);
#2208=IFCREPRESENTATIONMAP(#2207,#2694);
#2223=IFCCARTESIANPOINT((0.,0.,0.));
#2224=IFCDIRECTION((1.,0.,0.));
#2225=IFCDIRECTION((0.,0.,1.));
#2226=IFCAXIS2PLACEMENT3D(#2223,#2225,#2224);
#2227=IFCREPRESENTATIONMAP(#2226,#2708);
#2358=IFCDOOR('1PdZCee7zDJQFDxbdgEukR',$,'Door',$,$,#2733,#2367,$,2.0959658622741699,0.89999997615814209,$,.SINGLE_SWING_LEFT.,$);
#2359=IFCRELDEFINESBYTYPE('0JGNbDLO1D0APl8OaviqS8',$,$,$,(#2358),#2120);
#2360=IFCCARTESIANPOINT((0.,0.,0.));
#2361=IFCDIRECTION((1.,0.,0.));
#2362=IFCDIRECTION((0.,1.,0.));
#2363=IFCDIRECTION((0.,0.,1.));
#2364=IFCCARTESIANTRANSFORMATIONOPERATOR3D(#2361,#2362,#2360,1.,#2363);
#2365=IFCMAPPEDITEM(#2130,#2364);
#2366=IFCSHAPEREPRESENTATION(#18,'Profile','MappedRepresentation',(#2365));
#2367=IFCPRODUCTDEFINITIONSHAPE($,$,(#2366,#2374,#2381));
#2368=IFCCARTESIANPOINT((0.,0.,0.));
#2369=IFCDIRECTION((1.,0.,0.));
#2370=IFCDIRECTION((0.,1.,0.));
#2371=IFCDIRECTION((0.,0.,1.));
#2372=IFCCARTESIANTRANSFORMATIONOPERATOR3D(#2369,#2370,#2368,1.,#2371);
#2373=IFCMAPPEDITEM(#2208,#2372);
#2374=IFCSHAPEREPRESENTATION(#11,'Body','MappedRepresentation',(#2373));
#2375=IFCCARTESIANPOINT((0.,0.,0.));
#2376=IFCDIRECTION((1.,0.,0.));
#2377=IFCDIRECTION((0.,1.,0.));
#2378=IFCDIRECTION((0.,0.,1.));
#2379=IFCCARTESIANTRANSFORMATIONOPERATOR3D(#2376,#2377,#2375,1.,#2378);
#2380=IFCMAPPEDITEM(#2227,#2379);
#2381=IFCSHAPEREPRESENTATION(#24,'Body','MappedRepresentation',(#2380));
#2382=IFCOPENINGELEMENT('331JTedcP5gQBKv4SViyuq',$,'Opening',$,$,#2728,#2410,$,.OPENING.);
#2398=IFCCARTESIANPOINT((0.,0.,0.));
#2399=IFCDIRECTION((1.,0.,0.));
#2400=IFCDIRECTION((0.,0.,1.));
#2401=IFCAXIS2PLACEMENT3D(#2398,#2400,#2399);
#2402=IFCREPRESENTATIONMAP(#2401,#2718);
#2403=IFCCARTESIANPOINT((0.,0.,0.));
#2404=IFCDIRECTION((1.,0.,0.));
#2405=IFCDIRECTION((0.,1.,0.));
#2406=IFCDIRECTION((0.,0.,1.));
#2407=IFCCARTESIANTRANSFORMATIONOPERATOR3D(#2404,#2405,#2403,1.,#2406);
#2408=IFCMAPPEDITEM(#2402,#2407);
#2409=IFCSHAPEREPRESENTATION(#11,'Body','MappedRepresentation',(#2408));
#2410=IFCPRODUCTDEFINITIONSHAPE($,$,(#2409));
#2411=IFCRELVOIDSELEMENT('1pYLJzUk93Yf_SVt2SjEFB',$,$,$,#99,#2382);
#2417=IFCRELFILLSELEMENT('3R4BeCjab25g2YStV8V10O',$,$,$,#2382,#2358);
#2441=IFCCARTESIANPOINTLIST2D(((0.,0.),(0.,2.),(0.89999997615814209,2.),(0.89999997615814209,0.),(0.87499997578561306,0.),(0.87499997578561306,1.974999999627471),(0.02500000037252903,1.974999999627471),(0.02500000037252903,0.)));
#2442=IFCINDEXEDPOLYCURVE(#2441,(IFCLINEINDEX((1,2,3,4,5,6,7,8,1))),$);
#2443=IFCARBITRARYCLOSEDPROFILEDEF(.AREA.,$,#2442);
#2444=IFCCARTESIANPOINT((0.,0.02500000037252903,0.));
#2445=IFCDIRECTION((0.,-1.,0.));
#2446=IFCDIRECTION((1.,0.,0.));
#2447=IFCAXIS2PLACEMENT3D(#2444,#2445,#2446);
#2448=IFCDIRECTION((0.,0.,-1.));
#2449=IFCEXTRUDEDAREASOLID(#2443,#2447,#2448,0.02500000037252903);
#2450=IFCCARTESIANPOINTLIST2D(((0.,0.),(0.,2.),(0.89999997615814209,2.),(0.89999997615814209,0.),(0.84999997541308403,0.),(0.84999997541308403,1.9499999992549419),(0.05000000074505806,1.9499999992549419),(0.05000000074505806,0.)));
#2451=IFCINDEXEDPOLYCURVE(#2450,(IFCLINEINDEX((1,2,3,4,5,6,7,8,1))),$);
#2452=IFCARBITRARYCLOSEDPROFILEDEF(.AREA.,$,#2451);
#2453=IFCCARTESIANPOINT((0.,0.,0.));
#2454=IFCDIRECTION((0.,-1.,0.));
#2455=IFCDIRECTION((1.,0.,0.));
#2456=IFCAXIS2PLACEMENT3D(#2453,#2454,#2455);
#2457=IFCDIRECTION((0.,0.,-1.));
#2458=IFCEXTRUDEDAREASOLID(#2452,#2456,#2457,0.02500000037252903);
#2459=IFCCARTESIANPOINTLIST2D(((0.,0.),(0.79999997466802597,0.),(0.79999997466802597,0.10000000149011612),(0.,0.10000000149011612)));
#2460=IFCINDEXEDPOLYCURVE(#2459,(IFCLINEINDEX((1,2,3,4,1))),$);
#2461=IFCARBITRARYCLOSEDPROFILEDEF(.AREA.,$,#2460);
#2462=IFCCARTESIANPOINT((0.05000000074505806,0.,0.));
#2463=IFCDIRECTION((0.,0.,1.));
#2464=IFCDIRECTION((1.,0.,0.));
#2465=IFCAXIS2PLACEMENT3D(#2462,#2463,#2464);
#2466=IFCDIRECTION((0.,0.,1.));
#2467=IFCEXTRUDEDAREASOLID(#2461,#2465,#2466,0.02500000037252903);
#2468=IFCCARTESIANPOINTLIST2D(((0.,0.),(0.84999997541308403,0.),(0.84999997541308403,0.035000000149011612),(0.,0.035000000149011612)));
#2469=IFCINDEXEDPOLYCURVE(#2468,(IFCLINEINDEX((1,2,3,4,1))),$);
#2470=IFCARBITRARYCLOSEDPROFILEDEF(.AREA.,$,#2469);
#2471=IFCCARTESIANPOINT((0.02500000037252903,0.02500000037252903,0.02500000037252903));
#2472=IFCDIRECTION((0.,0.,1.));
#2473=IFCDIRECTION((1.,0.,0.));
#2474=IFCAXIS2PLACEMENT3D(#2471,#2472,#2473);
#2475=IFCDIRECTION((0.,0.,1.));
#2476=IFCEXTRUDEDAREASOLID(#2470,#2474,#2475,1.9499999992549419);
#2477=IFCCARTESIANPOINTLIST2D(((0.,0.),(0.,-0.040000000000000001),(-0.11999999999999988,-0.040000000000000001),(-0.11999999999999988,-0.02),(-0.020000000000000018,-0.02),(-0.020000000000000018,0.)));
#2478=IFCINDEXEDPOLYCURVE(#2477,(IFCLINEINDEX((1,2,3,4,5,6,1))),$);
#2479=IFCARBITRARYCLOSEDPROFILEDEF(.AREA.,$,#2478);
#2480=IFCCARTESIANPOINT((0.82499997578561302,0.02500000037252903,1.015000000372529));
#2481=IFCDIRECTION((0.,0.,1.));
#2482=IFCDIRECTION((1.,0.,0.));
#2483=IFCAXIS2PLACEMENT3D(#2480,#2481,#2482);
#2484=IFCDIRECTION((0.,0.,1.));
#2485=IFCEXTRUDEDAREASOLID(#2479,#2483,#2484,0.02);
#2486=IFCEXTRUDEDAREASOLID(#2487,#2490,#2494,0.02);
#2487=IFCARBITRARYCLOSEDPROFILEDEF(.AREA.,$,#2488);
#2488=IFCINDEXEDPOLYCURVE(#2489,(IFCLINEINDEX((1,2,3,4,5,6,1))),$);
#2489=IFCCARTESIANPOINTLIST2D(((0.,0.),(0.,0.040000000000000008),(-0.11999999999999988,0.040000000000000008),(-0.11999999999999988,0.020000000000000004),(-0.020000000000000018,0.020000000000000004),(-0.020000000000000018,0.)));
#2490=IFCAXIS2PLACEMENT3D(#2491,#2492,#2493);
#2491=IFCCARTESIANPOINT((0.82499997578561302,0.060000000521540642,1.015000000372529));
#2492=IFCDIRECTION((0.,0.,1.));
#2493=IFCDIRECTION((1.,0.,0.));
#2494=IFCDIRECTION((0.,0.,1.));
#2496=IFCSHAPEREPRESENTATION(#11,'Body','SweptSolid',(#2467,#2648,#2666,#2458,#2657,#2449));
#2497=IFCSHAPEASPECT((#2496),'Lining',$,.T.,#2367);
#2498=IFCSHAPEREPRESENTATION(#11,'Body','SweptSolid',(#2675,#2684,#2685,#2485,#2486,#2476));
#2499=IFCSHAPEASPECT((#2498),'Framing',$,.T.,#2367);
#2637=IFCCARTESIANPOINTLIST3D(((0.,0.,0.),(0.89999997615814209,0.,0.),(0.89999997615814209,0.,2.0959658622741699),(0.,0.,2.0959658622741699)));
#2638=IFCINDEXEDPOLYCURVE(#2637,(IFCLINEINDEX((1,2,3,4,1))),$);
#2639=IFCSHAPEREPRESENTATION(#18,'Profile','Curve3D',(#2638));
#2640=IFCCARTESIANPOINTLIST2D(((0.,0.),(0.,2.0959658622741699),(0.89999997615814209,2.0959658622741699),(0.89999997615814209,0.),(0.87499997578561306,0.),(0.87499997578561306,2.0709658619016409),(0.02500000037252903,2.0709658619016409),(0.02500000037252903,0.)));
#2641=IFCINDEXEDPOLYCURVE(#2640,(IFCLINEINDEX((1,2,3,4,5,6,7,8,1))),$);
#2642=IFCARBITRARYCLOSEDPROFILEDEF(.AREA.,$,#2641);
#2643=IFCCARTESIANPOINT((0.,0.02500000037252903,0.));
#2644=IFCDIRECTION((0.,-1.,0.));
#2645=IFCDIRECTION((1.,0.,0.));
#2646=IFCAXIS2PLACEMENT3D(#2643,#2644,#2645);
#2647=IFCDIRECTION((0.,0.,-1.));
#2648=IFCEXTRUDEDAREASOLID(#2642,#2646,#2647,0.02500000037252903);
#2649=IFCCARTESIANPOINTLIST2D(((0.,0.),(0.,2.0959658622741699),(0.89999997615814209,2.0959658622741699),(0.89999997615814209,0.),(0.84999997541308403,0.),(0.84999997541308403,2.0459658615291119),(0.05000000074505806,2.0459658615291119),(0.05000000074505806,0.)));
#2650=IFCINDEXEDPOLYCURVE(#2649,(IFCLINEINDEX((1,2,3,4,5,6,7,8,1))),$);
#2651=IFCARBITRARYCLOSEDPROFILEDEF(.AREA.,$,#2650);
#2652=IFCCARTESIANPOINT((0.,0.,0.));
#2653=IFCDIRECTION((0.,-1.,0.));
#2654=IFCDIRECTION((1.,0.,0.));
#2655=IFCAXIS2PLACEMENT3D(#2652,#2653,#2654);
#2656=IFCDIRECTION((0.,0.,-1.));
#2657=IFCEXTRUDEDAREASOLID(#2651,#2655,#2656,0.02500000037252903);
#2658=IFCCARTESIANPOINTLIST2D(((0.,0.),(0.79999997466802597,0.),(0.79999997466802597,0.10000000149011612),(0.,0.10000000149011612)));
#2659=IFCINDEXEDPOLYCURVE(#2658,(IFCLINEINDEX((1,2,3,4,1))),$);
#2660=IFCARBITRARYCLOSEDPROFILEDEF(.AREA.,$,#2659);
#2661=IFCCARTESIANPOINT((0.05000000074505806,0.,0.));
#2662=IFCDIRECTION((0.,0.,1.));
#2663=IFCDIRECTION((1.,0.,0.));
#2664=IFCAXIS2PLACEMENT3D(#2661,#2662,#2663);
#2665=IFCDIRECTION((0.,0.,1.));
#2666=IFCEXTRUDEDAREASOLID(#2660,#2664,#2665,0.02500000037252903);
#2667=IFCCARTESIANPOINTLIST2D(((0.,0.),(0.84999997541308403,0.),(0.84999997541308403,0.035000000149011612),(0.,0.035000000149011612)));
#2668=IFCINDEXEDPOLYCURVE(#2667,(IFCLINEINDEX((1,2,3,4,1))),$);
#2669=IFCARBITRARYCLOSEDPROFILEDEF(.AREA.,$,#2668);
#2670=IFCCARTESIANPOINT((0.02500000037252903,0.02500000037252903,0.02500000037252903));
#2671=IFCDIRECTION((0.,0.,1.));
#2672=IFCDIRECTION((1.,0.,0.));
#2673=IFCAXIS2PLACEMENT3D(#2670,#2671,#2672);
#2674=IFCDIRECTION((0.,0.,1.));
#2675=IFCEXTRUDEDAREASOLID(#2669,#2673,#2674,2.0459658615291119);
#2676=IFCCARTESIANPOINTLIST2D(((0.,0.),(0.,-0.040000000000000001),(-0.11999999999999988,-0.040000000000000001),(-0.11999999999999988,-0.02),(-0.020000000000000018,-0.02),(-0.020000000000000018,0.)));
#2677=IFCINDEXEDPOLYCURVE(#2676,(IFCLINEINDEX((1,2,3,4,5,6,1))),$);
#2678=IFCARBITRARYCLOSEDPROFILEDEF(.AREA.,$,#2677);
#2679=IFCCARTESIANPOINT((0.82499997578561302,0.02500000037252903,1.015000000372529));
#2680=IFCDIRECTION((0.,0.,1.));
#2681=IFCDIRECTION((1.,0.,0.));
#2682=IFCAXIS2PLACEMENT3D(#2679,#2680,#2681);
#2683=IFCDIRECTION((0.,0.,1.));
#2684=IFCEXTRUDEDAREASOLID(#2678,#2682,#2683,0.02);
#2685=IFCEXTRUDEDAREASOLID(#2686,#2689,#2693,0.02);
#2686=IFCARBITRARYCLOSEDPROFILEDEF(.AREA.,$,#2687);
#2687=IFCINDEXEDPOLYCURVE(#2688,(IFCLINEINDEX((1,2,3,4,5,6,1))),$);
#2688=IFCCARTESIANPOINTLIST2D(((0.,0.),(0.,0.040000000000000008),(-0.11999999999999988,0.040000000000000008),(-0.11999999999999988,0.020000000000000004),(-0.020000000000000018,0.020000000000000004),(-0.020000000000000018,0.)));
#2689=IFCAXIS2PLACEMENT3D(#2690,#2691,#2692);
#2690=IFCCARTESIANPOINT((0.82499997578561302,0.060000000521540642,1.015000000372529));
#2691=IFCDIRECTION((0.,0.,1.));
#2692=IFCDIRECTION((1.,0.,0.));
#2693=IFCDIRECTION((0.,0.,1.));
#2694=IFCSHAPEREPRESENTATION(#11,'Body','SweptSolid',(#2648,#2657,#2675,#2684,#2685,#2666));
#2695=IFCCARTESIANPOINTLIST2D(((0.,0.),(0.,0.05000000074505806),(0.02500000037252903,0.05000000074505806),(0.02500000037252903,0.02500000037252903),(0.05000000074505806,0.02500000037252903),(0.05000000074505806,0.)));
#2696=IFCINDEXEDPOLYCURVE(#2695,(IFCLINEINDEX((1,2,3,4,5,6,1))),$);
#2697=IFCINDEXEDPOLYCURVE(#2698,(IFCLINEINDEX((1,2,3,4,5,6,1))),$);
#2698=IFCCARTESIANPOINTLIST2D(((0.89999997615814209,0.),(0.89999997615814209,0.05000000074505806),(0.87499997578561306,0.05000000074505806),(0.87499997578561306,0.02500000037252903),(0.84999997541308403,0.02500000037252903),(0.84999997541308403,0.)));
#2699=IFCDIRECTION((1.,0.));
#2700=IFCCARTESIANPOINT((0.060000000521540642,0.05000000074505806));
#2701=IFCAXIS2PLACEMENT2D(#2700,#2699);
#2702=IFCELLIPSE(#2701,0.81499997526407242,0.84999997541308403);
#2703=IFCCARTESIANPOINT((0.87499997578561306,0.05000000074505806));
#2704=IFCCARTESIANPOINT((0.060000000521540642,0.89999997615814209));
#2705=IFCTRIMMEDCURVE(#2702,(#2703),(#2704),.T.,.CARTESIAN.);
#2706=IFCCARTESIANPOINTLIST2D(((0.02500000037252903,0.05000000074505806),(0.060000000521540642,0.05000000074505806),(0.060000000521540642,0.89999997615814209),(0.02500000037252903,0.89999997615814209)));
#2707=IFCINDEXEDPOLYCURVE(#2706,(IFCLINEINDEX((1,2,3,4,1))),$);
#2708=IFCSHAPEREPRESENTATION(#24,'Body','Curve2D',(#2696,#2697,#2705,#2707));
#2709=IFCCARTESIANPOINTLIST2D(((0.,0.),(0.89999997615814209,0.),(0.89999997615814209,2.0959658622741699),(0.,2.0959658622741699)));
#2710=IFCINDEXEDPOLYCURVE(#2709,(IFCLINEINDEX((1,2,3,4,1))),$);
#2711=IFCARBITRARYCLOSEDPROFILEDEF(.AREA.,$,#2710);
#2712=IFCCARTESIANPOINT((0.,-0.60000002384185791,0.));
#2713=IFCDIRECTION((0.,-1.,0.));
#2714=IFCDIRECTION((1.,0.,0.));
#2715=IFCAXIS2PLACEMENT3D(#2712,#2713,#2714);
#2716=IFCDIRECTION((0.,0.,-1.));
#2717=IFCEXTRUDEDAREASOLID(#2711,#2715,#2716,1.2);
#2718=IFCSHAPEREPRESENTATION(#11,'Body','SweptSolid',(#2717));
#2724=IFCCARTESIANPOINT((0.34921018428023537,4.76837158203125E-07,0.));
#2725=IFCDIRECTION((0.,0.,1.));
#2726=IFCDIRECTION((0.99999999999997158,-2.3841857910155572E-07,0.));
#2727=IFCAXIS2PLACEMENT3D(#2724,#2725,#2726);
#2728=IFCLOCALPLACEMENT(#1442,#2727);
#2729=IFCCARTESIANPOINT((-2.2204460492503131E-16,0.,0.));
#2730=IFCDIRECTION((0.,0.,1.));
#2731=IFCDIRECTION((1.,0.,0.));
#2732=IFCAXIS2PLACEMENT3D(#2729,#2730,#2731);
#2733=IFCLOCALPLACEMENT(#2728,#2732);
#2734=IFCDOORTYPE('1i2CnGVZLA$fYt4o2h7_10',$,'Guest-GF',$,$,(#2735),(#2737,#2745,#2805),$,$,.DOOR.,.SINGLE_SWING_LEFT.,$,$);
#2735=IFCPROPERTYSET('20LrH6bKz6MwmykpdPLwlY',$,'BBIM_Door',$,(#2736));
#2736=IFCPROPERTYSINGLEVALUE('Data',$,IFCTEXT('{"door_type": "SINGLE_SWING_LEFT", "overall_height": 2.09596586227417, "overall_width": 0.8999999761581421, "lining_properties": {"lining_depth": 0.05000000074505806, "lining_thickness": 0.05000000074505806, "lining_offset": 0.0, "lining_to_panel_offset_x": 0.02500000037252903, "lining_to_panel_offset_y": 0.02500000037252903, "transom_thickness": 0.0, "casing_thickness": 0.0, "threshold_thickness": 0.02500000037252903, "threshold_depth": 0.10000000149011612, "threshold_offset": 0.0}, "panel_properties": {"panel_depth": 0.03500000014901161, "panel_width_ratio": 1.0}}'),$);
#2737=IFCREPRESENTATIONMAP(#2738,#3179);
#2738=IFCAXIS2PLACEMENT3D(#2739,#2740,#2741);
#2739=IFCCARTESIANPOINT((0.,0.,0.));
#2740=IFCDIRECTION((0.,0.,1.));
#2741=IFCDIRECTION((1.,0.,0.));
#2745=IFCREPRESENTATIONMAP(#2746,#3234);
#2746=IFCAXIS2PLACEMENT3D(#2747,#2748,#2749);
#2747=IFCCARTESIANPOINT((0.,0.,0.));
#2748=IFCDIRECTION((0.,0.,1.));
#2749=IFCDIRECTION((1.,0.,0.));
#2805=IFCREPRESENTATIONMAP(#2806,#3248);
#2806=IFCAXIS2PLACEMENT3D(#2807,#2808,#2809);
#2807=IFCCARTESIANPOINT((0.,0.,0.));
#2808=IFCDIRECTION((0.,0.,1.));
#2809=IFCDIRECTION((1.,0.,0.));
#2824=IFCDOOR('21Q0DE3gv5YeV1mUmpLkzE',$,'Door',$,$,#3273,#2833,$,2.0959658622741699,0.89999997615814209,$,.SINGLE_SWING_LEFT.,$);
#2825=IFCRELDEFINESBYTYPE('0dA$rTDkT6xhpIdm4J$aOw',$,$,$,(#2824),#2734);
#2826=IFCCARTESIANPOINT((0.,0.,0.));
#2827=IFCDIRECTION((1.,0.,0.));
#2828=IFCDIRECTION((0.,1.,0.));
#2829=IFCDIRECTION((0.,0.,1.));
#2830=IFCCARTESIANTRANSFORMATIONOPERATOR3D(#2827,#2828,#2826,1.,#2829);
#2831=IFCMAPPEDITEM(#2737,#2830);
#2832=IFCSHAPEREPRESENTATION(#18,'Profile','MappedRepresentation',(#2831));
#2833=IFCPRODUCTDEFINITIONSHAPE($,$,(#2832,#2840,#2847));
#2834=IFCCARTESIANPOINT((0.,0.,0.));
#2835=IFCDIRECTION((1.,0.,0.));
#2836=IFCDIRECTION((0.,1.,0.));
#2837=IFCDIRECTION((0.,0.,1.));
#2838=IFCCARTESIANTRANSFORMATIONOPERATOR3D(#2835,#2836,#2834,1.,#2837);
#2839=IFCMAPPEDITEM(#2745,#2838);
#2840=IFCSHAPEREPRESENTATION(#11,'Body','MappedRepresentation',(#2839));
#2841=IFCCARTESIANPOINT((0.,0.,0.));
#2842=IFCDIRECTION((1.,0.,0.));
#2843=IFCDIRECTION((0.,1.,0.));
#2844=IFCDIRECTION((0.,0.,1.));
#2845=IFCCARTESIANTRANSFORMATIONOPERATOR3D(#2842,#2843,#2841,1.,#2844);
#2846=IFCMAPPEDITEM(#2805,#2845);
#2847=IFCSHAPEREPRESENTATION(#24,'Body','MappedRepresentation',(#2846));
#2848=IFCOPENINGELEMENT('0s3V93la90EOwvwChDbfLn',$,'Opening',$,$,#3268,#2876,$,.OPENING.);
#2864=IFCCARTESIANPOINT((0.,0.,0.));
#2865=IFCDIRECTION((1.,0.,0.));
#2866=IFCDIRECTION((0.,0.,1.));
#2867=IFCAXIS2PLACEMENT3D(#2864,#2866,#2865);
#2868=IFCREPRESENTATIONMAP(#2867,#3258);
#2869=IFCCARTESIANPOINT((0.,0.,0.));
#2870=IFCDIRECTION((1.,0.,0.));
#2871=IFCDIRECTION((0.,1.,0.));
#2872=IFCDIRECTION((0.,0.,1.));
#2873=IFCCARTESIANTRANSFORMATIONOPERATOR3D(#2870,#2871,#2869,1.,#2872);
#2874=IFCMAPPEDITEM(#2868,#2873);
#2875=IFCSHAPEREPRESENTATION(#11,'Body','MappedRepresentation',(#2874));
#2876=IFCPRODUCTDEFINITIONSHAPE($,$,(#2875));
#2877=IFCRELVOIDSELEMENT('18mTLzvFn04Ao29JvhAYt8',$,$,$,#695,#2848);
#2883=IFCRELFILLSELEMENT('1yPaejIQH8ABHbxCnsYaKy',$,$,$,#2848,#2824);
#2937=IFCCARTESIANPOINTLIST2D(((0.,0.),(0.,2.0959658622741699),(0.89999997615814209,2.0959658622741699),(0.89999997615814209,0.),(0.87499997578561306,0.),(0.87499997578561306,2.0709658619016409),(0.02500000037252903,2.0709658619016409),(0.02500000037252903,0.)));
#2938=IFCINDEXEDPOLYCURVE(#2937,(IFCLINEINDEX((1,2,3,4,5,6,7,8,1))),$);
#2939=IFCARBITRARYCLOSEDPROFILEDEF(.AREA.,$,#2938);
#2940=IFCCARTESIANPOINT((0.,0.02500000037252903,0.));
#2941=IFCDIRECTION((0.,-1.,0.));
#2942=IFCDIRECTION((1.,0.,0.));
#2943=IFCAXIS2PLACEMENT3D(#2940,#2941,#2942);
#2944=IFCDIRECTION((0.,0.,-1.));
#2945=IFCEXTRUDEDAREASOLID(#2939,#2943,#2944,0.02500000037252903);
#2946=IFCCARTESIANPOINTLIST2D(((0.,0.),(0.,2.0959658622741699),(0.89999997615814209,2.0959658622741699),(0.89999997615814209,0.),(0.84999997541308403,0.),(0.84999997541308403,2.0459658615291119),(0.05000000074505806,2.0459658615291119),(0.05000000074505806,0.)));
#2947=IFCINDEXEDPOLYCURVE(#2946,(IFCLINEINDEX((1,2,3,4,5,6,7,8,1))),$);
#2948=IFCARBITRARYCLOSEDPROFILEDEF(.AREA.,$,#2947);
#2949=IFCCARTESIANPOINT((0.,0.,0.));
#2950=IFCDIRECTION((0.,-1.,0.));
#2951=IFCDIRECTION((1.,0.,0.));
#2952=IFCAXIS2PLACEMENT3D(#2949,#2950,#2951);
#2953=IFCDIRECTION((0.,0.,-1.));
#2954=IFCEXTRUDEDAREASOLID(#2948,#2952,#2953,0.02500000037252903);
#2955=IFCCARTESIANPOINTLIST2D(((0.,0.),(0.79999997466802597,0.),(0.79999997466802597,0.10000000149011612),(0.,0.10000000149011612)));
#2956=IFCINDEXEDPOLYCURVE(#2955,(IFCLINEINDEX((1,2,3,4,1))),$);
#2957=IFCARBITRARYCLOSEDPROFILEDEF(.AREA.,$,#2956);
#2958=IFCCARTESIANPOINT((0.05000000074505806,0.,0.));
#2959=IFCDIRECTION((0.,0.,1.));
#2960=IFCDIRECTION((1.,0.,0.));
#2961=IFCAXIS2PLACEMENT3D(#2958,#2959,#2960);
#2962=IFCDIRECTION((0.,0.,1.));
#2963=IFCEXTRUDEDAREASOLID(#2957,#2961,#2962,0.02500000037252903);
#2964=IFCCARTESIANPOINTLIST2D(((0.,0.),(0.84999997541308403,0.),(0.84999997541308403,0.035000000149011612),(0.,0.035000000149011612)));
#2965=IFCINDEXEDPOLYCURVE(#2964,(IFCLINEINDEX((1,2,3,4,1))),$);
#2966=IFCARBITRARYCLOSEDPROFILEDEF(.AREA.,$,#2965);
#2967=IFCCARTESIANPOINT((0.02500000037252903,0.02500000037252903,0.02500000037252903));
#2968=IFCDIRECTION((0.,0.,1.));
#2969=IFCDIRECTION((1.,0.,0.));
#2970=IFCAXIS2PLACEMENT3D(#2967,#2968,#2969);
#2971=IFCDIRECTION((0.,0.,1.));
#2972=IFCEXTRUDEDAREASOLID(#2966,#2970,#2971,2.0459658615291119);
#2973=IFCCARTESIANPOINTLIST2D(((0.,0.),(0.,-0.040000000000000001),(0.12,-0.040000000000000001),(0.12,-0.02),(0.02,-0.02),(0.02,0.)));
#2974=IFCINDEXEDPOLYCURVE(#2973,(IFCLINEINDEX((1,2,3,4,5,6,1))),$);
#2975=IFCARBITRARYCLOSEDPROFILEDEF(.AREA.,$,#2974);
#2976=IFCCARTESIANPOINT((0.075000000372529033,0.02500000037252903,1.015000000372529));
#2977=IFCDIRECTION((0.,0.,1.));
#2978=IFCDIRECTION((1.,0.,0.));
#2979=IFCAXIS2PLACEMENT3D(#2976,#2977,#2978);
#2980=IFCDIRECTION((0.,0.,1.));
#2981=IFCEXTRUDEDAREASOLID(#2975,#2979,#2980,0.02);
#2982=IFCEXTRUDEDAREASOLID(#2983,#2986,#2990,0.02);
#2983=IFCARBITRARYCLOSEDPROFILEDEF(.AREA.,$,#2984);
#2984=IFCINDEXEDPOLYCURVE(#2985,(IFCLINEINDEX((1,2,3,4,5,6,1))),$);
#2985=IFCCARTESIANPOINTLIST2D(((0.,0.),(0.,0.040000000000000008),(0.11999999999999998,0.040000000000000008),(0.11999999999999998,0.020000000000000004),(0.020000000000000004,0.020000000000000004),(0.020000000000000004,0.)));
#2986=IFCAXIS2PLACEMENT3D(#2987,#2988,#2989);
#2987=IFCCARTESIANPOINT((0.075000000372529033,0.060000000521540642,1.015000000372529));
#2988=IFCDIRECTION((0.,0.,1.));
#2989=IFCDIRECTION((1.,0.,0.));
#2990=IFCDIRECTION((0.,0.,1.));
#2992=IFCSHAPEREPRESENTATION(#11,'Body','SweptSolid',(#3206,#3109,#2963,#3197,#3100,#2954,#3188,#3091,#2945));
#2993=IFCSHAPEASPECT((#2992),'Lining',$,.T.,#2833);
#2994=IFCSHAPEREPRESENTATION(#11,'Body','SweptSolid',(#2981,#3128,#2982,#3224,#2972,#3225,#3215,#3127,#3118));
#2995=IFCSHAPEASPECT((#2994),'Framing',$,.T.,#2833);
#3083=IFCCARTESIANPOINTLIST2D(((0.,0.),(0.,2.0959658622741699),(0.89999997615814209,2.0959658622741699),(0.89999997615814209,0.),(0.87499997578561306,0.),(0.87499997578561306,2.0709658619016409),(0.02500000037252903,2.0709658619016409),(0.02500000037252903,0.)));
#3084=IFCINDEXEDPOLYCURVE(#3083,(IFCLINEINDEX((1,2,3,4,5,6,7,8,1))),$);
#3085=IFCARBITRARYCLOSEDPROFILEDEF(.AREA.,$,#3084);
#3086=IFCCARTESIANPOINT((0.,0.02500000037252903,0.));
#3087=IFCDIRECTION((0.,-1.,0.));
#3088=IFCDIRECTION((1.,0.,0.));
#3089=IFCAXIS2PLACEMENT3D(#3086,#3087,#3088);
#3090=IFCDIRECTION((0.,0.,-1.));
#3091=IFCEXTRUDEDAREASOLID(#3085,#3089,#3090,0.02500000037252903);
#3092=IFCCARTESIANPOINTLIST2D(((0.,0.),(0.,2.0959658622741699),(0.89999997615814209,2.0959658622741699),(0.89999997615814209,0.),(0.84999997541308403,0.),(0.84999997541308403,2.0459658615291119),(0.05000000074505806,2.0459658615291119),(0.05000000074505806,0.)));
#3093=IFCINDEXEDPOLYCURVE(#3092,(IFCLINEINDEX((1,2,3,4,5,6,7,8,1))),$);
#3094=IFCARBITRARYCLOSEDPROFILEDEF(.AREA.,$,#3093);
#3095=IFCCARTESIANPOINT((0.,0.,0.));
#3096=IFCDIRECTION((0.,-1.,0.));
#3097=IFCDIRECTION((1.,0.,0.));
#3098=IFCAXIS2PLACEMENT3D(#3095,#3096,#3097);
#3099=IFCDIRECTION((0.,0.,-1.));
#3100=IFCEXTRUDEDAREASOLID(#3094,#3098,#3099,0.02500000037252903);
#3101=IFCCARTESIANPOINTLIST2D(((0.,0.),(0.79999997466802597,0.),(0.79999997466802597,0.10000000149011612),(0.,0.10000000149011612)));
#3102=IFCINDEXEDPOLYCURVE(#3101,(IFCLINEINDEX((1,2,3,4,1))),$);
#3103=IFCARBITRARYCLOSEDPROFILEDEF(.AREA.,$,#3102);
#3104=IFCCARTESIANPOINT((0.05000000074505806,0.,0.));
#3105=IFCDIRECTION((0.,0.,1.));
#3106=IFCDIRECTION((1.,0.,0.));
#3107=IFCAXIS2PLACEMENT3D(#3104,#3105,#3106);
#3108=IFCDIRECTION((0.,0.,1.));
#3109=IFCEXTRUDEDAREASOLID(#3103,#3107,#3108,0.02500000037252903);
#3110=IFCCARTESIANPOINTLIST2D(((0.,0.),(0.84999997541308403,0.),(0.84999997541308403,0.035000000149011612),(0.,0.035000000149011612)));
#3111=IFCINDEXEDPOLYCURVE(#3110,(IFCLINEINDEX((1,2,3,4,1))),$);
#3112=IFCARBITRARYCLOSEDPROFILEDEF(.AREA.,$,#3111);
#3113=IFCCARTESIANPOINT((0.02500000037252903,0.02500000037252903,0.02500000037252903));
#3114=IFCDIRECTION((0.,0.,1.));
#3115=IFCDIRECTION((1.,0.,0.));
#3116=IFCAXIS2PLACEMENT3D(#3113,#3114,#3115);
#3117=IFCDIRECTION((0.,0.,1.));
#3118=IFCEXTRUDEDAREASOLID(#3112,#3116,#3117,2.0459658615291119);
#3119=IFCCARTESIANPOINTLIST2D(((0.,0.),(0.,-0.040000000000000001),(0.12,-0.040000000000000001),(0.12,-0.02),(0.02,-0.02),(0.02,0.)));
#3120=IFCINDEXEDPOLYCURVE(#3119,(IFCLINEINDEX((1,2,3,4,5,6,1))),$);
#3121=IFCARBITRARYCLOSEDPROFILEDEF(.AREA.,$,#3120);
#3122=IFCCARTESIANPOINT((0.075000000372529033,0.02500000037252903,1.015000000372529));
#3123=IFCDIRECTION((0.,0.,1.));
#3124=IFCDIRECTION((1.,0.,0.));
#3125=IFCAXIS2PLACEMENT3D(#3122,#3123,#3124);
#3126=IFCDIRECTION((0.,0.,1.));
#3127=IFCEXTRUDEDAREASOLID(#3121,#3125,#3126,0.02);
#3128=IFCEXTRUDEDAREASOLID(#3129,#3132,#3136,0.02);
#3129=IFCARBITRARYCLOSEDPROFILEDEF(.AREA.,$,#3130);
#3130=IFCINDEXEDPOLYCURVE(#3131,(IFCLINEINDEX((1,2,3,4,5,6,1))),$);
#3131=IFCCARTESIANPOINTLIST2D(((0.,0.),(0.,0.040000000000000008),(0.11999999999999998,0.040000000000000008),(0.11999999999999998,0.020000000000000004),(0.020000000000000004,0.020000000000000004),(0.020000000000000004,0.)));
#3132=IFCAXIS2PLACEMENT3D(#3133,#3134,#3135);
#3133=IFCCARTESIANPOINT((0.075000000372529033,0.060000000521540642,1.015000000372529));
#3134=IFCDIRECTION((0.,0.,1.));
#3135=IFCDIRECTION((1.,0.,0.));
#3136=IFCDIRECTION((0.,0.,1.));
#3177=IFCCARTESIANPOINTLIST3D(((0.,0.,0.),(0.89999997615814209,0.,0.),(0.89999997615814209,0.,2.0959658622741699),(0.,0.,2.0959658622741699)));
#3178=IFCINDEXEDPOLYCURVE(#3177,(IFCLINEINDEX((1,2,3,4,1))),$);
#3179=IFCSHAPEREPRESENTATION(#18,'Profile','Curve3D',(#3178));
#3180=IFCCARTESIANPOINTLIST2D(((0.,0.),(0.,2.0959658622741699),(0.89999997615814209,2.0959658622741699),(0.89999997615814209,0.),(0.87499997578561306,0.),(0.87499997578561306,2.0709658619016409),(0.02500000037252903,2.0709658619016409),(0.02500000037252903,0.)));
#3181=IFCINDEXEDPOLYCURVE(#3180,(IFCLINEINDEX((1,2,3,4,5,6,7,8,1))),$);
#3182=IFCARBITRARYCLOSEDPROFILEDEF(.AREA.,$,#3181);
#3183=IFCCARTESIANPOINT((0.,0.02500000037252903,0.));
#3184=IFCDIRECTION((0.,-1.,0.));
#3185=IFCDIRECTION((1.,0.,0.));
#3186=IFCAXIS2PLACEMENT3D(#3183,#3184,#3185);
#3187=IFCDIRECTION((0.,0.,-1.));
#3188=IFCEXTRUDEDAREASOLID(#3182,#3186,#3187,0.02500000037252903);
#3189=IFCCARTESIANPOINTLIST2D(((0.,0.),(0.,2.0959658622741699),(0.89999997615814209,2.0959658622741699),(0.89999997615814209,0.),(0.84999997541308403,0.),(0.84999997541308403,2.0459658615291119),(0.05000000074505806,2.0459658615291119),(0.05000000074505806,0.)));
#3190=IFCINDEXEDPOLYCURVE(#3189,(IFCLINEINDEX((1,2,3,4,5,6,7,8,1))),$);
#3191=IFCARBITRARYCLOSEDPROFILEDEF(.AREA.,$,#3190);
#3192=IFCCARTESIANPOINT((0.,0.,0.));
#3193=IFCDIRECTION((0.,-1.,0.));
#3194=IFCDIRECTION((1.,0.,0.));
#3195=IFCAXIS2PLACEMENT3D(#3192,#3193,#3194);
#3196=IFCDIRECTION((0.,0.,-1.));
#3197=IFCEXTRUDEDAREASOLID(#3191,#3195,#3196,0.02500000037252903);
#3198=IFCCARTESIANPOINTLIST2D(((0.,0.),(0.79999997466802597,0.),(0.79999997466802597,0.10000000149011612),(0.,0.10000000149011612)));
#3199=IFCINDEXEDPOLYCURVE(#3198,(IFCLINEINDEX((1,2,3,4,1))),$);
#3200=IFCARBITRARYCLOSEDPROFILEDEF(.AREA.,$,#3199);
#3201=IFCCARTESIANPOINT((0.05000000074505806,0.,0.));
#3202=IFCDIRECTION((0.,0.,1.));
#3203=IFCDIRECTION((1.,0.,0.));
#3204=IFCAXIS2PLACEMENT3D(#3201,#3202,#3203);
#3205=IFCDIRECTION((0.,0.,1.));
#3206=IFCEXTRUDEDAREASOLID(#3200,#3204,#3205,0.02500000037252903);
#3207=IFCCARTESIANPOINTLIST2D(((0.,0.),(0.84999997541308403,0.),(0.84999997541308403,0.035000000149011612),(0.,0.035000000149011612)));
#3208=IFCINDEXEDPOLYCURVE(#3207,(IFCLINEINDEX((1,2,3,4,1))),$);
#3209=IFCARBITRARYCLOSEDPROFILEDEF(.AREA.,$,#3208);
#3210=IFCCARTESIANPOINT((0.02500000037252903,0.02500000037252903,0.02500000037252903));
#3211=IFCDIRECTION((0.,0.,1.));
#3212=IFCDIRECTION((1.,0.,0.));
#3213=IFCAXIS2PLACEMENT3D(#3210,#3211,#3212);
#3214=IFCDIRECTION((0.,0.,1.));
#3215=IFCEXTRUDEDAREASOLID(#3209,#3213,#3214,2.0459658615291119);
#3216=IFCCARTESIANPOINTLIST2D(((0.,0.),(0.,-0.040000000000000001),(-0.11999999999999988,-0.040000000000000001),(-0.11999999999999988,-0.02),(-0.020000000000000018,-0.02),(-0.020000000000000018,0.)));
#3217=IFCINDEXEDPOLYCURVE(#3216,(IFCLINEINDEX((1,2,3,4,5,6,1))),$);
#3218=IFCARBITRARYCLOSEDPROFILEDEF(.AREA.,$,#3217);
#3219=IFCCARTESIANPOINT((0.82499997578561302,0.02500000037252903,1.015000000372529));
#3220=IFCDIRECTION((0.,0.,1.));
#3221=IFCDIRECTION((1.,0.,0.));
#3222=IFCAXIS2PLACEMENT3D(#3219,#3220,#3221);
#3223=IFCDIRECTION((0.,0.,1.));
#3224=IFCEXTRUDEDAREASOLID(#3218,#3222,#3223,0.02);
#3225=IFCEXTRUDEDAREASOLID(#3226,#3229,#3233,0.02);
#3226=IFCARBITRARYCLOSEDPROFILEDEF(.AREA.,$,#3227);
#3227=IFCINDEXEDPOLYCURVE(#3228,(IFCLINEINDEX((1,2,3,4,5,6,1))),$);
#3228=IFCCARTESIANPOINTLIST2D(((0.,0.),(0.,0.040000000000000008),(-0.11999999999999988,0.040000000000000008),(-0.11999999999999988,0.020000000000000004),(-0.020000000000000018,0.020000000000000004),(-0.020000000000000018,0.)));
#3229=IFCAXIS2PLACEMENT3D(#3230,#3231,#3232);
#3230=IFCCARTESIANPOINT((0.82499997578561302,0.060000000521540642,1.015000000372529));
#3231=IFCDIRECTION((0.,0.,1.));
#3232=IFCDIRECTION((1.,0.,0.));
#3233=IFCDIRECTION((0.,0.,1.));
#3234=IFCSHAPEREPRESENTATION(#11,'Body','SweptSolid',(#3188,#3197,#3215,#3224,#3225,#3206));
#3235=IFCCARTESIANPOINTLIST2D(((0.,0.),(0.,0.05000000074505806),(0.02500000037252903,0.05000000074505806),(0.02500000037252903,0.02500000037252903),(0.05000000074505806,0.02500000037252903),(0.05000000074505806,0.)));
#3236=IFCINDEXEDPOLYCURVE(#3235,(IFCLINEINDEX((1,2,3,4,5,6,1))),$);
#3237=IFCINDEXEDPOLYCURVE(#3238,(IFCLINEINDEX((1,2,3,4,5,6,1))),$);
#3238=IFCCARTESIANPOINTLIST2D(((0.89999997615814209,0.),(0.89999997615814209,0.05000000074505806),(0.87499997578561306,0.05000000074505806),(0.87499997578561306,0.02500000037252903),(0.84999997541308403,0.02500000037252903),(0.84999997541308403,0.)));
#3239=IFCDIRECTION((1.,0.));
#3240=IFCCARTESIANPOINT((0.060000000521540642,0.05000000074505806));
#3241=IFCAXIS2PLACEMENT2D(#3240,#3239);
#3242=IFCELLIPSE(#3241,0.81499997526407242,0.84999997541308403);
#3243=IFCCARTESIANPOINT((0.87499997578561306,0.05000000074505806));
#3244=IFCCARTESIANPOINT((0.060000000521540642,0.89999997615814209));
#3245=IFCTRIMMEDCURVE(#3242,(#3243),(#3244),.T.,.CARTESIAN.);
#3246=IFCCARTESIANPOINTLIST2D(((0.02500000037252903,0.05000000074505806),(0.060000000521540642,0.05000000074505806),(0.060000000521540642,0.89999997615814209),(0.02500000037252903,0.89999997615814209)));
#3247=IFCINDEXEDPOLYCURVE(#3246,(IFCLINEINDEX((1,2,3,4,1))),$);
#3248=IFCSHAPEREPRESENTATION(#24,'Body','Curve2D',(#3236,#3237,#3245,#3247));
#3249=IFCCARTESIANPOINTLIST2D(((0.,0.),(0.89999997615814209,0.),(0.89999997615814209,2.0959658622741699),(0.,2.0959658622741699)));
#3250=IFCINDEXEDPOLYCURVE(#3249,(IFCLINEINDEX((1,2,3,4,1))),$);
#3251=IFCARBITRARYCLOSEDPROFILEDEF(.AREA.,$,#3250);
#3252=IFCCARTESIANPOINT((0.,-0.60000002384185791,0.));
#3253=IFCDIRECTION((0.,-1.,0.));
#3254=IFCDIRECTION((1.,0.,0.));
#3255=IFCAXIS2PLACEMENT3D(#3252,#3253,#3254);
#3256=IFCDIRECTION((0.,0.,-1.));
#3257=IFCEXTRUDEDAREASOLID(#3251,#3255,#3256,1.2);
#3258=IFCSHAPEREPRESENTATION(#11,'Body','SweptSolid',(#3257));
#3264=IFCCARTESIANPOINT((2.4560191697528801,0.085000461989844817,0.));
#3265=IFCDIRECTION((0.,0.,1.));
#3266=IFCDIRECTION((-0.99999999999997868,2.0663207322967565E-07,0.));
#3267=IFCAXIS2PLACEMENT3D(#3264,#3265,#3266);
#3268=IFCLOCALPLACEMENT(#706,#3267);
#3269=IFCCARTESIANPOINT((0.,5.5511151231257827E-17,0.));
#3270=IFCDIRECTION((0.,0.,1.));
#3271=IFCDIRECTION((1.,1.0587911840678754E-22,0.));
#3272=IFCAXIS2PLACEMENT3D(#3269,#3270,#3271);
#3273=IFCLOCALPLACEMENT(#3268,#3272);
#3274=IFCDOORTYPE('2eGk53tbrE1ODw3l3$eEMV',$,'Bathroom-GF',$,$,(#3275),(#3277,#3285,#3345),$,$,.DOOR.,.SINGLE_SWING_LEFT.,$,$);
#3275=IFCPROPERTYSET('0tC$60tS1DKODHOWqi3ReG',$,'BBIM_Door',$,(#3276));
#3276=IFCPROPERTYSINGLEVALUE('Data',$,IFCTEXT('{"door_type": "SINGLE_SWING_LEFT", "overall_height": 2.09596586227417, "overall_width": 0.8999999761581421, "lining_properties": {"lining_depth": 0.05000000074505806, "lining_thickness": 0.05000000074505806, "lining_offset": 0.0, "lining_to_panel_offset_x": 0.02500000037252903, "lining_to_panel_offset_y": 0.02500000037252903, "transom_thickness": 0.0, "casing_thickness": 0.0, "threshold_thickness": 0.02500000037252903, "threshold_depth": 0.10000000149011612, "threshold_offset": 0.0}, "panel_properties": {"panel_depth": 0.03500000014901161, "panel_width_ratio": 1.0}}'),$);
#3277=IFCREPRESENTATIONMAP(#3278,#3282);
#3278=IFCAXIS2PLACEMENT3D(#3279,#3280,#3281);
#3279=IFCCARTESIANPOINT((0.,0.,0.));
#3280=IFCDIRECTION((0.,0.,1.));
#3281=IFCDIRECTION((1.,0.,0.));
#3282=IFCSHAPEREPRESENTATION(#18,'Profile','Curve3D',(#3283));
#3283=IFCINDEXEDPOLYCURVE(#3284,(IFCLINEINDEX((1,2,3,4,1))),$);
#3284=IFCCARTESIANPOINTLIST3D(((0.,0.,0.),(0.89999997615814209,0.,0.),(0.89999997615814209,0.,2.0959658622741699),(0.,0.,2.0959658622741699)));
#3285=IFCREPRESENTATIONMAP(#3286,#3290);
#3286=IFCAXIS2PLACEMENT3D(#3287,#3288,#3289);
#3287=IFCCARTESIANPOINT((0.,0.,0.));
#3288=IFCDIRECTION((0.,0.,1.));
#3289=IFCDIRECTION((1.,0.,0.));
#3290=IFCSHAPEREPRESENTATION(#11,'Body','SweptSolid',(#3291,#3300,#3309,#3318,#3327,#3336));
#3291=IFCEXTRUDEDAREASOLID(#3292,#3295,#3299,0.02500000037252903);
#3292=IFCARBITRARYCLOSEDPROFILEDEF(.AREA.,$,#3293);
#3293=IFCINDEXEDPOLYCURVE(#3294,(IFCLINEINDEX((1,2,3,4,5,6,7,8,1))),$);
#3294=IFCCARTESIANPOINTLIST2D(((0.,0.),(0.,2.0959658622741699),(0.89999997615814209,2.0959658622741699),(0.89999997615814209,0.),(0.87499997578561306,0.),(0.87499997578561306,2.0709658619016409),(0.02500000037252903,2.0709658619016409),(0.02500000037252903,0.)));
#3295=IFCAXIS2PLACEMENT3D(#3296,#3297,#3298);
#3296=IFCCARTESIANPOINT((0.,0.02500000037252903,0.));
#3297=IFCDIRECTION((0.,-1.,0.));
#3298=IFCDIRECTION((1.,0.,0.));
#3299=IFCDIRECTION((0.,0.,-1.));
#3300=IFCEXTRUDEDAREASOLID(#3301,#3304,#3308,0.02500000037252903);
#3301=IFCARBITRARYCLOSEDPROFILEDEF(.AREA.,$,#3302);
#3302=IFCINDEXEDPOLYCURVE(#3303,(IFCLINEINDEX((1,2,3,4,5,6,7,8,1))),$);
#3303=IFCCARTESIANPOINTLIST2D(((0.,0.),(0.,2.0959658622741699),(0.89999997615814209,2.0959658622741699),(0.89999997615814209,0.),(0.84999997541308403,0.),(0.84999997541308403,2.0459658615291119),(0.05000000074505806,2.0459658615291119),(0.05000000074505806,0.)));
#3304=IFCAXIS2PLACEMENT3D(#3305,#3306,#3307);
#3305=IFCCARTESIANPOINT((0.,0.,0.));
#3306=IFCDIRECTION((0.,-1.,0.));
#3307=IFCDIRECTION((1.,0.,0.));
#3308=IFCDIRECTION((0.,0.,-1.));
#3309=IFCEXTRUDEDAREASOLID(#3310,#3313,#3317,2.0459658615291119);
#3310=IFCARBITRARYCLOSEDPROFILEDEF(.AREA.,$,#3311);
#3311=IFCINDEXEDPOLYCURVE(#3312,(IFCLINEINDEX((1,2,3,4,1))),$);
#3312=IFCCARTESIANPOINTLIST2D(((0.,0.),(0.84999997541308403,0.),(0.84999997541308403,0.035000000149011612),(0.,0.035000000149011612)));
#3313=IFCAXIS2PLACEMENT3D(#3314,#3315,#3316);
#3314=IFCCARTESIANPOINT((0.02500000037252903,0.02500000037252903,0.02500000037252903));
#3315=IFCDIRECTION((0.,0.,1.));
#3316=IFCDIRECTION((1.,0.,0.));
#3317=IFCDIRECTION((0.,0.,1.));
#3318=IFCEXTRUDEDAREASOLID(#3319,#3322,#3326,0.02);
#3319=IFCARBITRARYCLOSEDPROFILEDEF(.AREA.,$,#3320);
#3320=IFCINDEXEDPOLYCURVE(#3321,(IFCLINEINDEX((1,2,3,4,5,6,1))),$);
#3321=IFCCARTESIANPOINTLIST2D(((0.,0.),(0.,-0.040000000000000001),(-0.11999999999999988,-0.040000000000000001),(-0.11999999999999988,-0.02),(-0.020000000000000018,-0.02),(-0.020000000000000018,0.)));
#3322=IFCAXIS2PLACEMENT3D(#3323,#3324,#3325);
#3323=IFCCARTESIANPOINT((0.82499997578561302,0.02500000037252903,1.015000000372529));
#3324=IFCDIRECTION((0.,0.,1.));
#3325=IFCDIRECTION((1.,0.,0.));
#3326=IFCDIRECTION((0.,0.,1.));
#3327=IFCEXTRUDEDAREASOLID(#3328,#3331,#3335,0.02);
#3328=IFCARBITRARYCLOSEDPROFILEDEF(.AREA.,$,#3329);
#3329=IFCINDEXEDPOLYCURVE(#3330,(IFCLINEINDEX((1,2,3,4,5,6,1))),$);
#3330=IFCCARTESIANPOINTLIST2D(((0.,0.),(0.,0.040000000000000008),(-0.11999999999999988,0.040000000000000008),(-0.11999999999999988,0.020000000000000004),(-0.020000000000000018,0.020000000000000004),(-0.020000000000000018,0.)));
#3331=IFCAXIS2PLACEMENT3D(#3332,#3333,#3334);
#3332=IFCCARTESIANPOINT((0.82499997578561302,0.060000000521540642,1.015000000372529));
#3333=IFCDIRECTION((0.,0.,1.));
#3334=IFCDIRECTION((1.,0.,0.));
#3335=IFCDIRECTION((0.,0.,1.));
#3336=IFCEXTRUDEDAREASOLID(#3337,#3340,#3344,0.02500000037252903);
#3337=IFCARBITRARYCLOSEDPROFILEDEF(.AREA.,$,#3338);
#3338=IFCINDEXEDPOLYCURVE(#3339,(IFCLINEINDEX((1,2,3,4,1))),$);
#3339=IFCCARTESIANPOINTLIST2D(((0.,0.),(0.79999997466802597,0.),(0.79999997466802597,0.10000000149011612),(0.,0.10000000149011612)));
#3340=IFCAXIS2PLACEMENT3D(#3341,#3342,#3343);
#3341=IFCCARTESIANPOINT((0.05000000074505806,0.,0.));
#3342=IFCDIRECTION((0.,0.,1.));
#3343=IFCDIRECTION((1.,0.,0.));
#3344=IFCDIRECTION((0.,0.,1.));
#3345=IFCREPRESENTATIONMAP(#3346,#3350);
#3346=IFCAXIS2PLACEMENT3D(#3347,#3348,#3349);
#3347=IFCCARTESIANPOINT((0.,0.,0.));
#3348=IFCDIRECTION((0.,0.,1.));
#3349=IFCDIRECTION((1.,0.,0.));
#3350=IFCSHAPEREPRESENTATION(#24,'Body','Curve2D',(#3351,#3353,#3355,#3362));
#3351=IFCINDEXEDPOLYCURVE(#3352,(IFCLINEINDEX((1,2,3,4,5,6,1))),$);
#3352=IFCCARTESIANPOINTLIST2D(((0.,0.),(0.,0.05000000074505806),(0.02500000037252903,0.05000000074505806),(0.02500000037252903,0.02500000037252903),(0.05000000074505806,0.02500000037252903),(0.05000000074505806,0.)));
#3353=IFCINDEXEDPOLYCURVE(#3354,(IFCLINEINDEX((1,2,3,4,5,6,1))),$);
#3354=IFCCARTESIANPOINTLIST2D(((0.89999997615814209,0.),(0.89999997615814209,0.05000000074505806),(0.87499997578561306,0.05000000074505806),(0.87499997578561306,0.02500000037252903),(0.84999997541308403,0.02500000037252903),(0.84999997541308403,0.)));
#3355=IFCTRIMMEDCURVE(#3356,(#3360),(#3361),.T.,.CARTESIAN.);
#3356=IFCELLIPSE(#3357,0.81499997526407242,0.84999997541308403);
#3357=IFCAXIS2PLACEMENT2D(#3358,#3359);
#3358=IFCCARTESIANPOINT((0.060000000521540642,0.05000000074505806));
#3359=IFCDIRECTION((1.,0.));
#3360=IFCCARTESIANPOINT((0.87499997578561306,0.05000000074505806));
#3361=IFCCARTESIANPOINT((0.060000000521540642,0.89999997615814209));
#3362=IFCINDEXEDPOLYCURVE(#3363,(IFCLINEINDEX((1,2,3,4,1))),$);
#3363=IFCCARTESIANPOINTLIST2D(((0.02500000037252903,0.05000000074505806),(0.060000000521540642,0.05000000074505806),(0.060000000521540642,0.89999997615814209),(0.02500000037252903,0.89999997615814209)));
#3530=IFCDOOR('3vwXxj6kDAUeQlAzdRvjoy',$,'Door',$,$,#4229,#3539,$,2.0959658622741699,0.89999997615814209,$,$,$);
#3531=IFCRELDEFINESBYTYPE('2j5sN19p9FNOFvGsJyiDaJ',$,$,$,(#3530),#3274);
#3532=IFCCARTESIANPOINT((0.,0.,0.));
#3533=IFCDIRECTION((1.,0.,0.));
#3534=IFCDIRECTION((0.,1.,0.));
#3535=IFCDIRECTION((0.,0.,1.));
#3536=IFCCARTESIANTRANSFORMATIONOPERATOR3D(#3533,#3534,#3532,1.,#3535);
#3537=IFCMAPPEDITEM(#3277,#3536);
#3538=IFCSHAPEREPRESENTATION(#18,'Profile','MappedRepresentation',(#3537));
#3539=IFCPRODUCTDEFINITIONSHAPE($,$,(#3538,#3546,#3553));
#3540=IFCCARTESIANPOINT((0.,0.,0.));
#3541=IFCDIRECTION((1.,0.,0.));
#3542=IFCDIRECTION((0.,1.,0.));
#3543=IFCDIRECTION((0.,0.,1.));
#3544=IFCCARTESIANTRANSFORMATIONOPERATOR3D(#3541,#3542,#3540,1.,#3543);
#3545=IFCMAPPEDITEM(#3285,#3544);
#3546=IFCSHAPEREPRESENTATION(#11,'Body','MappedRepresentation',(#3545));
#3547=IFCCARTESIANPOINT((0.,0.,0.));
#3548=IFCDIRECTION((1.,0.,0.));
#3549=IFCDIRECTION((0.,1.,0.));
#3550=IFCDIRECTION((0.,0.,1.));
#3551=IFCCARTESIANTRANSFORMATIONOPERATOR3D(#3548,#3549,#3547,1.,#3550);
#3552=IFCMAPPEDITEM(#3345,#3551);
#3553=IFCSHAPEREPRESENTATION(#24,'Body','MappedRepresentation',(#3552));
#3554=IFCOPENINGELEMENT('2_EWI69BnFx8ySC9swV9Wo',$,'Opening',$,$,#3588,#3582,$,.OPENING.);
#3560=IFCCARTESIANPOINTLIST2D(((0.,0.),(0.89999997615814209,0.),(0.89999997615814209,2.0959658622741699),(0.,2.0959658622741699)));
#3561=IFCINDEXEDPOLYCURVE(#3560,(IFCLINEINDEX((1,2,3,4,1))),$);
#3562=IFCARBITRARYCLOSEDPROFILEDEF(.AREA.,$,#3561);
#3563=IFCCARTESIANPOINT((0.,-0.60000002384185791,0.));
#3564=IFCDIRECTION((0.,-1.,0.));
#3565=IFCDIRECTION((1.,0.,0.));
#3566=IFCAXIS2PLACEMENT3D(#3563,#3564,#3565);
#3567=IFCDIRECTION((0.,0.,-1.));
#3568=IFCEXTRUDEDAREASOLID(#3562,#3566,#3567,1.2);
#3569=IFCSHAPEREPRESENTATION(#11,'Body','SweptSolid',(#3568));
#3570=IFCCARTESIANPOINT((0.,0.,0.));
#3571=IFCDIRECTION((1.,0.,0.));
#3572=IFCDIRECTION((0.,0.,1.));
#3573=IFCAXIS2PLACEMENT3D(#3570,#3572,#3571);
#3574=IFCREPRESENTATIONMAP(#3573,#3569);
#3575=IFCCARTESIANPOINT((0.,0.,0.));
#3576=IFCDIRECTION((1.,0.,0.));
#3577=IFCDIRECTION((0.,1.,0.));
#3578=IFCDIRECTION((0.,0.,1.));
#3579=IFCCARTESIANTRANSFORMATIONOPERATOR3D(#3576,#3577,#3575,1.,#3578);
#3580=IFCMAPPEDITEM(#3574,#3579);
#3581=IFCSHAPEREPRESENTATION(#11,'Body','MappedRepresentation',(#3580));
#3582=IFCPRODUCTDEFINITIONSHAPE($,$,(#3581));
#3583=IFCRELVOIDSELEMENT('07udO_Esf91g1Et69ZRP2G',$,$,$,#825,#3554);
#3584=IFCCARTESIANPOINT((0.77041695555067147,0.099999935428996434,0.));
#3585=IFCDIRECTION((0.,0.,1.));
#3586=IFCDIRECTION((-0.99999999999999623,8.7422790784325385E-08,0.));
#3587=IFCAXIS2PLACEMENT3D(#3584,#3585,#3586);
#3588=IFCLOCALPLACEMENT(#867,#3587);
#3589=IFCRELFILLSELEMENT('1wRKfxifnDchs1W$_xnbH_',$,$,$,#3554,#3530);
#3933=IFCCARTESIANPOINTLIST2D(((0.,0.),(0.,0.10000000000000001),(3.3500000313916822,0.10000000000000001),(3.3500000476837499,0.)));
#3934=IFCINDEXEDPOLYCURVE(#3933,(IFCLINEINDEX((1,2,3,4,1))),$);
#3935=IFCARBITRARYCLOSEDPROFILEDEF(.AREA.,$,#3934);
#3936=IFCCARTESIANPOINT((0.,0.,0.));
#3937=IFCDIRECTION((0.,0.,1.));
#3938=IFCDIRECTION((1.,0.,0.));
#3939=IFCAXIS2PLACEMENT3D(#3936,#3937,#3938);
#3940=IFCDIRECTION((0.,0.,1.));
#3941=IFCEXTRUDEDAREASOLID(#3935,#3939,#3940,3.);
#3942=IFCSHAPEREPRESENTATION(#11,'Body','SweptSolid',(#3941));
#3943=IFCCARTESIANPOINTLIST2D(((0.,0.),(3.4500000476837513,0.)));
#3944=IFCINDEXEDPOLYCURVE(#3943,$,$);
#3945=IFCSHAPEREPRESENTATION(#23,'Axis','Curve2D',(#3944));
#3959=IFCCARTESIANPOINTLIST2D(((0.,0.),(-5.8412155112823611E-08,0.10000000000000001),(1.944924145863415,0.10000000000000001),(1.9449241653341334,0.)));
#3960=IFCINDEXEDPOLYCURVE(#3959,(IFCLINEINDEX((1,2,3,4,1))),$);
#3961=IFCARBITRARYCLOSEDPROFILEDEF(.AREA.,$,#3960);
#3962=IFCCARTESIANPOINT((0.,0.,0.));
#3963=IFCDIRECTION((0.,0.,1.));
#3964=IFCDIRECTION((1.,0.,0.));
#3965=IFCAXIS2PLACEMENT3D(#3962,#3963,#3964);
#3966=IFCDIRECTION((0.,0.,1.));
#3967=IFCEXTRUDEDAREASOLID(#3961,#3965,#3966,3.);
#3968=IFCSHAPEREPRESENTATION(#11,'Body','SweptSolid',(#3967));
#3969=IFCCARTESIANPOINTLIST2D(((0.,0.),(1.9449241653341334,0.)));
#3970=IFCINDEXEDPOLYCURVE(#3969,$,$);
#3971=IFCSHAPEREPRESENTATION(#23,'Axis','Curve2D',(#3970));
#4011=IFCRELCONNECTSPATHELEMENTS('3PPs3LbnLBPgA7XXoSkWOk',$,$,$,$,#240,#971,(),(),.ATPATH.,.ATSTART.);
#4012=IFCCARTESIANPOINTLIST2D(((0.,0.),(-5.8412155112823585E-08,0.10000000000000001),(3.450000203933838,0.10000000000000001),(3.5500002504250756,0.)));
#4013=IFCINDEXEDPOLYCURVE(#4012,(IFCLINEINDEX((1,2,3,4,1))),$);
#4014=IFCARBITRARYCLOSEDPROFILEDEF(.AREA.,$,#4013);
#4015=IFCCARTESIANPOINT((0.,0.,0.));
#4016=IFCDIRECTION((0.,0.,1.));
#4017=IFCDIRECTION((1.,0.,0.));
#4018=IFCAXIS2PLACEMENT3D(#4015,#4016,#4017);
#4019=IFCDIRECTION((0.,0.,1.));
#4020=IFCEXTRUDEDAREASOLID(#4014,#4018,#4019,3.);
#4021=IFCSHAPEREPRESENTATION(#11,'Body','SweptSolid',(#4020));
#4022=IFCCARTESIANPOINTLIST2D(((0.,0.),(3.5500002504250756,0.)));
#4023=IFCINDEXEDPOLYCURVE(#4022,$,$);
#4024=IFCSHAPEREPRESENTATION(#23,'Axis','Curve2D',(#4023));
#4025=IFCCARTESIANPOINT((0.76747900256096901,5.0399322509764932,0.));
#4026=IFCDIRECTION((0.,0.,1.));
#4027=IFCDIRECTION((-0.99999999999992428,3.8941436741876494E-07,0.));
#4028=IFCAXIS2PLACEMENT3D(#4025,#4026,#4027);
#4029=IFCLOCALPLACEMENT(#91,#4028);
#4043=IFCCARTESIANPOINTLIST2D(((0.,0.),(0.,0.10000000000000001),(1.5799998847646448,0.10000000000000001),(1.5799998847646448,0.)));
#4044=IFCINDEXEDPOLYCURVE(#4043,(IFCLINEINDEX((1,2,3,4,1))),$);
#4045=IFCARBITRARYCLOSEDPROFILEDEF(.AREA.,$,#4044);
#4046=IFCCARTESIANPOINT((0.,0.,0.));
#4047=IFCDIRECTION((0.,0.,1.));
#4048=IFCDIRECTION((1.,0.,0.));
#4049=IFCAXIS2PLACEMENT3D(#4046,#4047,#4048);
#4050=IFCDIRECTION((0.,0.,1.));
#4051=IFCEXTRUDEDAREASOLID(#4045,#4049,#4050,3.);
#4052=IFCSHAPEREPRESENTATION(#11,'Body','SweptSolid',(#4051));
#4053=IFCCARTESIANPOINTLIST2D(((0.,0.),(1.5799998847646448,0.)));
#4054=IFCINDEXEDPOLYCURVE(#4053,$,$);
#4055=IFCSHAPEREPRESENTATION(#23,'Axis','Curve2D',(#4054));
#4056=IFCCARTESIANPOINTLIST2D(((0.,0.),(0.,0.10000000000000001),(1.4600003397555563,0.10000000000000001),(1.4600003397555563,0.)));
#4057=IFCINDEXEDPOLYCURVE(#4056,(IFCLINEINDEX((1,2,3,4,1))),$);
#4058=IFCARBITRARYCLOSEDPROFILEDEF(.AREA.,$,#4057);
#4059=IFCCARTESIANPOINT((0.,0.,0.));
#4060=IFCDIRECTION((0.,0.,1.));
#4061=IFCDIRECTION((1.,0.,0.));
#4062=IFCAXIS2PLACEMENT3D(#4059,#4060,#4061);
#4063=IFCDIRECTION((0.,0.,1.));
#4064=IFCEXTRUDEDAREASOLID(#4058,#4062,#4063,3.);
#4065=IFCSHAPEREPRESENTATION(#11,'Body','SweptSolid',(#4064));
#4066=IFCCARTESIANPOINTLIST2D(((0.,0.),(1.4600003397555563,0.)));
#4067=IFCINDEXEDPOLYCURVE(#4066,$,$);
#4068=IFCSHAPEREPRESENTATION(#23,'Axis','Curve2D',(#4067));
#4069=IFCDOORTYPE('0LvcN6sl948uUv4JwBU0ck',$,'Maids-GF',$,$,(#4070),(#4072,#4080,#4140,#4319),$,$,.DOOR.,.SINGLE_SWING_LEFT.,$,$);
#4070=IFCPROPERTYSET('1kucWyrpP4gPa1QbXhRVx6',$,'BBIM_Door',$,(#4071));
#4071=IFCPROPERTYSINGLEVALUE('Data',$,IFCTEXT('{"door_type": "SLIDING_TO_RIGHT", "overall_height": 2.09596586227417, "overall_width": 1.4552454948425293, "lining_properties": {"lining_depth": 0.05000000074505806, "lining_thickness": 0.05000000074505806, "lining_offset": 0.0, "transom_thickness": 0.0, "casing_thickness": 0.0, "threshold_thickness": 0.02500000037252903, "threshold_depth": 0.10000000149011612, "threshold_offset": 0.0}, "panel_properties": {"panel_depth": 0.03500000014901161, "panel_width_ratio": 1.0}}'),$);
#4072=IFCREPRESENTATIONMAP(#4073,#4429);
#4073=IFCAXIS2PLACEMENT3D(#4074,#4075,#4076);
#4074=IFCCARTESIANPOINT((0.,0.,0.));
#4075=IFCDIRECTION((0.,0.,1.));
#4076=IFCDIRECTION((1.,0.,0.));
#4080=IFCREPRESENTATIONMAP(#4081,#4475);
#4081=IFCAXIS2PLACEMENT3D(#4082,#4083,#4084);
#4082=IFCCARTESIANPOINT((0.,0.,0.));
#4083=IFCDIRECTION((0.,0.,1.));
#4084=IFCDIRECTION((1.,0.,0.));
#4140=IFCREPRESENTATIONMAP(#4141,#4482);
#4141=IFCAXIS2PLACEMENT3D(#4142,#4143,#4144);
#4142=IFCCARTESIANPOINT((0.,0.,0.));
#4143=IFCDIRECTION((0.,0.,1.));
#4144=IFCDIRECTION((1.,0.,0.));
#4159=IFCDOOR('1SJbZKLfn5YedmpgB772ZS',$,'Door',$,$,#4512,#4169,$,2.0959658622741699,1.4552454948425293,$,.SLIDING_TO_RIGHT.,$);
#4161=IFCRELDEFINESBYTYPE('20Opqsp5P4leultm9bH8R8',$,$,$,(#4159),#4069);
#4162=IFCCARTESIANPOINT((0.,0.,0.));
#4163=IFCDIRECTION((1.,0.,0.));
#4164=IFCDIRECTION((0.,1.,0.));
#4165=IFCDIRECTION((0.,0.,1.));
#4166=IFCCARTESIANTRANSFORMATIONOPERATOR3D(#4163,#4164,#4162,1.,#4165);
#4167=IFCMAPPEDITEM(#4072,#4166);
#4168=IFCSHAPEREPRESENTATION(#18,'Profile','MappedRepresentation',(#4167));
#4169=IFCPRODUCTDEFINITIONSHAPE($,$,(#4168,#4176,#4183,#4326));
#4170=IFCCARTESIANPOINT((0.,0.,0.));
#4171=IFCDIRECTION((1.,0.,0.));
#4172=IFCDIRECTION((0.,1.,0.));
#4173=IFCDIRECTION((0.,0.,1.));
#4174=IFCCARTESIANTRANSFORMATIONOPERATOR3D(#4171,#4172,#4170,1.,#4173);
#4175=IFCMAPPEDITEM(#4080,#4174);
#4176=IFCSHAPEREPRESENTATION(#11,'Body','MappedRepresentation',(#4175));
#4177=IFCCARTESIANPOINT((0.,0.,0.));
#4178=IFCDIRECTION((1.,0.,0.));
#4179=IFCDIRECTION((0.,1.,0.));
#4180=IFCDIRECTION((0.,0.,1.));
#4181=IFCCARTESIANTRANSFORMATIONOPERATOR3D(#4178,#4179,#4177,1.,#4180);
#4182=IFCMAPPEDITEM(#4140,#4181);
#4183=IFCSHAPEREPRESENTATION(#24,'Body','MappedRepresentation',(#4182));
#4184=IFCOPENINGELEMENT('1MmHV6K$H9b8NT0ZWpjpSM',$,'Opening',$,$,#4507,#4212,$,.OPENING.);
#4200=IFCCARTESIANPOINT((0.,0.,0.));
#4201=IFCDIRECTION((1.,0.,0.));
#4202=IFCDIRECTION((0.,0.,1.));
#4203=IFCAXIS2PLACEMENT3D(#4200,#4202,#4201);
#4204=IFCREPRESENTATIONMAP(#4203,#4497);
#4205=IFCCARTESIANPOINT((0.,0.,0.));
#4206=IFCDIRECTION((1.,0.,0.));
#4207=IFCDIRECTION((0.,1.,0.));
#4208=IFCDIRECTION((0.,0.,1.));
#4209=IFCCARTESIANTRANSFORMATIONOPERATOR3D(#4206,#4207,#4205,1.,#4208);
#4210=IFCMAPPEDITEM(#4204,#4209);
#4211=IFCSHAPEREPRESENTATION(#11,'Body','MappedRepresentation',(#4210));
#4212=IFCPRODUCTDEFINITIONSHAPE($,$,(#4211));
#4213=IFCRELVOIDSELEMENT('3xdUgU14f1e9iGSI0r5Wuw',$,$,$,#996,#4184);
#4219=IFCRELFILLSELEMENT('1MhNg$xZv86P6R3Sk$xl1X',$,$,$,#4184,#4159);
#4225=IFCCARTESIANPOINT((0.79735181317718018,0.085000024685243591,0.));
#4226=IFCDIRECTION((0.,0.,1.));
#4227=IFCDIRECTION((-0.99999999999999933,3.1786498766447924E-08,0.));
#4228=IFCAXIS2PLACEMENT3D(#4225,#4226,#4227);
#4229=IFCLOCALPLACEMENT(#3588,#4228);
#4253=IFCCARTESIANPOINTLIST2D(((0.,0.),(0.,2.0959658622741699),(1.4552454948425293,2.0959658622741699),(1.4552454948425293,0.),(1.4052454940974712,0.),(1.4052454940974712,2.0459658615291119),(0.05000000074505806,2.0459658615291119),(0.05000000074505806,0.)));
#4254=IFCINDEXEDPOLYCURVE(#4253,(IFCLINEINDEX((1,2,3,4,5,6,7,8,1))),$);
#4255=IFCARBITRARYCLOSEDPROFILEDEF(.AREA.,$,#4254);
#4256=IFCCARTESIANPOINT((0.,0.,0.));
#4257=IFCDIRECTION((0.,-1.,0.));
#4258=IFCDIRECTION((1.,0.,0.));
#4259=IFCAXIS2PLACEMENT3D(#4256,#4257,#4258);
#4260=IFCDIRECTION((0.,0.,-1.));
#4261=IFCEXTRUDEDAREASOLID(#4255,#4259,#4260,0.05000000074505806);
#4262=IFCCARTESIANPOINTLIST2D(((0.,0.),(1.3552454933524132,0.),(1.3552454933524132,0.10000000149011612),(0.,0.10000000149011612)));
#4263=IFCINDEXEDPOLYCURVE(#4262,(IFCLINEINDEX((1,2,3,4,1))),$);
#4264=IFCARBITRARYCLOSEDPROFILEDEF(.AREA.,$,#4263);
#4265=IFCCARTESIANPOINT((0.05000000074505806,0.,0.));
#4266=IFCDIRECTION((0.,0.,1.));
#4267=IFCDIRECTION((1.,0.,0.));
#4268=IFCAXIS2PLACEMENT3D(#4265,#4266,#4267);
#4269=IFCDIRECTION((0.,0.,1.));
#4270=IFCEXTRUDEDAREASOLID(#4264,#4268,#4269,0.02500000037252903);
#4271=IFCCARTESIANPOINTLIST2D(((0.,0.),(1.3552454933524132,0.),(1.3552454933524132,0.035000000149011612),(0.,0.035000000149011612)));
#4272=IFCINDEXEDPOLYCURVE(#4271,(IFCLINEINDEX((1,2,3,4,1))),$);
#4273=IFCARBITRARYCLOSEDPROFILEDEF(.AREA.,$,#4272);
#4274=IFCCARTESIANPOINT((0.05000000074505806,-0.035000000149011612,0.02500000037252903));
#4275=IFCDIRECTION((0.,0.,1.));
#4276=IFCDIRECTION((1.,0.,0.));
#4277=IFCAXIS2PLACEMENT3D(#4274,#4275,#4276);
#4278=IFCDIRECTION((0.,0.,1.));
#4279=IFCEXTRUDEDAREASOLID(#4273,#4277,#4278,2.0209658611565828);
#4280=IFCCARTESIANPOINTLIST2D(((0.,0.),(0.,-0.040000000000000001),(0.12,-0.040000000000000001),(0.12,-0.02),(0.02,-0.02),(0.02,0.)));
#4281=IFCINDEXEDPOLYCURVE(#4280,(IFCLINEINDEX((1,2,3,4,5,6,1))),$);
#4282=IFCARBITRARYCLOSEDPROFILEDEF(.AREA.,$,#4281);
#4283=IFCCARTESIANPOINT((0.10000000074505806,-0.035000000149011612,1.015000000372529));
#4284=IFCDIRECTION((0.,0.,1.));
#4285=IFCDIRECTION((1.,0.,0.));
#4286=IFCAXIS2PLACEMENT3D(#4283,#4284,#4285);
#4287=IFCDIRECTION((0.,0.,1.));
#4288=IFCEXTRUDEDAREASOLID(#4282,#4286,#4287,0.02);
#4289=IFCEXTRUDEDAREASOLID(#4290,#4293,#4297,0.02);
#4290=IFCARBITRARYCLOSEDPROFILEDEF(.AREA.,$,#4291);
#4291=IFCINDEXEDPOLYCURVE(#4292,(IFCLINEINDEX((1,2,3,4,5,6,1))),$);
#4292=IFCCARTESIANPOINTLIST2D(((0.,0.),(0.,0.040000000000000008),(0.11999999999999998,0.040000000000000008),(0.11999999999999998,0.020000000000000004),(0.020000000000000004,0.020000000000000004),(0.020000000000000004,0.)));
#4293=IFCAXIS2PLACEMENT3D(#4294,#4295,#4296);
#4294=IFCCARTESIANPOINT((0.10000000074505806,0.,1.015000000372529));
#4295=IFCDIRECTION((0.,0.,1.));
#4296=IFCDIRECTION((1.,0.,0.));
#4297=IFCDIRECTION((0.,0.,1.));
#4299=IFCSHAPEREPRESENTATION(#11,'Body','SweptSolid',(#4270,#4447,#4438,#4261));
#4300=IFCSHAPEASPECT((#4299),'Lining',$,.T.,#4169);
#4301=IFCSHAPEREPRESENTATION(#11,'Body','SweptSolid',(#4465,#4289,#4466,#4279,#4456,#4288));
#4302=IFCSHAPEASPECT((#4301),'Framing',$,.T.,#4169);
#4315=IFCCARTESIANPOINT((0.,0.,0.));
#4316=IFCDIRECTION((1.,0.,0.));
#4317=IFCDIRECTION((0.,0.,1.));
#4318=IFCAXIS2PLACEMENT3D(#4315,#4317,#4316);
#4319=IFCREPRESENTATIONMAP(#4318,#4487);
#4320=IFCCARTESIANPOINT((0.,0.,0.));
#4321=IFCDIRECTION((1.,0.,0.));
#4322=IFCDIRECTION((0.,1.,0.));
#4323=IFCDIRECTION((0.,0.,1.));
#4324=IFCCARTESIANTRANSFORMATIONOPERATOR3D(#4321,#4322,#4320,1.,#4323);
#4325=IFCMAPPEDITEM(#4319,#4324);
#4326=IFCSHAPEREPRESENTATION(#25,'Annotation','MappedRepresentation',(#4325));
#4427=IFCCARTESIANPOINTLIST3D(((0.,0.,0.),(1.4552454948425293,0.,0.),(1.4552454948425293,0.,2.0959658622741699),(0.,0.,2.0959658622741699)));
#4428=IFCINDEXEDPOLYCURVE(#4427,(IFCLINEINDEX((1,2,3,4,1))),$);
#4429=IFCSHAPEREPRESENTATION(#18,'Profile','Curve3D',(#4428));
#4430=IFCCARTESIANPOINTLIST2D(((0.,0.),(0.,2.0959658622741699),(1.4552454948425293,2.0959658622741699),(1.4552454948425293,0.),(1.4052454940974712,0.),(1.4052454940974712,2.0459658615291119),(0.05000000074505806,2.0459658615291119),(0.05000000074505806,0.)));
#4431=IFCINDEXEDPOLYCURVE(#4430,(IFCLINEINDEX((1,2,3,4,5,6,7,8,1))),$);
#4432=IFCARBITRARYCLOSEDPROFILEDEF(.AREA.,$,#4431);
#4433=IFCCARTESIANPOINT((0.,0.,0.));
#4434=IFCDIRECTION((0.,-1.,0.));
#4435=IFCDIRECTION((1.,0.,0.));
#4436=IFCAXIS2PLACEMENT3D(#4433,#4434,#4435);
#4437=IFCDIRECTION((0.,0.,-1.));
#4438=IFCEXTRUDEDAREASOLID(#4432,#4436,#4437,0.05000000074505806);
#4439=IFCCARTESIANPOINTLIST2D(((0.,0.),(1.3552454933524132,0.),(1.3552454933524132,0.10000000149011612),(0.,0.10000000149011612)));
#4440=IFCINDEXEDPOLYCURVE(#4439,(IFCLINEINDEX((1,2,3,4,1))),$);
#4441=IFCARBITRARYCLOSEDPROFILEDEF(.AREA.,$,#4440);
#4442=IFCCARTESIANPOINT((0.05000000074505806,0.,0.));
#4443=IFCDIRECTION((0.,0.,1.));
#4444=IFCDIRECTION((1.,0.,0.));
#4445=IFCAXIS2PLACEMENT3D(#4442,#4443,#4444);
#4446=IFCDIRECTION((0.,0.,1.));
#4447=IFCEXTRUDEDAREASOLID(#4441,#4445,#4446,0.02500000037252903);
#4448=IFCCARTESIANPOINTLIST2D(((0.,0.),(1.3552454933524132,0.),(1.3552454933524132,0.035000000149011612),(0.,0.035000000149011612)));
#4449=IFCINDEXEDPOLYCURVE(#4448,(IFCLINEINDEX((1,2,3,4,1))),$);
#4450=IFCARBITRARYCLOSEDPROFILEDEF(.AREA.,$,#4449);
#4451=IFCCARTESIANPOINT((0.05000000074505806,-0.035000000149011612,0.02500000037252903));
#4452=IFCDIRECTION((0.,0.,1.));
#4453=IFCDIRECTION((1.,0.,0.));
#4454=IFCAXIS2PLACEMENT3D(#4451,#4452,#4453);
#4455=IFCDIRECTION((0.,0.,1.));
#4456=IFCEXTRUDEDAREASOLID(#4450,#4454,#4455,2.0209658611565828);
#4457=IFCCARTESIANPOINTLIST2D(((0.,0.),(0.,-0.040000000000000001),(0.12,-0.040000000000000001),(0.12,-0.02),(0.02,-0.02),(0.02,0.)));
#4458=IFCINDEXEDPOLYCURVE(#4457,(IFCLINEINDEX((1,2,3,4,5,6,1))),$);
#4459=IFCARBITRARYCLOSEDPROFILEDEF(.AREA.,$,#4458);
#4460=IFCCARTESIANPOINT((0.10000000074505806,-0.035000000149011612,1.015000000372529));
#4461=IFCDIRECTION((0.,0.,1.));
#4462=IFCDIRECTION((1.,0.,0.));
#4463=IFCAXIS2PLACEMENT3D(#4460,#4461,#4462);
#4464=IFCDIRECTION((0.,0.,1.));
#4465=IFCEXTRUDEDAREASOLID(#4459,#4463,#4464,0.02);
#4466=IFCEXTRUDEDAREASOLID(#4467,#4470,#4474,0.02);
#4467=IFCARBITRARYCLOSEDPROFILEDEF(.AREA.,$,#4468);
#4468=IFCINDEXEDPOLYCURVE(#4469,(IFCLINEINDEX((1,2,3,4,5,6,1))),$);
#4469=IFCCARTESIANPOINTLIST2D(((0.,0.),(0.,0.040000000000000008),(0.11999999999999998,0.040000000000000008),(0.11999999999999998,0.020000000000000004),(0.020000000000000004,0.020000000000000004),(0.020000000000000004,0.)));
#4470=IFCAXIS2PLACEMENT3D(#4471,#4472,#4473);
#4471=IFCCARTESIANPOINT((0.10000000074505806,0.,1.015000000372529));
#4472=IFCDIRECTION((0.,0.,1.));
#4473=IFCDIRECTION((1.,0.,0.));
#4474=IFCDIRECTION((0.,0.,1.));
#4475=IFCSHAPEREPRESENTATION(#11,'Body','SweptSolid',(#4438,#4456,#4465,#4466,#4447));
#4476=IFCCARTESIANPOINTLIST2D(((0.,0.),(0.05000000074505806,0.),(0.05000000074505806,0.05000000074505806),(0.,0.05000000074505806)));
#4477=IFCINDEXEDPOLYCURVE(#4476,(IFCLINEINDEX((1,2,3,4,1))),$);
#4478=IFCINDEXEDPOLYCURVE(#4479,(IFCLINEINDEX((1,2,3,4,1))),$);
#4479=IFCCARTESIANPOINTLIST2D(((1.4552454948425293,0.),(1.4052454940974712,0.),(1.4052454940974712,0.05000000074505806),(1.4552454948425293,0.05000000074505806)));
#4480=IFCCARTESIANPOINTLIST2D(((2.0828682407736778,-0.035000000149011612),(0.72762274742126465,-0.035000000149011612),(0.72762274742126465,0.),(2.0828682407736778,0.)));
#4481=IFCINDEXEDPOLYCURVE(#4480,(IFCLINEINDEX((1,2,3,4,1))),$);
#4482=IFCSHAPEREPRESENTATION(#24,'Body','Curve2D',(#4477,#4478,#4481));
#4483=IFCCARTESIANPOINTLIST2D(((0.52433592341840263,-0.081587428267465345),(0.93090957142412667,-0.081587428267465345)));
#4484=IFCINDEXEDPOLYCURVE(#4483,$,$);
#4485=IFCCARTESIANPOINTLIST2D(((0.55433592341840265,-0.050529142855162856),(0.52433592341840263,-0.081587428267465345),(0.55433592341840265,-0.11264571367976783)));
#4486=IFCINDEXEDPOLYCURVE(#4485,$,$);
#4487=IFCSHAPEREPRESENTATION(#25,'Annotation','Curve2D',(#4484,#4486));
#4488=IFCCARTESIANPOINTLIST2D(((0.,0.),(1.4552454948425293,0.),(1.4552454948425293,2.0959658622741699),(0.,2.0959658622741699)));
#4489=IFCINDEXEDPOLYCURVE(#4488,(IFCLINEINDEX((1,2,3,4,1))),$);
#4490=IFCARBITRARYCLOSEDPROFILEDEF(.AREA.,$,#4489);
#4491=IFCCARTESIANPOINT((0.,-0.60000002384185791,0.));
#4492=IFCDIRECTION((0.,-1.,0.));
#4493=IFCDIRECTION((1.,0.,0.));
#4494=IFCAXIS2PLACEMENT3D(#4491,#4492,#4493);
#4495=IFCDIRECTION((0.,0.,-1.));
#4496=IFCEXTRUDEDAREASOLID(#4490,#4494,#4495,1.2);
#4497=IFCSHAPEREPRESENTATION(#11,'Body','SweptSolid',(#4496));
#4503=IFCCARTESIANPOINT((0.020609716846680448,0.025010116973410046,0.));
#4504=IFCDIRECTION((0.,0.,1.));
#4505=IFCDIRECTION((0.99999999999656086,-2.6226044837919296E-06,0.));
#4506=IFCAXIS2PLACEMENT3D(#4503,#4504,#4505);
#4507=IFCLOCALPLACEMENT(#1356,#4506);
#4508=IFCCARTESIANPOINT((0.,4.4408920985006262E-16,0.));
#4509=IFCDIRECTION((0.,0.,1.));
#4510=IFCDIRECTION((1.,8.4703294725430034E-22,0.));
#4511=IFCAXIS2PLACEMENT3D(#4508,#4509,#4510);
#4512=IFCLOCALPLACEMENT(#4507,#4511);
#4513=IFCWINDOWTYPE('200q7qB8nEWv05YvlGsA_s',$,'Living-GF',$,$,(#4514),(#4523,#4571,#4593),$,$,.WINDOW.,.SINGLE_PANEL.,$,$);
#4514=IFCPROPERTYSET('3GoBgjNTL1xxblpY$JGV1O',$,'BBIM_Window',$,(#4515));
#4515=IFCPROPERTYSINGLEVALUE('Data',$,IFCTEXT('{"window_type": "SINGLE_PANEL", "overall_height": 0.8999999761581421, "overall_width": 0.7977949380874634, "lining_properties": {"lining_depth": 0.05000000074505806, "lining_thickness": 0.05000000074505806, "lining_offset": 0.05000000074505806, "lining_to_panel_offset_x": 0.02500000037252903, "lining_to_panel_offset_y": 0.02500000037252903}, "panel_properties": {"frame_depth": [0.03500000014901161, 0.03500000014901161, 0.03500000014901161], "frame_thickness": [0.03500000014901161, 0.03500000014901161, 0.03500000014901161]}}'),$);
#4519=IFCCARTESIANPOINT((0.,0.,0.));
#4520=IFCDIRECTION((1.,0.,0.));
#4521=IFCDIRECTION((0.,0.,1.));
#4522=IFCAXIS2PLACEMENT3D(#4519,#4521,#4520);
#4523=IFCREPRESENTATIONMAP(#4522,#4863);
#4567=IFCCARTESIANPOINT((0.,0.,0.));
#4568=IFCDIRECTION((1.,0.,0.));
#4569=IFCDIRECTION((0.,0.,1.));
#4570=IFCAXIS2PLACEMENT3D(#4567,#4569,#4568);
#4571=IFCREPRESENTATIONMAP(#4570,#4906);
#4589=IFCCARTESIANPOINT((0.,0.,0.));
#4590=IFCDIRECTION((1.,0.,0.));
#4591=IFCDIRECTION((0.,0.,1.));
#4592=IFCAXIS2PLACEMENT3D(#4589,#4591,#4590);
#4593=IFCREPRESENTATIONMAP(#4592,#4929);
#4660=IFCWINDOW('21SKJY8xv4Ox8RTKr6Mz8A',$,'Window',$,$,#4954,#4670,$,0.89999997615814209,0.79779493808746338,$,.SINGLE_PANEL.,$);
#4662=IFCRELDEFINESBYTYPE('2cAcrSl0XEM9vfphAAj_V8',$,$,$,(#4660),#4513);
#4663=IFCCARTESIANPOINT((0.,0.,0.));
#4664=IFCDIRECTION((1.,0.,0.));
#4665=IFCDIRECTION((0.,1.,0.));
#4666=IFCDIRECTION((0.,0.,1.));
#4667=IFCCARTESIANTRANSFORMATIONOPERATOR3D(#4664,#4665,#4663,1.,#4666);
#4668=IFCMAPPEDITEM(#4523,#4667);
#4669=IFCSHAPEREPRESENTATION(#18,'Profile','MappedRepresentation',(#4668));
#4670=IFCPRODUCTDEFINITIONSHAPE($,$,(#4669,#4677,#4684));
#4671=IFCCARTESIANPOINT((0.,0.,0.));
#4672=IFCDIRECTION((1.,0.,0.));
#4673=IFCDIRECTION((0.,1.,0.));
#4674=IFCDIRECTION((0.,0.,1.));
#4675=IFCCARTESIANTRANSFORMATIONOPERATOR3D(#4672,#4673,#4671,1.,#4674);
#4676=IFCMAPPEDITEM(#4571,#4675);
#4677=IFCSHAPEREPRESENTATION(#11,'Body','MappedRepresentation',(#4676));
#4678=IFCCARTESIANPOINT((0.,0.,0.));
#4679=IFCDIRECTION((1.,0.,0.));
#4680=IFCDIRECTION((0.,1.,0.));
#4681=IFCDIRECTION((0.,0.,1.));
#4682=IFCCARTESIANTRANSFORMATIONOPERATOR3D(#4679,#4680,#4678,1.,#4681);
#4683=IFCMAPPEDITEM(#4593,#4682);
#4684=IFCSHAPEREPRESENTATION(#24,'Body','MappedRepresentation',(#4683));
#4685=IFCOPENINGELEMENT('0vYDbSyCPFhwLLpAMSG72E',$,'Opening',$,$,#4949,#4713,$,.OPENING.);
#4701=IFCCARTESIANPOINT((0.,0.,0.));
#4702=IFCDIRECTION((1.,0.,0.));
#4703=IFCDIRECTION((0.,0.,1.));
#4704=IFCAXIS2PLACEMENT3D(#4701,#4703,#4702);
#4705=IFCREPRESENTATIONMAP(#4704,#4939);
#4706=IFCCARTESIANPOINT((0.,0.,0.));
#4707=IFCDIRECTION((1.,0.,0.));
#4708=IFCDIRECTION((0.,1.,0.));
#4709=IFCDIRECTION((0.,0.,1.));
#4710=IFCCARTESIANTRANSFORMATIONOPERATOR3D(#4707,#4708,#4706,1.,#4709);
#4711=IFCMAPPEDITEM(#4705,#4710);
#4712=IFCSHAPEREPRESENTATION(#11,'Body','MappedRepresentation',(#4711));
#4713=IFCPRODUCTDEFINITIONSHAPE($,$,(#4712));
#4714=IFCRELVOIDSELEMENT('0AcqoOge1CovjIZ6_v1BHW',$,$,$,#99,#4685);
#4720=IFCRELFILLSELEMENT('0DSdPfhh50nwBL4jv66gbN',$,$,$,#4685,#4660);
#4861=IFCCARTESIANPOINTLIST3D(((0.,0.,0.),(0.79779493808746338,0.,0.),(0.79779493808746338,0.,0.89999997615814209),(0.,0.,0.89999997615814209)));
#4862=IFCINDEXEDPOLYCURVE(#4861,(IFCLINEINDEX((1,2,3,4,1))),$);
#4863=IFCSHAPEREPRESENTATION(#18,'Profile','Curve3D',(#4862));
#4864=IFCCARTESIANPOINTLIST2D(((0.,0.),(0.79779493808746338,0.),(0.79779493808746338,0.89999997615814209),(0.,0.89999997615814209)));
#4865=IFCINDEXEDPOLYCURVE(#4864,(IFCLINEINDEX((1,2,3,4,1))),$);
#4866=IFCCARTESIANPOINTLIST2D(((0.02500000037252903,0.02500000037252903),(0.77279493771493435,0.02500000037252903),(0.77279493771493435,0.87499997578561306),(0.02500000037252903,0.87499997578561306)));
#4867=IFCINDEXEDPOLYCURVE(#4866,(IFCLINEINDEX((1,2,3,4,1))),$);
#4868=IFCARBITRARYPROFILEDEFWITHVOIDS(.AREA.,$,#4865,(#4867));
#4869=IFCCARTESIANPOINT((0.,0.090000001713633537,0.));
#4870=IFCDIRECTION((0.,-1.,0.));
#4871=IFCDIRECTION((1.,0.,0.));
#4872=IFCAXIS2PLACEMENT3D(#4869,#4870,#4871);
#4873=IFCDIRECTION((0.,0.,-1.));
#4874=IFCEXTRUDEDAREASOLID(#4868,#4872,#4873,0.0099999997764825821);
#4875=IFCCARTESIANPOINTLIST2D(((0.,0.),(0.79779493808746338,0.),(0.79779493808746338,0.89999997615814209),(0.,0.89999997615814209)));
#4876=IFCINDEXEDPOLYCURVE(#4875,(IFCLINEINDEX((1,2,3,4,1))),$);
#4877=IFCCARTESIANPOINTLIST2D(((0.05000000074505806,0.05000000074505806),(0.74779493734240532,0.05000000074505806),(0.74779493734240532,0.84999997541308403),(0.05000000074505806,0.84999997541308403)));
#4878=IFCINDEXEDPOLYCURVE(#4877,(IFCLINEINDEX((1,2,3,4,1))),$);
#4879=IFCARBITRARYPROFILEDEFWITHVOIDS(.AREA.,$,#4876,(#4878));
#4880=IFCCARTESIANPOINT((0.,0.05000000074505806,0.));
#4881=IFCDIRECTION((0.,-1.,0.));
#4882=IFCDIRECTION((1.,0.,0.));
#4883=IFCAXIS2PLACEMENT3D(#4880,#4881,#4882);
#4884=IFCDIRECTION((0.,0.,-1.));
#4885=IFCEXTRUDEDAREASOLID(#4879,#4883,#4884,0.040000000968575478);
#4886=IFCCARTESIANPOINTLIST2D(((0.,0.),(0.74779493734240532,0.),(0.74779493734240532,0.84999997541308403),(0.,0.84999997541308403)));
#4887=IFCINDEXEDPOLYCURVE(#4886,(IFCLINEINDEX((1,2,3,4,1))),$);
#4888=IFCCARTESIANPOINTLIST2D(((0.035000000149011612,0.035000000149011612),(0.71279493719339371,0.035000000149011612),(0.71279493719339371,0.81499997526407242),(0.035000000149011612,0.81499997526407242)));
#4889=IFCINDEXEDPOLYCURVE(#4888,(IFCLINEINDEX((1,2,3,4,1))),$);
#4890=IFCARBITRARYPROFILEDEFWITHVOIDS(.AREA.,$,#4887,(#4889));
#4891=IFCCARTESIANPOINT((0.02500000037252903,0.090000001713633537,0.02500000037252903));
#4892=IFCDIRECTION((0.,-1.,0.));
#4893=IFCDIRECTION((1.,0.,0.));
#4894=IFCAXIS2PLACEMENT3D(#4891,#4892,#4893);
#4895=IFCDIRECTION((0.,0.,-1.));
#4896=IFCEXTRUDEDAREASOLID(#4890,#4894,#4895,0.035000000149011612);
#4897=IFCINDEXEDPOLYCURVE(#4898,(IFCLINEINDEX((1,2,3,4,1))),$);
#4898=IFCCARTESIANPOINTLIST2D(((0.035000000149011612,0.035000000149011612),(0.71279493719339371,0.035000000149011612),(0.71279493719339371,0.81499997526407242),(0.035000000149011612,0.81499997526407242)));
#4899=IFCARBITRARYCLOSEDPROFILEDEF(.AREA.,$,#4897);
#4900=IFCCARTESIANPOINT((0.02500000037252903,0.10250000178813934,0.02500000037252903));
#4901=IFCDIRECTION((0.,-1.,0.));
#4902=IFCDIRECTION((1.,0.,0.));
#4903=IFCAXIS2PLACEMENT3D(#4900,#4901,#4902);
#4904=IFCDIRECTION((0.,0.,-1.));
#4905=IFCEXTRUDEDAREASOLID(#4899,#4903,#4904,0.01);
#4906=IFCSHAPEREPRESENTATION(#11,'Body','SweptSolid',(#4874,#4885,#4896,#4905));
#4907=IFCSHAPEREPRESENTATION(#11,'Body','SweptSolid',(#4874,#4885));
#4908=IFCSHAPEASPECT((#4907),'Lining',$,.T.,#4670);
#4909=IFCSHAPEREPRESENTATION(#11,'Body','SweptSolid',(#4896));
#4910=IFCSHAPEASPECT((#4909),'Framing',$,.T.,#4670);
#4911=IFCSHAPEREPRESENTATION(#11,'Body','SweptSolid',(#4905));
#4912=IFCSHAPEASPECT((#4911),'Glazing',$,.T.,#4670);
#4913=IFCCARTESIANPOINTLIST2D(((0.05000000074505806,0.05000000074505806),(0.74779493734240532,0.05000000074505806)));
#4914=IFCINDEXEDPOLYCURVE(#4913,$,$);
#4915=IFCCARTESIANPOINTLIST2D(((0.,0.10000000149011612),(0.02500000037252903,0.10000000149011612),(0.02500000037252903,0.090000001713633537),(0.05000000074505806,0.090000001713633537),(0.05000000074505806,0.05000000074505806),(0.,0.05000000074505806)));
#4916=IFCINDEXEDPOLYCURVE(#4915,(IFCLINEINDEX((1,2,3,4,5,6,1))),$);
#4917=IFCCARTESIANPOINTLIST2D(((0.79779493808746338,0.10000000149011612),(0.77279493771493435,0.10000000149011612),(0.77279493771493435,0.090000001713633537),(0.74779493734240532,0.090000001713633537),(0.74779493734240532,0.05000000074505806),(0.79779493808746338,0.05000000074505806)));
#4918=IFCINDEXEDPOLYCURVE(#4917,(IFCLINEINDEX((1,2,3,4,5,6,1))),$);
#4919=IFCCARTESIANPOINTLIST2D(((0.02500000037252903,0.090000001713633537),(0.060000000521540642,0.090000001713633537),(0.060000000521540642,0.12500000186264515),(0.02500000037252903,0.12500000186264515)));
#4920=IFCINDEXEDPOLYCURVE(#4919,(IFCLINEINDEX((1,2,3,4,1))),$);
#4921=IFCINDEXEDPOLYCURVE(#4922,(IFCLINEINDEX((1,2,3,4,1))),$);
#4922=IFCCARTESIANPOINTLIST2D(((0.77279493771493435,0.090000001713633537),(0.73779493756592274,0.090000001713633537),(0.73779493756592274,0.12500000186264515),(0.77279493771493435,0.12500000186264515)));
#4923=IFCCARTESIANPOINTLIST2D(((0.060000000521540642,0.090000001713633537),(0.73779493756592274,0.090000001713633537)));
#4924=IFCINDEXEDPOLYCURVE(#4923,$,$);
#4925=IFCINDEXEDPOLYCURVE(#4926,$,$);
#4926=IFCCARTESIANPOINTLIST2D(((0.060000000521540642,0.12500000186264515),(0.73779493756592274,0.12500000186264515)));
#4927=IFCINDEXEDPOLYCURVE(#4928,$,$);
#4928=IFCCARTESIANPOINTLIST2D(((0.060000000521540642,0.10750000178813934),(0.73779493756592274,0.10750000178813934)));
#4929=IFCSHAPEREPRESENTATION(#24,'Body','Curve2D',(#4914,#4916,#4918,#4920,#4921,#4924,#4925,#4927));
#4930=IFCCARTESIANPOINTLIST2D(((0.,0.),(0.79779493808746338,0.),(0.79779493808746338,0.89999997615814209),(0.,0.89999997615814209)));
#4931=IFCINDEXEDPOLYCURVE(#4930,(IFCLINEINDEX((1,2,3,4,1))),$);
#4932=IFCARBITRARYCLOSEDPROFILEDEF(.AREA.,$,#4931);
#4933=IFCCARTESIANPOINT((0.,-0.60000002384185791,0.));
#4934=IFCDIRECTION((0.,-1.,0.));
#4935=IFCDIRECTION((1.,0.,0.));
#4936=IFCAXIS2PLACEMENT3D(#4933,#4934,#4935);
#4937=IFCDIRECTION((0.,0.,-1.));
#4938=IFCEXTRUDEDAREASOLID(#4932,#4936,#4937,1.2);
#4939=IFCSHAPEREPRESENTATION(#11,'Body','SweptSolid',(#4938));
#4945=IFCCARTESIANPOINT((1.7350526863973923,4.76837158203125E-06,1.));
#4946=IFCDIRECTION((0.,0.,1.));
#4947=IFCDIRECTION((0.99999999999928946,-1.1920928955069655E-06,0.));
#4948=IFCAXIS2PLACEMENT3D(#4945,#4946,#4947);
#4949=IFCLOCALPLACEMENT(#1442,#4948);
#4950=IFCCARTESIANPOINT((0.,0.,0.));
#4951=IFCDIRECTION((0.,0.,1.));
#4952=IFCDIRECTION((1.,0.,0.));
#4953=IFCAXIS2PLACEMENT3D(#4950,#4951,#4952);
#4954=IFCLOCALPLACEMENT(#4949,#4953);
#4955=IFCWINDOWTYPE('0E80PuMDXAMP$rP6Kh3unk',$,'Guest-1-GF',$,$,(#4956),(#4958,#4966,#5014),$,$,.WINDOW.,.SINGLE_PANEL.,$,$);
#4956=IFCPROPERTYSET('2mzzDlvTj1wwKiYcC2zYS0',$,'BBIM_Window',$,(#4957));
#4957=IFCPROPERTYSINGLEVALUE('Data',$,IFCTEXT('{"window_type": "DOUBLE_PANEL_VERTICAL", "overall_height": 0.8999999761581421, "overall_width": 1.2082953453063965, "lining_properties": {"lining_depth": 0.05000000074505806, "lining_thickness": 0.05000000074505806, "lining_offset": 0.05000000074505806, "lining_to_panel_offset_x": 0.02500000037252903, "lining_to_panel_offset_y": 0.02500000037252903, "mullion_thickness": 0.05000000074505806, "first_mullion_offset": 0.6206567883491516}, "panel_properties": {"frame_depth": [0.03500000014901161, 0.03500000014901161, 0.03500000014901161], "frame_thickness": [0.03500000014901161, 0.03500000014901161, 0.03500000014901161]}}'),$);
#4958=IFCREPRESENTATIONMAP(#4959,#5439);
#4959=IFCAXIS2PLACEMENT3D(#4960,#4961,#4962);
#4960=IFCCARTESIANPOINT((0.,0.,0.));
#4961=IFCDIRECTION((0.,0.,1.));
#4962=IFCDIRECTION((1.,0.,0.));
#4966=IFCREPRESENTATIONMAP(#4967,#5520);
#4967=IFCAXIS2PLACEMENT3D(#4968,#4969,#4970);
#4968=IFCCARTESIANPOINT((0.,0.,0.));
#4969=IFCDIRECTION((0.,0.,1.));
#4970=IFCDIRECTION((1.,0.,0.));
#5014=IFCREPRESENTATIONMAP(#5015,#5553);
#5015=IFCAXIS2PLACEMENT3D(#5016,#5017,#5018);
#5016=IFCCARTESIANPOINT((0.,0.,0.));
#5017=IFCDIRECTION((0.,0.,1.));
#5018=IFCDIRECTION((1.,0.,0.));
#5036=IFCWINDOW('3ksc6Wb016cweXHLa7jcW2',$,'Window',$,$,#5578,#5046,$,0.89999997615814209,1.2082953453063965,$,.DOUBLE_PANEL_VERTICAL.,$);
#5038=IFCRELDEFINESBYTYPE('2PLk9zTAT16xTVfXBQz6TQ',$,$,$,(#5036),#4955);
#5039=IFCCARTESIANPOINT((0.,0.,0.));
#5040=IFCDIRECTION((1.,0.,0.));
#5041=IFCDIRECTION((0.,1.,0.));
#5042=IFCDIRECTION((0.,0.,1.));
#5043=IFCCARTESIANTRANSFORMATIONOPERATOR3D(#5040,#5041,#5039,1.,#5042);
#5044=IFCMAPPEDITEM(#4958,#5043);
#5045=IFCSHAPEREPRESENTATION(#18,'Profile','MappedRepresentation',(#5044));
#5046=IFCPRODUCTDEFINITIONSHAPE($,$,(#5045,#5053,#5060));
#5047=IFCCARTESIANPOINT((0.,0.,0.));
#5048=IFCDIRECTION((1.,0.,0.));
#5049=IFCDIRECTION((0.,1.,0.));
#5050=IFCDIRECTION((0.,0.,1.));
#5051=IFCCARTESIANTRANSFORMATIONOPERATOR3D(#5048,#5049,#5047,1.,#5050);
#5052=IFCMAPPEDITEM(#4966,#5051);
#5053=IFCSHAPEREPRESENTATION(#11,'Body','MappedRepresentation',(#5052));
#5054=IFCCARTESIANPOINT((0.,0.,0.));
#5055=IFCDIRECTION((1.,0.,0.));
#5056=IFCDIRECTION((0.,1.,0.));
#5057=IFCDIRECTION((0.,0.,1.));
#5058=IFCCARTESIANTRANSFORMATIONOPERATOR3D(#5055,#5056,#5054,1.,#5057);
#5059=IFCMAPPEDITEM(#5014,#5058);
#5060=IFCSHAPEREPRESENTATION(#24,'Body','MappedRepresentation',(#5059));
#5061=IFCOPENINGELEMENT('2_R7T5VP1FGOJrDz2meO8y',$,'Opening',$,$,#5573,#5089,$,.OPENING.);
#5077=IFCCARTESIANPOINT((0.,0.,0.));
#5078=IFCDIRECTION((1.,0.,0.));
#5079=IFCDIRECTION((0.,0.,1.));
#5080=IFCAXIS2PLACEMENT3D(#5077,#5079,#5078);
#5081=IFCREPRESENTATIONMAP(#5080,#5563);
#5082=IFCCARTESIANPOINT((0.,0.,0.));
#5083=IFCDIRECTION((1.,0.,0.));
#5084=IFCDIRECTION((0.,1.,0.));
#5085=IFCDIRECTION((0.,0.,1.));
#5086=IFCCARTESIANTRANSFORMATIONOPERATOR3D(#5083,#5084,#5082,1.,#5085);
#5087=IFCMAPPEDITEM(#5081,#5086);
#5088=IFCSHAPEREPRESENTATION(#11,'Body','MappedRepresentation',(#5087));
#5089=IFCPRODUCTDEFINITIONSHAPE($,$,(#5088));
#5090=IFCRELVOIDSELEMENT('2nkutD3Z19fggXBVzE3peK',$,$,$,#541,#5061);
#5096=IFCRELFILLSELEMENT('2jgWEyDX99Zec2Xnlmxfb5',$,$,$,#5061,#5036);
#5150=IFCCARTESIANPOINTLIST2D(((0.36690062284469604,0.),(0.,0.),(0.,0.89999997615814209),(0.36690062284469604,0.89999997615814209),(0.36690062284469604,0.87499997578561306),(0.02500000037252903,0.87499997578561306),(0.02500000037252903,0.02500000037252903),(0.36690062284469604,0.02500000037252903)));
#5151=IFCINDEXEDPOLYCURVE(#5150,(IFCLINEINDEX((1,2,3,4,5,6,7,8,1))),$);
#5152=IFCARBITRARYCLOSEDPROFILEDEF(.AREA.,$,#5151);
#5153=IFCCARTESIANPOINT((0.,0.090000001713633537,0.));
#5154=IFCDIRECTION((0.,-1.,0.));
#5155=IFCDIRECTION((1.,0.,0.));
#5156=IFCAXIS2PLACEMENT3D(#5153,#5154,#5155);
#5157=IFCDIRECTION((0.,0.,-1.));
#5158=IFCEXTRUDEDAREASOLID(#5152,#5156,#5157,0.0099999997764825821);
#5159=IFCCARTESIANPOINTLIST2D(((0.,0.),(0.36690062284469604,0.),(0.36690062284469604,0.89999997615814209),(0.,0.89999997615814209)));
#5160=IFCINDEXEDPOLYCURVE(#5159,(IFCLINEINDEX((1,2,3,4,1))),$);
#5161=IFCCARTESIANPOINTLIST2D(((0.05000000074505806,0.05000000074505806),(0.34190062247216702,0.05000000074505806),(0.34190062247216702,0.84999997541308403),(0.05000000074505806,0.84999997541308403)));
#5162=IFCINDEXEDPOLYCURVE(#5161,(IFCLINEINDEX((1,2,3,4,1))),$);
#5163=IFCARBITRARYPROFILEDEFWITHVOIDS(.AREA.,$,#5160,(#5162));
#5164=IFCCARTESIANPOINT((0.,0.05000000074505806,0.));
#5165=IFCDIRECTION((0.,-1.,0.));
#5166=IFCDIRECTION((1.,0.,0.));
#5167=IFCAXIS2PLACEMENT3D(#5164,#5165,#5166);
#5168=IFCDIRECTION((0.,0.,-1.));
#5169=IFCEXTRUDEDAREASOLID(#5163,#5167,#5168,0.040000000968575478);
#5170=IFCCARTESIANPOINTLIST2D(((0.,0.),(0.34190062247216702,0.),(0.34190062247216702,0.84999997541308403),(0.,0.84999997541308403)));
#5171=IFCINDEXEDPOLYCURVE(#5170,(IFCLINEINDEX((1,2,3,4,1))),$);
#5172=IFCCARTESIANPOINTLIST2D(((0.035000000149011612,0.035000000149011612),(0.3069006223231554,0.035000000149011612),(0.3069006223231554,0.81499997526407242),(0.035000000149011612,0.81499997526407242)));
#5173=IFCINDEXEDPOLYCURVE(#5172,(IFCLINEINDEX((1,2,3,4,1))),$);
#5174=IFCARBITRARYPROFILEDEFWITHVOIDS(.AREA.,$,#5171,(#5173));
#5175=IFCCARTESIANPOINT((0.02500000037252903,0.090000001713633537,0.02500000037252903));
#5176=IFCDIRECTION((0.,-1.,0.));
#5177=IFCDIRECTION((1.,0.,0.));
#5178=IFCAXIS2PLACEMENT3D(#5175,#5176,#5177);
#5179=IFCDIRECTION((0.,0.,-1.));
#5180=IFCEXTRUDEDAREASOLID(#5174,#5178,#5179,0.035000000149011612);
#5181=IFCINDEXEDPOLYCURVE(#5182,(IFCLINEINDEX((1,2,3,4,1))),$);
#5182=IFCCARTESIANPOINTLIST2D(((0.035000000149011612,0.035000000149011612),(0.3069006223231554,0.035000000149011612),(0.3069006223231554,0.81499997526407242),(0.035000000149011612,0.81499997526407242)));
#5183=IFCARBITRARYCLOSEDPROFILEDEF(.AREA.,$,#5181);
#5184=IFCCARTESIANPOINT((0.02500000037252903,0.10250000178813934,0.02500000037252903));
#5185=IFCDIRECTION((0.,-1.,0.));
#5186=IFCDIRECTION((1.,0.,0.));
#5187=IFCAXIS2PLACEMENT3D(#5184,#5185,#5186);
#5188=IFCDIRECTION((0.,0.,-1.));
#5189=IFCEXTRUDEDAREASOLID(#5183,#5187,#5188,0.01);
#5190=IFCCARTESIANPOINTLIST2D(((0.,0.89999997615814209),(0.84139472246170044,0.89999997615814209),(0.84139472246170044,0.),(0.,0.),(0.,0.02500000037252903),(0.81639472208917141,0.02500000037252903),(0.81639472208917141,0.87499997578561306),(0.,0.87499997578561306)));
#5191=IFCINDEXEDPOLYCURVE(#5190,(IFCLINEINDEX((1,2,3,4,5,6,7,8,1))),$);
#5192=IFCARBITRARYCLOSEDPROFILEDEF(.AREA.,$,#5191);
#5193=IFCCARTESIANPOINT((0.36690062284469604,0.090000001713633537,0.));
#5194=IFCDIRECTION((0.,-1.,0.));
#5195=IFCDIRECTION((1.,0.,0.));
#5196=IFCAXIS2PLACEMENT3D(#5193,#5194,#5195);
#5197=IFCDIRECTION((0.,0.,-1.));
#5198=IFCEXTRUDEDAREASOLID(#5192,#5196,#5197,0.0099999997764825821);
#5199=IFCCARTESIANPOINTLIST2D(((0.,0.),(0.84139472246170044,0.),(0.84139472246170044,0.89999997615814209),(0.,0.89999997615814209)));
#5200=IFCINDEXEDPOLYCURVE(#5199,(IFCLINEINDEX((1,2,3,4,1))),$);
#5201=IFCCARTESIANPOINTLIST2D(((0.02500000037252903,0.05000000074505806),(0.79139472171664238,0.05000000074505806),(0.79139472171664238,0.84999997541308403),(0.02500000037252903,0.84999997541308403)));
#5202=IFCINDEXEDPOLYCURVE(#5201,(IFCLINEINDEX((1,2,3,4,1))),$);
#5203=IFCARBITRARYPROFILEDEFWITHVOIDS(.AREA.,$,#5200,(#5202));
#5204=IFCCARTESIANPOINT((0.36690062284469604,0.05000000074505806,0.));
#5205=IFCDIRECTION((0.,-1.,0.));
#5206=IFCDIRECTION((1.,0.,0.));
#5207=IFCAXIS2PLACEMENT3D(#5204,#5205,#5206);
#5208=IFCDIRECTION((0.,0.,-1.));
#5209=IFCEXTRUDEDAREASOLID(#5203,#5207,#5208,0.040000000968575478);
#5210=IFCCARTESIANPOINTLIST2D(((0.,0.),(0.81639472208917141,0.),(0.81639472208917141,0.84999997541308403),(0.,0.84999997541308403)));
#5211=IFCINDEXEDPOLYCURVE(#5210,(IFCLINEINDEX((1,2,3,4,1))),$);
#5212=IFCCARTESIANPOINTLIST2D(((0.035000000149011612,0.035000000149011612),(0.7813947219401598,0.035000000149011612),(0.7813947219401598,0.81499997526407242),(0.035000000149011612,0.81499997526407242)));
#5213=IFCINDEXEDPOLYCURVE(#5212,(IFCLINEINDEX((1,2,3,4,1))),$);
#5214=IFCARBITRARYPROFILEDEFWITHVOIDS(.AREA.,$,#5211,(#5213));
#5215=IFCCARTESIANPOINT((0.36690062284469604,0.090000001713633537,0.02500000037252903));
#5216=IFCDIRECTION((0.,-1.,0.));
#5217=IFCDIRECTION((1.,0.,0.));
#5218=IFCAXIS2PLACEMENT3D(#5215,#5216,#5217);
#5219=IFCDIRECTION((0.,0.,-1.));
#5220=IFCEXTRUDEDAREASOLID(#5214,#5218,#5219,0.035000000149011612);
#5221=IFCINDEXEDPOLYCURVE(#5222,(IFCLINEINDEX((1,2,3,4,1))),$);
#5222=IFCCARTESIANPOINTLIST2D(((0.035000000149011612,0.035000000149011612),(0.7813947219401598,0.035000000149011612),(0.7813947219401598,0.81499997526407242),(0.035000000149011612,0.81499997526407242)));
#5223=IFCARBITRARYCLOSEDPROFILEDEF(.AREA.,$,#5221);
#5224=IFCCARTESIANPOINT((0.36690062284469604,0.10250000178813934,0.02500000037252903));
#5225=IFCDIRECTION((0.,-1.,0.));
#5226=IFCDIRECTION((1.,0.,0.));
#5227=IFCAXIS2PLACEMENT3D(#5224,#5225,#5226);
#5228=IFCDIRECTION((0.,0.,-1.));
#5229=IFCEXTRUDEDAREASOLID(#5223,#5227,#5228,0.01);
#5231=IFCSHAPEREPRESENTATION(#11,'Body','SweptSolid',(#5448,#5459,#5306,#5158,#5357,#5488,#5499,#5198,#5317,#5209,#5169,#5346));
#5232=IFCSHAPEASPECT((#5231),'Lining',$,.T.,#5046);
#5233=IFCSHAPEREPRESENTATION(#11,'Body','SweptSolid',(#5220,#5328,#5470,#5180,#5510,#5368));
#5234=IFCSHAPEASPECT((#5233),'Framing',$,.T.,#5046);
#5235=IFCSHAPEREPRESENTATION(#11,'Body','SweptSolid',(#5337,#5519,#5479,#5189,#5377,#5229));
#5236=IFCSHAPEASPECT((#5235),'Glazing',$,.T.,#5046);
#5298=IFCCARTESIANPOINTLIST2D(((0.62065678834915161,0.),(0.,0.),(0.,0.89999997615814209),(0.62065678834915161,0.89999997615814209),(0.62065678834915161,0.87499997578561306),(0.02500000037252903,0.87499997578561306),(0.02500000037252903,0.02500000037252903),(0.62065678834915161,0.02500000037252903)));
#5299=IFCINDEXEDPOLYCURVE(#5298,(IFCLINEINDEX((1,2,3,4,5,6,7,8,1))),$);
#5300=IFCARBITRARYCLOSEDPROFILEDEF(.AREA.,$,#5299);
#5301=IFCCARTESIANPOINT((0.,0.090000001713633537,0.));
#5302=IFCDIRECTION((0.,-1.,0.));
#5303=IFCDIRECTION((1.,0.,0.));
#5304=IFCAXIS2PLACEMENT3D(#5301,#5302,#5303);
#5305=IFCDIRECTION((0.,0.,-1.));
#5306=IFCEXTRUDEDAREASOLID(#5300,#5304,#5305,0.0099999997764825821);
#5307=IFCCARTESIANPOINTLIST2D(((0.,0.),(0.62065678834915161,0.),(0.62065678834915161,0.89999997615814209),(0.,0.89999997615814209)));
#5308=IFCINDEXEDPOLYCURVE(#5307,(IFCLINEINDEX((1,2,3,4,1))),$);
#5309=IFCCARTESIANPOINTLIST2D(((0.05000000074505806,0.05000000074505806),(0.59565678797662258,0.05000000074505806),(0.59565678797662258,0.84999997541308403),(0.05000000074505806,0.84999997541308403)));
#5310=IFCINDEXEDPOLYCURVE(#5309,(IFCLINEINDEX((1,2,3,4,1))),$);
#5311=IFCARBITRARYPROFILEDEFWITHVOIDS(.AREA.,$,#5308,(#5310));
#5312=IFCCARTESIANPOINT((0.,0.05000000074505806,0.));
#5313=IFCDIRECTION((0.,-1.,0.));
#5314=IFCDIRECTION((1.,0.,0.));
#5315=IFCAXIS2PLACEMENT3D(#5312,#5313,#5314);
#5316=IFCDIRECTION((0.,0.,-1.));
#5317=IFCEXTRUDEDAREASOLID(#5311,#5315,#5316,0.040000000968575478);
#5318=IFCCARTESIANPOINTLIST2D(((0.,0.),(0.59565678797662258,0.),(0.59565678797662258,0.84999997541308403),(0.,0.84999997541308403)));
#5319=IFCINDEXEDPOLYCURVE(#5318,(IFCLINEINDEX((1,2,3,4,1))),$);
#5320=IFCCARTESIANPOINTLIST2D(((0.035000000149011612,0.035000000149011612),(0.56065678782761097,0.035000000149011612),(0.56065678782761097,0.81499997526407242),(0.035000000149011612,0.81499997526407242)));
#5321=IFCINDEXEDPOLYCURVE(#5320,(IFCLINEINDEX((1,2,3,4,1))),$);
#5322=IFCARBITRARYPROFILEDEFWITHVOIDS(.AREA.,$,#5319,(#5321));
#5323=IFCCARTESIANPOINT((0.02500000037252903,0.090000001713633537,0.02500000037252903));
#5324=IFCDIRECTION((0.,-1.,0.));
#5325=IFCDIRECTION((1.,0.,0.));
#5326=IFCAXIS2PLACEMENT3D(#5323,#5324,#5325);
#5327=IFCDIRECTION((0.,0.,-1.));
#5328=IFCEXTRUDEDAREASOLID(#5322,#5326,#5327,0.035000000149011612);
#5329=IFCINDEXEDPOLYCURVE(#5330,(IFCLINEINDEX((1,2,3,4,1))),$);
#5330=IFCCARTESIANPOINTLIST2D(((0.035000000149011612,0.035000000149011612),(0.56065678782761097,0.035000000149011612),(0.56065678782761097,0.81499997526407242),(0.035000000149011612,0.81499997526407242)));
#5331=IFCARBITRARYCLOSEDPROFILEDEF(.AREA.,$,#5329);
#5332=IFCCARTESIANPOINT((0.02500000037252903,0.10250000178813934,0.02500000037252903));
#5333=IFCDIRECTION((0.,-1.,0.));
#5334=IFCDIRECTION((1.,0.,0.));
#5335=IFCAXIS2PLACEMENT3D(#5332,#5333,#5334);
#5336=IFCDIRECTION((0.,0.,-1.));
#5337=IFCEXTRUDEDAREASOLID(#5331,#5335,#5336,0.01);
#5338=IFCCARTESIANPOINTLIST2D(((0.,0.89999997615814209),(0.58763855695724487,0.89999997615814209),(0.58763855695724487,0.),(0.,0.),(0.,0.02500000037252903),(0.56263855658471584,0.02500000037252903),(0.56263855658471584,0.87499997578561306),(0.,0.87499997578561306)));
#5339=IFCINDEXEDPOLYCURVE(#5338,(IFCLINEINDEX((1,2,3,4,5,6,7,8,1))),$);
#5340=IFCARBITRARYCLOSEDPROFILEDEF(.AREA.,$,#5339);
#5341=IFCCARTESIANPOINT((0.62065678834915161,0.090000001713633537,0.));
#5342=IFCDIRECTION((0.,-1.,0.));
#5343=IFCDIRECTION((1.,0.,0.));
#5344=IFCAXIS2PLACEMENT3D(#5341,#5342,#5343);
#5345=IFCDIRECTION((0.,0.,-1.));
#5346=IFCEXTRUDEDAREASOLID(#5340,#5344,#5345,0.0099999997764825821);
#5347=IFCCARTESIANPOINTLIST2D(((0.,0.),(0.58763855695724487,0.),(0.58763855695724487,0.89999997615814209),(0.,0.89999997615814209)));
#5348=IFCINDEXEDPOLYCURVE(#5347,(IFCLINEINDEX((1,2,3,4,1))),$);
#5349=IFCCARTESIANPOINTLIST2D(((0.02500000037252903,0.05000000074505806),(0.53763855621218681,0.05000000074505806),(0.53763855621218681,0.84999997541308403),(0.02500000037252903,0.84999997541308403)));
#5350=IFCINDEXEDPOLYCURVE(#5349,(IFCLINEINDEX((1,2,3,4,1))),$);
#5351=IFCARBITRARYPROFILEDEFWITHVOIDS(.AREA.,$,#5348,(#5350));
#5352=IFCCARTESIANPOINT((0.62065678834915161,0.05000000074505806,0.));
#5353=IFCDIRECTION((0.,-1.,0.));
#5354=IFCDIRECTION((1.,0.,0.));
#5355=IFCAXIS2PLACEMENT3D(#5352,#5353,#5354);
#5356=IFCDIRECTION((0.,0.,-1.));
#5357=IFCEXTRUDEDAREASOLID(#5351,#5355,#5356,0.040000000968575478);
#5358=IFCCARTESIANPOINTLIST2D(((0.,0.),(0.56263855658471584,0.),(0.56263855658471584,0.84999997541308403),(0.,0.84999997541308403)));
#5359=IFCINDEXEDPOLYCURVE(#5358,(IFCLINEINDEX((1,2,3,4,1))),$);
#5360=IFCCARTESIANPOINTLIST2D(((0.035000000149011612,0.035000000149011612),(0.52763855643570423,0.035000000149011612),(0.52763855643570423,0.81499997526407242),(0.035000000149011612,0.81499997526407242)));
#5361=IFCINDEXEDPOLYCURVE(#5360,(IFCLINEINDEX((1,2,3,4,1))),$);
#5362=IFCARBITRARYPROFILEDEFWITHVOIDS(.AREA.,$,#5359,(#5361));
#5363=IFCCARTESIANPOINT((0.62065678834915161,0.090000001713633537,0.02500000037252903));
#5364=IFCDIRECTION((0.,-1.,0.));
#5365=IFCDIRECTION((1.,0.,0.));
#5366=IFCAXIS2PLACEMENT3D(#5363,#5364,#5365);
#5367=IFCDIRECTION((0.,0.,-1.));
#5368=IFCEXTRUDEDAREASOLID(#5362,#5366,#5367,0.035000000149011612);
#5369=IFCINDEXEDPOLYCURVE(#5370,(IFCLINEINDEX((1,2,3,4,1))),$);
#5370=IFCCARTESIANPOINTLIST2D(((0.035000000149011612,0.035000000149011612),(0.52763855643570423,0.035000000149011612),(0.52763855643570423,0.81499997526407242),(0.035000000149011612,0.81499997526407242)));
#5371=IFCARBITRARYCLOSEDPROFILEDEF(.AREA.,$,#5369);
#5372=IFCCARTESIANPOINT((0.62065678834915161,0.10250000178813934,0.02500000037252903));
#5373=IFCDIRECTION((0.,-1.,0.));
#5374=IFCDIRECTION((1.,0.,0.));
#5375=IFCAXIS2PLACEMENT3D(#5372,#5373,#5374);
#5376=IFCDIRECTION((0.,0.,-1.));
#5377=IFCEXTRUDEDAREASOLID(#5371,#5375,#5376,0.01);
#5437=IFCCARTESIANPOINTLIST3D(((0.,0.,0.),(1.2082953453063965,0.,0.),(1.2082953453063965,0.,0.89999997615814209),(0.,0.,0.89999997615814209)));
#5438=IFCINDEXEDPOLYCURVE(#5437,(IFCLINEINDEX((1,2,3,4,1))),$);
#5439=IFCSHAPEREPRESENTATION(#18,'Profile','Curve3D',(#5438));
#5440=IFCCARTESIANPOINTLIST2D(((0.62065678834915161,0.),(0.,0.),(0.,0.89999997615814209),(0.62065678834915161,0.89999997615814209),(0.62065678834915161,0.87499997578561306),(0.02500000037252903,0.87499997578561306),(0.02500000037252903,0.02500000037252903),(0.62065678834915161,0.02500000037252903)));
#5441=IFCINDEXEDPOLYCURVE(#5440,(IFCLINEINDEX((1,2,3,4,5,6,7,8,1))),$);
#5442=IFCARBITRARYCLOSEDPROFILEDEF(.AREA.,$,#5441);
#5443=IFCCARTESIANPOINT((0.,0.090000001713633537,0.));
#5444=IFCDIRECTION((0.,-1.,0.));
#5445=IFCDIRECTION((1.,0.,0.));
#5446=IFCAXIS2PLACEMENT3D(#5443,#5444,#5445);
#5447=IFCDIRECTION((0.,0.,-1.));
#5448=IFCEXTRUDEDAREASOLID(#5442,#5446,#5447,0.0099999997764825821);
#5449=IFCCARTESIANPOINTLIST2D(((0.,0.),(0.62065678834915161,0.),(0.62065678834915161,0.89999997615814209),(0.,0.89999997615814209)));
#5450=IFCINDEXEDPOLYCURVE(#5449,(IFCLINEINDEX((1,2,3,4,1))),$);
#5451=IFCCARTESIANPOINTLIST2D(((0.05000000074505806,0.05000000074505806),(0.59565678797662258,0.05000000074505806),(0.59565678797662258,0.84999997541308403),(0.05000000074505806,0.84999997541308403)));
#5452=IFCINDEXEDPOLYCURVE(#5451,(IFCLINEINDEX((1,2,3,4,1))),$);
#5453=IFCARBITRARYPROFILEDEFWITHVOIDS(.AREA.,$,#5450,(#5452));
#5454=IFCCARTESIANPOINT((0.,0.05000000074505806,0.));
#5455=IFCDIRECTION((0.,-1.,0.));
#5456=IFCDIRECTION((1.,0.,0.));
#5457=IFCAXIS2PLACEMENT3D(#5454,#5455,#5456);
#5458=IFCDIRECTION((0.,0.,-1.));
#5459=IFCEXTRUDEDAREASOLID(#5453,#5457,#5458,0.040000000968575478);
#5460=IFCCARTESIANPOINTLIST2D(((0.,0.),(0.59565678797662258,0.),(0.59565678797662258,0.84999997541308403),(0.,0.84999997541308403)));
#5461=IFCINDEXEDPOLYCURVE(#5460,(IFCLINEINDEX((1,2,3,4,1))),$);
#5462=IFCCARTESIANPOINTLIST2D(((0.035000000149011612,0.035000000149011612),(0.56065678782761097,0.035000000149011612),(0.56065678782761097,0.81499997526407242),(0.035000000149011612,0.81499997526407242)));
#5463=IFCINDEXEDPOLYCURVE(#5462,(IFCLINEINDEX((1,2,3,4,1))),$);
#5464=IFCARBITRARYPROFILEDEFWITHVOIDS(.AREA.,$,#5461,(#5463));
#5465=IFCCARTESIANPOINT((0.02500000037252903,0.090000001713633537,0.02500000037252903));
#5466=IFCDIRECTION((0.,-1.,0.));
#5467=IFCDIRECTION((1.,0.,0.));
#5468=IFCAXIS2PLACEMENT3D(#5465,#5466,#5467);
#5469=IFCDIRECTION((0.,0.,-1.));
#5470=IFCEXTRUDEDAREASOLID(#5464,#5468,#5469,0.035000000149011612);
#5471=IFCINDEXEDPOLYCURVE(#5472,(IFCLINEINDEX((1,2,3,4,1))),$);
#5472=IFCCARTESIANPOINTLIST2D(((0.035000000149011612,0.035000000149011612),(0.56065678782761097,0.035000000149011612),(0.56065678782761097,0.81499997526407242),(0.035000000149011612,0.81499997526407242)));
#5473=IFCARBITRARYCLOSEDPROFILEDEF(.AREA.,$,#5471);
#5474=IFCCARTESIANPOINT((0.02500000037252903,0.10250000178813934,0.02500000037252903));
#5475=IFCDIRECTION((0.,-1.,0.));
#5476=IFCDIRECTION((1.,0.,0.));
#5477=IFCAXIS2PLACEMENT3D(#5474,#5475,#5476);
#5478=IFCDIRECTION((0.,0.,-1.));
#5479=IFCEXTRUDEDAREASOLID(#5473,#5477,#5478,0.01);
#5480=IFCCARTESIANPOINTLIST2D(((0.,0.89999997615814209),(0.58763855695724487,0.89999997615814209),(0.58763855695724487,0.),(0.,0.),(0.,0.02500000037252903),(0.56263855658471584,0.02500000037252903),(0.56263855658471584,0.87499997578561306),(0.,0.87499997578561306)));
#5481=IFCINDEXEDPOLYCURVE(#5480,(IFCLINEINDEX((1,2,3,4,5,6,7,8,1))),$);
#5482=IFCARBITRARYCLOSEDPROFILEDEF(.AREA.,$,#5481);
#5483=IFCCARTESIANPOINT((0.62065678834915161,0.090000001713633537,0.));
#5484=IFCDIRECTION((0.,-1.,0.));
#5485=IFCDIRECTION((1.,0.,0.));
#5486=IFCAXIS2PLACEMENT3D(#5483,#5484,#5485);
#5487=IFCDIRECTION((0.,0.,-1.));
#5488=IFCEXTRUDEDAREASOLID(#5482,#5486,#5487,0.0099999997764825821);
#5489=IFCCARTESIANPOINTLIST2D(((0.,0.),(0.58763855695724487,0.),(0.58763855695724487,0.89999997615814209),(0.,0.89999997615814209)));
#5490=IFCINDEXEDPOLYCURVE(#5489,(IFCLINEINDEX((1,2,3,4,1))),$);
#5491=IFCCARTESIANPOINTLIST2D(((0.02500000037252903,0.05000000074505806),(0.53763855621218681,0.05000000074505806),(0.53763855621218681,0.84999997541308403),(0.02500000037252903,0.84999997541308403)));
#5492=IFCINDEXEDPOLYCURVE(#5491,(IFCLINEINDEX((1,2,3,4,1))),$);
#5493=IFCARBITRARYPROFILEDEFWITHVOIDS(.AREA.,$,#5490,(#5492));
#5494=IFCCARTESIANPOINT((0.62065678834915161,0.05000000074505806,0.));
#5495=IFCDIRECTION((0.,-1.,0.));
#5496=IFCDIRECTION((1.,0.,0.));
#5497=IFCAXIS2PLACEMENT3D(#5494,#5495,#5496);
#5498=IFCDIRECTION((0.,0.,-1.));
#5499=IFCEXTRUDEDAREASOLID(#5493,#5497,#5498,0.040000000968575478);
#5500=IFCCARTESIANPOINTLIST2D(((0.,0.),(0.56263855658471584,0.),(0.56263855658471584,0.84999997541308403),(0.,0.84999997541308403)));
#5501=IFCINDEXEDPOLYCURVE(#5500,(IFCLINEINDEX((1,2,3,4,1))),$);
#5502=IFCCARTESIANPOINTLIST2D(((0.035000000149011612,0.035000000149011612),(0.52763855643570423,0.035000000149011612),(0.52763855643570423,0.81499997526407242),(0.035000000149011612,0.81499997526407242)));
#5503=IFCINDEXEDPOLYCURVE(#5502,(IFCLINEINDEX((1,2,3,4,1))),$);
#5504=IFCARBITRARYPROFILEDEFWITHVOIDS(.AREA.,$,#5501,(#5503));
#5505=IFCCARTESIANPOINT((0.62065678834915161,0.090000001713633537,0.02500000037252903));
#5506=IFCDIRECTION((0.,-1.,0.));
#5507=IFCDIRECTION((1.,0.,0.));
#5508=IFCAXIS2PLACEMENT3D(#5505,#5506,#5507);
#5509=IFCDIRECTION((0.,0.,-1.));
#5510=IFCEXTRUDEDAREASOLID(#5504,#5508,#5509,0.035000000149011612);
#5511=IFCINDEXEDPOLYCURVE(#5512,(IFCLINEINDEX((1,2,3,4,1))),$);
#5512=IFCCARTESIANPOINTLIST2D(((0.035000000149011612,0.035000000149011612),(0.52763855643570423,0.035000000149011612),(0.52763855643570423,0.81499997526407242),(0.035000000149011612,0.81499997526407242)));
#5513=IFCARBITRARYCLOSEDPROFILEDEF(.AREA.,$,#5511);
#5514=IFCCARTESIANPOINT((0.62065678834915161,0.10250000178813934,0.02500000037252903));
#5515=IFCDIRECTION((0.,-1.,0.));
#5516=IFCDIRECTION((1.,0.,0.));
#5517=IFCAXIS2PLACEMENT3D(#5514,#5515,#5516);
#5518=IFCDIRECTION((0.,0.,-1.));
#5519=IFCEXTRUDEDAREASOLID(#5513,#5517,#5518,0.01);
#5520=IFCSHAPEREPRESENTATION(#11,'Body','SweptSolid',(#5448,#5459,#5470,#5479,#5488,#5499,#5510,#5519));
#5521=IFCCARTESIANPOINTLIST2D(((0.05000000074505806,0.05000000074505806),(0.59565678797662258,0.05000000074505806)));
#5522=IFCINDEXEDPOLYCURVE(#5521,$,$);
#5523=IFCCARTESIANPOINTLIST2D(((0.,0.10000000149011612),(0.02500000037252903,0.10000000149011612),(0.02500000037252903,0.090000001713633537),(0.05000000074505806,0.090000001713633537),(0.05000000074505806,0.05000000074505806),(0.,0.05000000074505806)));
#5524=IFCINDEXEDPOLYCURVE(#5523,(IFCLINEINDEX((1,2,3,4,5,6,1))),$);
#5525=IFCCARTESIANPOINTLIST2D(((0.62065678834915161,0.10000000149011612),(0.62065678834915161,0.10000000149011612),(0.62065678834915161,0.090000001713633537),(0.59565678797662258,0.090000001713633537),(0.59565678797662258,0.05000000074505806),(0.62065678834915161,0.05000000074505806)));
#5526=IFCINDEXEDPOLYCURVE(#5525,$,$);
#5527=IFCCARTESIANPOINTLIST2D(((0.02500000037252903,0.090000001713633537),(0.060000000521540642,0.090000001713633537),(0.060000000521540642,0.12500000186264515),(0.02500000037252903,0.12500000186264515)));
#5528=IFCINDEXEDPOLYCURVE(#5527,(IFCLINEINDEX((1,2,3,4,1))),$);
#5529=IFCINDEXEDPOLYCURVE(#5530,(IFCLINEINDEX((1,2,3,4,1))),$);
#5530=IFCCARTESIANPOINTLIST2D(((0.62065678834915161,0.090000001713633537),(0.58565678820014,0.090000001713633537),(0.58565678820014,0.12500000186264515),(0.62065678834915161,0.12500000186264515)));
#5531=IFCCARTESIANPOINTLIST2D(((0.060000000521540642,0.090000001713633537),(0.58565678820014,0.090000001713633537)));
#5532=IFCINDEXEDPOLYCURVE(#5531,$,$);
#5533=IFCINDEXEDPOLYCURVE(#5534,$,$);
#5534=IFCCARTESIANPOINTLIST2D(((0.060000000521540642,0.12500000186264515),(0.58565678820014,0.12500000186264515)));
#5535=IFCINDEXEDPOLYCURVE(#5536,$,$);
#5536=IFCCARTESIANPOINTLIST2D(((0.060000000521540642,0.10750000178813934),(0.58565678820014,0.10750000178813934)));
#5537=IFCCARTESIANPOINTLIST2D(((0.64565678872168064,0.05000000074505806),(1.1582953445613384,0.05000000074505806)));
#5538=IFCINDEXEDPOLYCURVE(#5537,$,$);
#5539=IFCCARTESIANPOINTLIST2D(((0.62065678834915161,0.10000000149011612),(0.62065678834915161,0.10000000149011612),(0.62065678834915161,0.090000001713633537),(0.64565678872168064,0.090000001713633537),(0.64565678872168064,0.05000000074505806),(0.62065678834915161,0.05000000074505806)));
#5540=IFCINDEXEDPOLYCURVE(#5539,$,$);
#5541=IFCCARTESIANPOINTLIST2D(((1.2082953453063965,0.10000000149011612),(1.1832953449338675,0.10000000149011612),(1.1832953449338675,0.090000001713633537),(1.1582953445613384,0.090000001713633537),(1.1582953445613384,0.05000000074505806),(1.2082953453063965,0.05000000074505806)));
#5542=IFCINDEXEDPOLYCURVE(#5541,(IFCLINEINDEX((1,2,3,4,5,6,1))),$);
#5543=IFCCARTESIANPOINTLIST2D(((0.62065678834915161,0.090000001713633537),(0.65565678849816322,0.090000001713633537),(0.65565678849816322,0.12500000186264515),(0.62065678834915161,0.12500000186264515)));
#5544=IFCINDEXEDPOLYCURVE(#5543,(IFCLINEINDEX((1,2,3,4,1))),$);
#5545=IFCINDEXEDPOLYCURVE(#5546,(IFCLINEINDEX((1,2,3,4,1))),$);
#5546=IFCCARTESIANPOINTLIST2D(((1.1832953449338675,0.090000001713633537),(1.1482953447848558,0.090000001713633537),(1.1482953447848558,0.12500000186264515),(1.1832953449338675,0.12500000186264515)));
#5547=IFCCARTESIANPOINTLIST2D(((0.65565678849816322,0.090000001713633537),(1.1482953447848558,0.090000001713633537)));
#5548=IFCINDEXEDPOLYCURVE(#5547,$,$);
#5549=IFCINDEXEDPOLYCURVE(#5550,$,$);
#5550=IFCCARTESIANPOINTLIST2D(((0.65565678849816322,0.12500000186264515),(1.1482953447848558,0.12500000186264515)));
#5551=IFCINDEXEDPOLYCURVE(#5552,$,$);
#5552=IFCCARTESIANPOINTLIST2D(((0.65565678849816322,0.10750000178813934),(1.1482953447848558,0.10750000178813934)));
#5553=IFCSHAPEREPRESENTATION(#24,'Body','Curve2D',(#5522,#5524,#5526,#5528,#5529,#5532,#5533,#5535,#5538,#5540,#5542,#5544,#5545,#5548,#5549,#5551));
#5554=IFCCARTESIANPOINTLIST2D(((0.,0.),(1.2082953453063965,0.),(1.2082953453063965,0.89999997615814209),(0.,0.89999997615814209)));
#5555=IFCINDEXEDPOLYCURVE(#5554,(IFCLINEINDEX((1,2,3,4,1))),$);
#5556=IFCARBITRARYCLOSEDPROFILEDEF(.AREA.,$,#5555);
#5557=IFCCARTESIANPOINT((0.,-0.60000002384185791,0.));
#5558=IFCDIRECTION((0.,-1.,0.));
#5559=IFCDIRECTION((1.,0.,0.));
#5560=IFCAXIS2PLACEMENT3D(#5557,#5558,#5559);
#5561=IFCDIRECTION((0.,0.,-1.));
#5562=IFCEXTRUDEDAREASOLID(#5556,#5560,#5561,1.2);
#5563=IFCSHAPEREPRESENTATION(#11,'Body','SweptSolid',(#5562));
#5569=IFCCARTESIANPOINT((1.0327525232208588,9.7658447922865932E-07,1.));
#5570=IFCDIRECTION((0.,0.,1.));
#5571=IFCDIRECTION((0.99999999999991473,-4.1327438514131439E-07,0.));
#5572=IFCAXIS2PLACEMENT3D(#5569,#5570,#5571);
#5573=IFCLOCALPLACEMENT(#552,#5572);
#5574=IFCCARTESIANPOINT((2.2204460492503131E-16,1.3877787807814457E-17,0.));
#5575=IFCDIRECTION((0.,0.,1.));
#5576=IFCDIRECTION((1.,2.7105054312137611E-20,0.));
#5577=IFCAXIS2PLACEMENT3D(#5574,#5575,#5576);
#5578=IFCLOCALPLACEMENT(#5573,#5577);
#5579=IFCWINDOWTYPE('14H1JazBTEe9VMMXcMlxR_',$,'Guest-2-GF',$,$,(#5580),(#5582,#5590,#5638),$,$,.WINDOW.,.SINGLE_PANEL.,$,$);
#5580=IFCPROPERTYSET('1y99R2ZNHBiOkTI9lFsxxF',$,'BBIM_Window',$,(#5581));
#5581=IFCPROPERTYSINGLEVALUE('Data',$,IFCTEXT('{"window_type": "SINGLE_PANEL", "overall_height": 0.8999999761581421, "overall_width": 0.792844295501709, "lining_properties": {"lining_depth": 0.05000000074505806, "lining_thickness": 0.05000000074505806, "lining_offset": 0.05000000074505806, "lining_to_panel_offset_x": 0.02500000037252903, "lining_to_panel_offset_y": 0.02500000037252903}, "panel_properties": {"frame_depth": [0.03500000014901161, 0.03500000014901161, 0.03500000014901161], "frame_thickness": [0.03500000014901161, 0.03500000014901161, 0.03500000014901161]}}'),$);
#5582=IFCREPRESENTATIONMAP(#5583,#6409);
#5583=IFCAXIS2PLACEMENT3D(#5584,#5585,#5586);
#5584=IFCCARTESIANPOINT((0.,0.,0.));
#5585=IFCDIRECTION((0.,0.,1.));
#5586=IFCDIRECTION((1.,0.,0.));
#5590=IFCREPRESENTATIONMAP(#5591,#6452);
#5591=IFCAXIS2PLACEMENT3D(#5592,#5593,#5594);
#5592=IFCCARTESIANPOINT((0.,0.,0.));
#5593=IFCDIRECTION((0.,0.,1.));
#5594=IFCDIRECTION((1.,0.,0.));
#5638=IFCREPRESENTATIONMAP(#5639,#6469);
#5639=IFCAXIS2PLACEMENT3D(#5640,#5641,#5642);
#5640=IFCCARTESIANPOINT((0.,0.,0.));
#5641=IFCDIRECTION((0.,0.,1.));
#5642=IFCDIRECTION((1.,0.,0.));
#5660=IFCWINDOW('2pO2$TN99BavX87djpwgkf',$,'Window',$,$,#6494,#5670,$,0.89999997615814209,0.79284429550170898,$,.SINGLE_PANEL.,$);
#5662=IFCRELDEFINESBYTYPE('0uCJo$01j5lPt6lP6I8jeJ',$,$,$,(#5660),#5579);
#5663=IFCCARTESIANPOINT((0.,0.,0.));
#5664=IFCDIRECTION((1.,0.,0.));
#5665=IFCDIRECTION((0.,1.,0.));
#5666=IFCDIRECTION((0.,0.,1.));
#5667=IFCCARTESIANTRANSFORMATIONOPERATOR3D(#5664,#5665,#5663,1.,#5666);
#5668=IFCMAPPEDITEM(#5582,#5667);
#5669=IFCSHAPEREPRESENTATION(#18,'Profile','MappedRepresentation',(#5668));
#5670=IFCPRODUCTDEFINITIONSHAPE($,$,(#5669,#5677,#5684));
#5671=IFCCARTESIANPOINT((0.,0.,0.));
#5672=IFCDIRECTION((1.,0.,0.));
#5673=IFCDIRECTION((0.,1.,0.));
#5674=IFCDIRECTION((0.,0.,1.));
#5675=IFCCARTESIANTRANSFORMATIONOPERATOR3D(#5672,#5673,#5671,1.,#5674);
#5676=IFCMAPPEDITEM(#5590,#5675);
#5677=IFCSHAPEREPRESENTATION(#11,'Body','MappedRepresentation',(#5676));
#5678=IFCCARTESIANPOINT((0.,0.,0.));
#5679=IFCDIRECTION((1.,0.,0.));
#5680=IFCDIRECTION((0.,1.,0.));
#5681=IFCDIRECTION((0.,0.,1.));
#5682=IFCCARTESIANTRANSFORMATIONOPERATOR3D(#5679,#5680,#5678,1.,#5681);
#5683=IFCMAPPEDITEM(#5638,#5682);
#5684=IFCSHAPEREPRESENTATION(#24,'Body','MappedRepresentation',(#5683));
#5685=IFCOPENINGELEMENT('2vHRyBViT5ZOxzGMhmCAzD',$,'Opening',$,$,#6489,#5713,$,.OPENING.);
#5701=IFCCARTESIANPOINT((0.,0.,0.));
#5702=IFCDIRECTION((1.,0.,0.));
#5703=IFCDIRECTION((0.,0.,1.));
#5704=IFCAXIS2PLACEMENT3D(#5701,#5703,#5702);
#5705=IFCREPRESENTATIONMAP(#5704,#6479);
#5706=IFCCARTESIANPOINT((0.,0.,0.));
#5707=IFCDIRECTION((1.,0.,0.));
#5708=IFCDIRECTION((0.,1.,0.));
#5709=IFCDIRECTION((0.,0.,1.));
#5710=IFCCARTESIANTRANSFORMATIONOPERATOR3D(#5707,#5708,#5706,1.,#5709);
#5711=IFCMAPPEDITEM(#5705,#5710);
#5712=IFCSHAPEREPRESENTATION(#11,'Body','MappedRepresentation',(#5711));
#5713=IFCPRODUCTDEFINITIONSHAPE($,$,(#5712));
#5714=IFCRELVOIDSELEMENT('2O2wxuMZ5Dh9q0hNKS87lR',$,$,$,#265,#5685);
#5720=IFCRELFILLSELEMENT('3o0I6LGTfAGQFr8sWFoQgw',$,$,$,#5685,#5660);
#5774=IFCCARTESIANPOINTLIST2D(((0.,0.),(0.79284429550170898,0.),(0.79284429550170898,0.89999997615814209),(0.,0.89999997615814209)));
#5775=IFCINDEXEDPOLYCURVE(#5774,(IFCLINEINDEX((1,2,3,4,1))),$);
#5776=IFCCARTESIANPOINTLIST2D(((0.02500000037252903,0.02500000037252903),(0.76784429512917995,0.02500000037252903),(0.76784429512917995,0.87499997578561306),(0.02500000037252903,0.87499997578561306)));
#5777=IFCINDEXEDPOLYCURVE(#5776,(IFCLINEINDEX((1,2,3,4,1))),$);
#5778=IFCARBITRARYPROFILEDEFWITHVOIDS(.AREA.,$,#5775,(#5777));
#5779=IFCCARTESIANPOINT((0.,0.090000001713633537,0.));
#5780=IFCDIRECTION((0.,-1.,0.));
#5781=IFCDIRECTION((1.,0.,0.));
#5782=IFCAXIS2PLACEMENT3D(#5779,#5780,#5781);
#5783=IFCDIRECTION((0.,0.,-1.));
#5784=IFCEXTRUDEDAREASOLID(#5778,#5782,#5783,0.0099999997764825821);
#5785=IFCCARTESIANPOINTLIST2D(((0.,0.),(0.79284429550170898,0.),(0.79284429550170898,0.89999997615814209),(0.,0.89999997615814209)));
#5786=IFCINDEXEDPOLYCURVE(#5785,(IFCLINEINDEX((1,2,3,4,1))),$);
#5787=IFCCARTESIANPOINTLIST2D(((0.05000000074505806,0.05000000074505806),(0.74284429475665092,0.05000000074505806),(0.74284429475665092,0.84999997541308403),(0.05000000074505806,0.84999997541308403)));
#5788=IFCINDEXEDPOLYCURVE(#5787,(IFCLINEINDEX((1,2,3,4,1))),$);
#5789=IFCARBITRARYPROFILEDEFWITHVOIDS(.AREA.,$,#5786,(#5788));
#5790=IFCCARTESIANPOINT((0.,0.05000000074505806,0.));
#5791=IFCDIRECTION((0.,-1.,0.));
#5792=IFCDIRECTION((1.,0.,0.));
#5793=IFCAXIS2PLACEMENT3D(#5790,#5791,#5792);
#5794=IFCDIRECTION((0.,0.,-1.));
#5795=IFCEXTRUDEDAREASOLID(#5789,#5793,#5794,0.040000000968575478);
#5796=IFCCARTESIANPOINTLIST2D(((0.,0.),(0.74284429475665092,0.),(0.74284429475665092,0.84999997541308403),(0.,0.84999997541308403)));
#5797=IFCINDEXEDPOLYCURVE(#5796,(IFCLINEINDEX((1,2,3,4,1))),$);
#5798=IFCCARTESIANPOINTLIST2D(((0.035000000149011612,0.035000000149011612),(0.70784429460763931,0.035000000149011612),(0.70784429460763931,0.81499997526407242),(0.035000000149011612,0.81499997526407242)));
#5799=IFCINDEXEDPOLYCURVE(#5798,(IFCLINEINDEX((1,2,3,4,1))),$);
#5800=IFCARBITRARYPROFILEDEFWITHVOIDS(.AREA.,$,#5797,(#5799));
#5801=IFCCARTESIANPOINT((0.02500000037252903,0.090000001713633537,0.02500000037252903));
#5802=IFCDIRECTION((0.,-1.,0.));
#5803=IFCDIRECTION((1.,0.,0.));
#5804=IFCAXIS2PLACEMENT3D(#5801,#5802,#5803);
#5805=IFCDIRECTION((0.,0.,-1.));
#5806=IFCEXTRUDEDAREASOLID(#5800,#5804,#5805,0.035000000149011612);
#5807=IFCINDEXEDPOLYCURVE(#5808,(IFCLINEINDEX((1,2,3,4,1))),$);
#5808=IFCCARTESIANPOINTLIST2D(((0.035000000149011612,0.035000000149011612),(0.70784429460763931,0.035000000149011612),(0.70784429460763931,0.81499997526407242),(0.035000000149011612,0.81499997526407242)));
#5809=IFCARBITRARYCLOSEDPROFILEDEF(.AREA.,$,#5807);
#5810=IFCCARTESIANPOINT((0.02500000037252903,0.10250000178813934,0.02500000037252903));
#5811=IFCDIRECTION((0.,-1.,0.));
#5812=IFCDIRECTION((1.,0.,0.));
#5813=IFCAXIS2PLACEMENT3D(#5810,#5811,#5812);
#5814=IFCDIRECTION((0.,0.,-1.));
#5815=IFCEXTRUDEDAREASOLID(#5809,#5813,#5814,0.01);
#5817=IFCSHAPEREPRESENTATION(#11,'Body','SweptSolid',(#5784,#6420,#6431,#5795));
#5818=IFCSHAPEASPECT((#5817),'Lining',$,.T.,#5670);
#5819=IFCSHAPEREPRESENTATION(#11,'Body','SweptSolid',(#5806,#6442));
#5820=IFCSHAPEASPECT((#5819),'Framing',$,.T.,#5670);
#5821=IFCSHAPEREPRESENTATION(#11,'Body','SweptSolid',(#5815,#6451));
#5822=IFCSHAPEASPECT((#5821),'Glazing',$,.T.,#5670);
#5865=IFCWINDOWTYPE('3mNDESoCn8pwHdSJX3lD2c',$,'Maids-GF',$,$,(#5866),(#5868,#5876,#5924),$,$,.WINDOW.,.SINGLE_PANEL.,$,$);
#5866=IFCPROPERTYSET('37ij7OOtn3XhDgFidH8xmP',$,'BBIM_Window',$,(#5867));
#5867=IFCPROPERTYSINGLEVALUE('Data',$,IFCTEXT('{"window_type": "SINGLE_PANEL", "overall_height": 0.8999999761581421, "overall_width": 0.8029519319534302, "lining_properties": {"lining_depth": 0.05000000074505806, "lining_thickness": 0.05000000074505806, "lining_offset": 0.05000000074505806, "lining_to_panel_offset_x": 0.02500000037252903, "lining_to_panel_offset_y": 0.02500000037252903}, "panel_properties": {"frame_depth": [0.03500000014901161, 0.03500000014901161, 0.03500000014901161], "frame_thickness": [0.03500000014901161, 0.03500000014901161, 0.03500000014901161]}}'),$);
#5868=IFCREPRESENTATIONMAP(#5869,#6059);
#5869=IFCAXIS2PLACEMENT3D(#5870,#5871,#5872);
#5870=IFCCARTESIANPOINT((0.,0.,0.));
#5871=IFCDIRECTION((0.,0.,1.));
#5872=IFCDIRECTION((1.,0.,0.));
#5876=IFCREPRESENTATIONMAP(#5877,#6102);
#5877=IFCAXIS2PLACEMENT3D(#5878,#5879,#5880);
#5878=IFCCARTESIANPOINT((0.,0.,0.));
#5879=IFCDIRECTION((0.,0.,1.));
#5880=IFCDIRECTION((1.,0.,0.));
#5924=IFCREPRESENTATIONMAP(#5925,#6125);
#5925=IFCAXIS2PLACEMENT3D(#5926,#5927,#5928);
#5926=IFCCARTESIANPOINT((0.,0.,0.));
#5927=IFCDIRECTION((0.,0.,1.));
#5928=IFCDIRECTION((1.,0.,0.));
#5946=IFCWINDOW('2AdapOYFn2NBKHKHdnIv17',$,'Window',$,$,#6150,#5956,$,0.89999997615814209,0.80295193195343018,$,.SINGLE_PANEL.,$);
#5948=IFCRELDEFINESBYTYPE('3yhaffGK1EHAMaRUazO17S',$,$,$,(#5946),#5865);
#5949=IFCCARTESIANPOINT((0.,0.,0.));
#5950=IFCDIRECTION((1.,0.,0.));
#5951=IFCDIRECTION((0.,1.,0.));
#5952=IFCDIRECTION((0.,0.,1.));
#5953=IFCCARTESIANTRANSFORMATIONOPERATOR3D(#5950,#5951,#5949,1.,#5952);
#5954=IFCMAPPEDITEM(#5868,#5953);
#5955=IFCSHAPEREPRESENTATION(#18,'Profile','MappedRepresentation',(#5954));
#5956=IFCPRODUCTDEFINITIONSHAPE($,$,(#5955,#5963,#5970));
#5957=IFCCARTESIANPOINT((0.,0.,0.));
#5958=IFCDIRECTION((1.,0.,0.));
#5959=IFCDIRECTION((0.,1.,0.));
#5960=IFCDIRECTION((0.,0.,1.));
#5961=IFCCARTESIANTRANSFORMATIONOPERATOR3D(#5958,#5959,#5957,1.,#5960);
#5962=IFCMAPPEDITEM(#5876,#5961);
#5963=IFCSHAPEREPRESENTATION(#11,'Body','MappedRepresentation',(#5962));
#5964=IFCCARTESIANPOINT((0.,0.,0.));
#5965=IFCDIRECTION((1.,0.,0.));
#5966=IFCDIRECTION((0.,1.,0.));
#5967=IFCDIRECTION((0.,0.,1.));
#5968=IFCCARTESIANTRANSFORMATIONOPERATOR3D(#5965,#5966,#5964,1.,#5967);
#5969=IFCMAPPEDITEM(#5924,#5968);
#5970=IFCSHAPEREPRESENTATION(#24,'Body','MappedRepresentation',(#5969));
#5971=IFCOPENINGELEMENT('0oJIdEPDH2FAp1b3ltsvos',$,'Opening',$,$,#6145,#5999,$,.OPENING.);
#5987=IFCCARTESIANPOINT((0.,0.,0.));
#5988=IFCDIRECTION((1.,0.,0.));
#5989=IFCDIRECTION((0.,0.,1.));
#5990=IFCAXIS2PLACEMENT3D(#5987,#5989,#5988);
#5991=IFCREPRESENTATIONMAP(#5990,#6135);
#5992=IFCCARTESIANPOINT((0.,0.,0.));
#5993=IFCDIRECTION((1.,0.,0.));
#5994=IFCDIRECTION((0.,1.,0.));
#5995=IFCDIRECTION((0.,0.,1.));
#5996=IFCCARTESIANTRANSFORMATIONOPERATOR3D(#5993,#5994,#5992,1.,#5995);
#5997=IFCMAPPEDITEM(#5991,#5996);
#5998=IFCSHAPEREPRESENTATION(#11,'Body','MappedRepresentation',(#5997));
#5999=IFCPRODUCTDEFINITIONSHAPE($,$,(#5998));
#6000=IFCRELVOIDSELEMENT('2qOkR21qX2gPj3uWUduUY_',$,$,$,#240,#5971);
#6006=IFCRELFILLSELEMENT('30J7m8alDBQPi8kfR3e8qb',$,$,$,#5971,#5946);
#6057=IFCCARTESIANPOINTLIST3D(((0.,0.,0.),(0.80295193195343018,0.,0.),(0.80295193195343018,0.,0.89999997615814209),(0.,0.,0.89999997615814209)));
#6058=IFCINDEXEDPOLYCURVE(#6057,(IFCLINEINDEX((1,2,3,4,1))),$);
#6059=IFCSHAPEREPRESENTATION(#18,'Profile','Curve3D',(#6058));
#6060=IFCCARTESIANPOINTLIST2D(((0.,0.),(0.80295193195343018,0.),(0.80295193195343018,0.89999997615814209),(0.,0.89999997615814209)));
#6061=IFCINDEXEDPOLYCURVE(#6060,(IFCLINEINDEX((1,2,3,4,1))),$);
#6062=IFCCARTESIANPOINTLIST2D(((0.02500000037252903,0.02500000037252903),(0.77795193158090115,0.02500000037252903),(0.77795193158090115,0.87499997578561306),(0.02500000037252903,0.87499997578561306)));
#6063=IFCINDEXEDPOLYCURVE(#6062,(IFCLINEINDEX((1,2,3,4,1))),$);
#6064=IFCARBITRARYPROFILEDEFWITHVOIDS(.AREA.,$,#6061,(#6063));
#6065=IFCCARTESIANPOINT((0.,0.090000001713633537,0.));
#6066=IFCDIRECTION((0.,-1.,0.));
#6067=IFCDIRECTION((1.,0.,0.));
#6068=IFCAXIS2PLACEMENT3D(#6065,#6066,#6067);
#6069=IFCDIRECTION((0.,0.,-1.));
#6070=IFCEXTRUDEDAREASOLID(#6064,#6068,#6069,0.0099999997764825821);
#6071=IFCCARTESIANPOINTLIST2D(((0.,0.),(0.80295193195343018,0.),(0.80295193195343018,0.89999997615814209),(0.,0.89999997615814209)));
#6072=IFCINDEXEDPOLYCURVE(#6071,(IFCLINEINDEX((1,2,3,4,1))),$);
#6073=IFCCARTESIANPOINTLIST2D(((0.05000000074505806,0.05000000074505806),(0.75295193120837212,0.05000000074505806),(0.75295193120837212,0.84999997541308403),(0.05000000074505806,0.84999997541308403)));
#6074=IFCINDEXEDPOLYCURVE(#6073,(IFCLINEINDEX((1,2,3,4,1))),$);
#6075=IFCARBITRARYPROFILEDEFWITHVOIDS(.AREA.,$,#6072,(#6074));
#6076=IFCCARTESIANPOINT((0.,0.05000000074505806,0.));
#6077=IFCDIRECTION((0.,-1.,0.));
#6078=IFCDIRECTION((1.,0.,0.));
#6079=IFCAXIS2PLACEMENT3D(#6076,#6077,#6078);
#6080=IFCDIRECTION((0.,0.,-1.));
#6081=IFCEXTRUDEDAREASOLID(#6075,#6079,#6080,0.040000000968575478);
#6082=IFCCARTESIANPOINTLIST2D(((0.,0.),(0.75295193120837212,0.),(0.75295193120837212,0.84999997541308403),(0.,0.84999997541308403)));
#6083=IFCINDEXEDPOLYCURVE(#6082,(IFCLINEINDEX((1,2,3,4,1))),$);
#6084=IFCCARTESIANPOINTLIST2D(((0.035000000149011612,0.035000000149011612),(0.7179519310593605,0.035000000149011612),(0.7179519310593605,0.81499997526407242),(0.035000000149011612,0.81499997526407242)));
#6085=IFCINDEXEDPOLYCURVE(#6084,(IFCLINEINDEX((1,2,3,4,1))),$);
#6086=IFCARBITRARYPROFILEDEFWITHVOIDS(.AREA.,$,#6083,(#6085));
#6087=IFCCARTESIANPOINT((0.02500000037252903,0.090000001713633537,0.02500000037252903));
#6088=IFCDIRECTION((0.,-1.,0.));
#6089=IFCDIRECTION((1.,0.,0.));
#6090=IFCAXIS2PLACEMENT3D(#6087,#6088,#6089);
#6091=IFCDIRECTION((0.,0.,-1.));
#6092=IFCEXTRUDEDAREASOLID(#6086,#6090,#6091,0.035000000149011612);
#6093=IFCINDEXEDPOLYCURVE(#6094,(IFCLINEINDEX((1,2,3,4,1))),$);
#6094=IFCCARTESIANPOINTLIST2D(((0.035000000149011612,0.035000000149011612),(0.7179519310593605,0.035000000149011612),(0.7179519310593605,0.81499997526407242),(0.035000000149011612,0.81499997526407242)));
#6095=IFCARBITRARYCLOSEDPROFILEDEF(.AREA.,$,#6093);
#6096=IFCCARTESIANPOINT((0.02500000037252903,0.10250000178813934,0.02500000037252903));
#6097=IFCDIRECTION((0.,-1.,0.));
#6098=IFCDIRECTION((1.,0.,0.));
#6099=IFCAXIS2PLACEMENT3D(#6096,#6097,#6098);
#6100=IFCDIRECTION((0.,0.,-1.));
#6101=IFCEXTRUDEDAREASOLID(#6095,#6099,#6100,0.01);
#6102=IFCSHAPEREPRESENTATION(#11,'Body','SweptSolid',(#6070,#6081,#6092,#6101));
#6103=IFCSHAPEREPRESENTATION(#11,'Body','SweptSolid',(#6070,#6081));
#6104=IFCSHAPEASPECT((#6103),'Lining',$,.T.,#5956);
#6105=IFCSHAPEREPRESENTATION(#11,'Body','SweptSolid',(#6092));
#6106=IFCSHAPEASPECT((#6105),'Framing',$,.T.,#5956);
#6107=IFCSHAPEREPRESENTATION(#11,'Body','SweptSolid',(#6101));
#6108=IFCSHAPEASPECT((#6107),'Glazing',$,.T.,#5956);
#6109=IFCCARTESIANPOINTLIST2D(((0.05000000074505806,0.05000000074505806),(0.75295193120837212,0.05000000074505806)));
#6110=IFCINDEXEDPOLYCURVE(#6109,$,$);
#6111=IFCCARTESIANPOINTLIST2D(((0.,0.10000000149011612),(0.02500000037252903,0.10000000149011612),(0.02500000037252903,0.090000001713633537),(0.05000000074505806,0.090000001713633537),(0.05000000074505806,0.05000000074505806),(0.,0.05000000074505806)));
#6112=IFCINDEXEDPOLYCURVE(#6111,(IFCLINEINDEX((1,2,3,4,5,6,1))),$);
#6113=IFCCARTESIANPOINTLIST2D(((0.80295193195343018,0.10000000149011612),(0.77795193158090115,0.10000000149011612),(0.77795193158090115,0.090000001713633537),(0.75295193120837212,0.090000001713633537),(0.75295193120837212,0.05000000074505806),(0.80295193195343018,0.05000000074505806)));
#6114=IFCINDEXEDPOLYCURVE(#6113,(IFCLINEINDEX((1,2,3,4,5,6,1))),$);
#6115=IFCCARTESIANPOINTLIST2D(((0.02500000037252903,0.090000001713633537),(0.060000000521540642,0.090000001713633537),(0.060000000521540642,0.12500000186264515),(0.02500000037252903,0.12500000186264515)));
#6116=IFCINDEXEDPOLYCURVE(#6115,(IFCLINEINDEX((1,2,3,4,1))),$);
#6117=IFCINDEXEDPOLYCURVE(#6118,(IFCLINEINDEX((1,2,3,4,1))),$);
#6118=IFCCARTESIANPOINTLIST2D(((0.77795193158090115,0.090000001713633537),(0.74295193143188953,0.090000001713633537),(0.74295193143188953,0.12500000186264515),(0.77795193158090115,0.12500000186264515)));
#6119=IFCCARTESIANPOINTLIST2D(((0.060000000521540642,0.090000001713633537),(0.74295193143188953,0.090000001713633537)));
#6120=IFCINDEXEDPOLYCURVE(#6119,$,$);
#6121=IFCINDEXEDPOLYCURVE(#6122,$,$);
#6122=IFCCARTESIANPOINTLIST2D(((0.060000000521540642,0.12500000186264515),(0.74295193143188953,0.12500000186264515)));
#6123=IFCINDEXEDPOLYCURVE(#6124,$,$);
#6124=IFCCARTESIANPOINTLIST2D(((0.060000000521540642,0.10750000178813934),(0.74295193143188953,0.10750000178813934)));
#6125=IFCSHAPEREPRESENTATION(#24,'Body','Curve2D',(#6110,#6112,#6114,#6116,#6117,#6120,#6121,#6123));
#6126=IFCCARTESIANPOINTLIST2D(((0.,0.),(0.80295193195343018,0.),(0.80295193195343018,0.89999997615814209),(0.,0.89999997615814209)));
#6127=IFCINDEXEDPOLYCURVE(#6126,(IFCLINEINDEX((1,2,3,4,1))),$);
#6128=IFCARBITRARYCLOSEDPROFILEDEF(.AREA.,$,#6127);
#6129=IFCCARTESIANPOINT((0.,-0.60000002384185791,0.));
#6130=IFCDIRECTION((0.,-1.,0.));
#6131=IFCDIRECTION((1.,0.,0.));
#6132=IFCAXIS2PLACEMENT3D(#6129,#6130,#6131);
#6133=IFCDIRECTION((0.,0.,-1.));
#6134=IFCEXTRUDEDAREASOLID(#6128,#6132,#6133,1.2);
#6135=IFCSHAPEREPRESENTATION(#11,'Body','SweptSolid',(#6134));
#6141=IFCCARTESIANPOINT((0.7750248313803707,-1.7503142313302078E-07,1.));
#6142=IFCDIRECTION((0.,0.,1.));
#6143=IFCDIRECTION((0.99999999999988631,-4.7683715820291007E-07,0.));
#6144=IFCAXIS2PLACEMENT3D(#6141,#6142,#6143);
#6145=IFCLOCALPLACEMENT(#4029,#6144);
#6146=IFCCARTESIANPOINT((1.0928757898653885E-16,0.,0.));
#6147=IFCDIRECTION((0.,0.,1.));
#6148=IFCDIRECTION((1.,3.1763735522036263E-22,0.));
#6149=IFCAXIS2PLACEMENT3D(#6146,#6147,#6148);
#6150=IFCLOCALPLACEMENT(#6145,#6149);
#6151=IFCWINDOWTYPE('28sWxT$bLClgsI4qW9cHHp',$,'Bathroom-GF',$,$,(#6152),(#6154,#6162,#6210),$,$,.WINDOW.,.SINGLE_PANEL.,$,$);
#6152=IFCPROPERTYSET('3jnhhfUMvBnB1acxemVjIB',$,'BBIM_Window',$,(#6153));
#6153=IFCPROPERTYSINGLEVALUE('Data',$,IFCTEXT('{"window_type": "SINGLE_PANEL", "overall_height": 0.8999999761581421, "overall_width": 0.6024059057235718, "lining_properties": {"lining_depth": 0.05000000074505806, "lining_thickness": 0.05000000074505806, "lining_offset": 0.05000000074505806, "lining_to_panel_offset_x": 0.02500000037252903, "lining_to_panel_offset_y": 0.02500000037252903}, "panel_properties": {"frame_depth": [0.03500000014901161, 0.03500000014901161, 0.03500000014901161], "frame_thickness": [0.03500000014901161, 0.03500000014901161, 0.03500000014901161]}}'),$);
#6154=IFCREPRESENTATIONMAP(#6155,#6315);
#6155=IFCAXIS2PLACEMENT3D(#6156,#6157,#6158);
#6156=IFCCARTESIANPOINT((0.,0.,0.));
#6157=IFCDIRECTION((0.,0.,1.));
#6158=IFCDIRECTION((1.,0.,0.));
#6162=IFCREPRESENTATIONMAP(#6163,#6358);
#6163=IFCAXIS2PLACEMENT3D(#6164,#6165,#6166);
#6164=IFCCARTESIANPOINT((0.,0.,0.));
#6165=IFCDIRECTION((0.,0.,1.));
#6166=IFCDIRECTION((1.,0.,0.));
#6210=IFCREPRESENTATIONMAP(#6211,#6381);
#6211=IFCAXIS2PLACEMENT3D(#6212,#6213,#6214);
#6212=IFCCARTESIANPOINT((0.,0.,0.));
#6213=IFCDIRECTION((0.,0.,1.));
#6214=IFCDIRECTION((1.,0.,0.));
#6232=IFCWINDOW('0qcLIUxP92G9umTQzZks8L',$,'Window',$,$,#6406,#6242,$,0.89999997615814209,0.60240590572357178,$,.SINGLE_PANEL.,$);
#6234=IFCRELDEFINESBYTYPE('2fA9kA$TTF2fo0Os0CRTRc',$,$,$,(#6232),#6151);
#6235=IFCCARTESIANPOINT((0.,0.,0.));
#6236=IFCDIRECTION((1.,0.,0.));
#6237=IFCDIRECTION((0.,1.,0.));
#6238=IFCDIRECTION((0.,0.,1.));
#6239=IFCCARTESIANTRANSFORMATIONOPERATOR3D(#6236,#6237,#6235,1.,#6238);
#6240=IFCMAPPEDITEM(#6154,#6239);
#6241=IFCSHAPEREPRESENTATION(#18,'Profile','MappedRepresentation',(#6240));
#6242=IFCPRODUCTDEFINITIONSHAPE($,$,(#6241,#6249,#6256));
#6243=IFCCARTESIANPOINT((0.,0.,0.));
#6244=IFCDIRECTION((1.,0.,0.));
#6245=IFCDIRECTION((0.,1.,0.));
#6246=IFCDIRECTION((0.,0.,1.));
#6247=IFCCARTESIANTRANSFORMATIONOPERATOR3D(#6244,#6245,#6243,1.,#6246);
#6248=IFCMAPPEDITEM(#6162,#6247);
#6249=IFCSHAPEREPRESENTATION(#11,'Body','MappedRepresentation',(#6248));
#6250=IFCCARTESIANPOINT((0.,0.,0.));
#6251=IFCDIRECTION((1.,0.,0.));
#6252=IFCDIRECTION((0.,1.,0.));
#6253=IFCDIRECTION((0.,0.,1.));
#6254=IFCCARTESIANTRANSFORMATIONOPERATOR3D(#6251,#6252,#6250,1.,#6253);
#6255=IFCMAPPEDITEM(#6210,#6254);
#6256=IFCSHAPEREPRESENTATION(#24,'Body','MappedRepresentation',(#6255));
#6257=IFCOPENINGELEMENT('1q760K8fr5DQuq6bQF7caU',$,'Opening',$,$,#6401,#6285,$,.OPENING.);
#6273=IFCCARTESIANPOINT((0.,0.,0.));
#6274=IFCDIRECTION((1.,0.,0.));
#6275=IFCDIRECTION((0.,0.,1.));
#6276=IFCAXIS2PLACEMENT3D(#6273,#6275,#6274);
#6277=IFCREPRESENTATIONMAP(#6276,#6391);
#6278=IFCCARTESIANPOINT((0.,0.,0.));
#6279=IFCDIRECTION((1.,0.,0.));
#6280=IFCDIRECTION((0.,1.,0.));
#6281=IFCDIRECTION((0.,0.,1.));
#6282=IFCCARTESIANTRANSFORMATIONOPERATOR3D(#6279,#6280,#6278,1.,#6281);
#6283=IFCMAPPEDITEM(#6277,#6282);
#6284=IFCSHAPEREPRESENTATION(#11,'Body','MappedRepresentation',(#6283));
#6285=IFCPRODUCTDEFINITIONSHAPE($,$,(#6284));
#6286=IFCRELVOIDSELEMENT('1d$4qIRSD1ZRF4jTR97GKL',$,$,$,#240,#6257);
#6292=IFCRELFILLSELEMENT('3OrLjHNCf42hO9DsYCheWB',$,$,$,#6257,#6232);
#6313=IFCCARTESIANPOINTLIST3D(((0.,0.,0.),(0.60240590572357178,0.,0.),(0.60240590572357178,0.,0.89999997615814209),(0.,0.,0.89999997615814209)));
#6314=IFCINDEXEDPOLYCURVE(#6313,(IFCLINEINDEX((1,2,3,4,1))),$);
#6315=IFCSHAPEREPRESENTATION(#18,'Profile','Curve3D',(#6314));
#6316=IFCCARTESIANPOINTLIST2D(((0.,0.),(0.60240590572357178,0.),(0.60240590572357178,0.89999997615814209),(0.,0.89999997615814209)));
#6317=IFCINDEXEDPOLYCURVE(#6316,(IFCLINEINDEX((1,2,3,4,1))),$);
#6318=IFCCARTESIANPOINTLIST2D(((0.02500000037252903,0.02500000037252903),(0.57740590535104275,0.02500000037252903),(0.57740590535104275,0.87499997578561306),(0.02500000037252903,0.87499997578561306)));
#6319=IFCINDEXEDPOLYCURVE(#6318,(IFCLINEINDEX((1,2,3,4,1))),$);
#6320=IFCARBITRARYPROFILEDEFWITHVOIDS(.AREA.,$,#6317,(#6319));
#6321=IFCCARTESIANPOINT((0.,0.090000001713633537,0.));
#6322=IFCDIRECTION((0.,-1.,0.));
#6323=IFCDIRECTION((1.,0.,0.));
#6324=IFCAXIS2PLACEMENT3D(#6321,#6322,#6323);
#6325=IFCDIRECTION((0.,0.,-1.));
#6326=IFCEXTRUDEDAREASOLID(#6320,#6324,#6325,0.0099999997764825821);
#6327=IFCCARTESIANPOINTLIST2D(((0.,0.),(0.60240590572357178,0.),(0.60240590572357178,0.89999997615814209),(0.,0.89999997615814209)));
#6328=IFCINDEXEDPOLYCURVE(#6327,(IFCLINEINDEX((1,2,3,4,1))),$);
#6329=IFCCARTESIANPOINTLIST2D(((0.05000000074505806,0.05000000074505806),(0.55240590497851372,0.05000000074505806),(0.55240590497851372,0.84999997541308403),(0.05000000074505806,0.84999997541308403)));
#6330=IFCINDEXEDPOLYCURVE(#6329,(IFCLINEINDEX((1,2,3,4,1))),$);
#6331=IFCARBITRARYPROFILEDEFWITHVOIDS(.AREA.,$,#6328,(#6330));
#6332=IFCCARTESIANPOINT((0.,0.05000000074505806,0.));
#6333=IFCDIRECTION((0.,-1.,0.));
#6334=IFCDIRECTION((1.,0.,0.));
#6335=IFCAXIS2PLACEMENT3D(#6332,#6333,#6334);
#6336=IFCDIRECTION((0.,0.,-1.));
#6337=IFCEXTRUDEDAREASOLID(#6331,#6335,#6336,0.040000000968575478);
#6338=IFCCARTESIANPOINTLIST2D(((0.,0.),(0.55240590497851372,0.),(0.55240590497851372,0.84999997541308403),(0.,0.84999997541308403)));
#6339=IFCINDEXEDPOLYCURVE(#6338,(IFCLINEINDEX((1,2,3,4,1))),$);
#6340=IFCCARTESIANPOINTLIST2D(((0.035000000149011612,0.035000000149011612),(0.51740590482950211,0.035000000149011612),(0.51740590482950211,0.81499997526407242),(0.035000000149011612,0.81499997526407242)));
#6341=IFCINDEXEDPOLYCURVE(#6340,(IFCLINEINDEX((1,2,3,4,1))),$);
#6342=IFCARBITRARYPROFILEDEFWITHVOIDS(.AREA.,$,#6339,(#6341));
#6343=IFCCARTESIANPOINT((0.02500000037252903,0.090000001713633537,0.02500000037252903));
#6344=IFCDIRECTION((0.,-1.,0.));
#6345=IFCDIRECTION((1.,0.,0.));
#6346=IFCAXIS2PLACEMENT3D(#6343,#6344,#6345);
#6347=IFCDIRECTION((0.,0.,-1.));
#6348=IFCEXTRUDEDAREASOLID(#6342,#6346,#6347,0.035000000149011612);
#6349=IFCINDEXEDPOLYCURVE(#6350,(IFCLINEINDEX((1,2,3,4,1))),$);
#6350=IFCCARTESIANPOINTLIST2D(((0.035000000149011612,0.035000000149011612),(0.51740590482950211,0.035000000149011612),(0.51740590482950211,0.81499997526407242),(0.035000000149011612,0.81499997526407242)));
#6351=IFCARBITRARYCLOSEDPROFILEDEF(.AREA.,$,#6349);
#6352=IFCCARTESIANPOINT((0.02500000037252903,0.10250000178813934,0.02500000037252903));
#6353=IFCDIRECTION((0.,-1.,0.));
#6354=IFCDIRECTION((1.,0.,0.));
#6355=IFCAXIS2PLACEMENT3D(#6352,#6353,#6354);
#6356=IFCDIRECTION((0.,0.,-1.));
#6357=IFCEXTRUDEDAREASOLID(#6351,#6355,#6356,0.01);
#6358=IFCSHAPEREPRESENTATION(#11,'Body','SweptSolid',(#6326,#6337,#6348,#6357));
#6359=IFCSHAPEREPRESENTATION(#11,'Body','SweptSolid',(#6326,#6337));
#6360=IFCSHAPEASPECT((#6359),'Lining',$,.T.,#6242);
#6361=IFCSHAPEREPRESENTATION(#11,'Body','SweptSolid',(#6348));
#6362=IFCSHAPEASPECT((#6361),'Framing',$,.T.,#6242);
#6363=IFCSHAPEREPRESENTATION(#11,'Body','SweptSolid',(#6357));
#6364=IFCSHAPEASPECT((#6363),'Glazing',$,.T.,#6242);
#6365=IFCCARTESIANPOINTLIST2D(((0.05000000074505806,0.05000000074505806),(0.55240590497851372,0.05000000074505806)));
#6366=IFCINDEXEDPOLYCURVE(#6365,$,$);
#6367=IFCCARTESIANPOINTLIST2D(((0.,0.10000000149011612),(0.02500000037252903,0.10000000149011612),(0.02500000037252903,0.090000001713633537),(0.05000000074505806,0.090000001713633537),(0.05000000074505806,0.05000000074505806),(0.,0.05000000074505806)));
#6368=IFCINDEXEDPOLYCURVE(#6367,(IFCLINEINDEX((1,2,3,4,5,6,1))),$);
#6369=IFCCARTESIANPOINTLIST2D(((0.60240590572357178,0.10000000149011612),(0.57740590535104275,0.10000000149011612),(0.57740590535104275,0.090000001713633537),(0.55240590497851372,0.090000001713633537),(0.55240590497851372,0.05000000074505806),(0.60240590572357178,0.05000000074505806)));
#6370=IFCINDEXEDPOLYCURVE(#6369,(IFCLINEINDEX((1,2,3,4,5,6,1))),$);
#6371=IFCCARTESIANPOINTLIST2D(((0.02500000037252903,0.090000001713633537),(0.060000000521540642,0.090000001713633537),(0.060000000521540642,0.12500000186264515),(0.02500000037252903,0.12500000186264515)));
#6372=IFCINDEXEDPOLYCURVE(#6371,(IFCLINEINDEX((1,2,3,4,1))),$);
#6373=IFCINDEXEDPOLYCURVE(#6374,(IFCLINEINDEX((1,2,3,4,1))),$);
#6374=IFCCARTESIANPOINTLIST2D(((0.57740590535104275,0.090000001713633537),(0.54240590520203114,0.090000001713633537),(0.54240590520203114,0.12500000186264515),(0.57740590535104275,0.12500000186264515)));
#6375=IFCCARTESIANPOINTLIST2D(((0.060000000521540642,0.090000001713633537),(0.54240590520203114,0.090000001713633537)));
#6376=IFCINDEXEDPOLYCURVE(#6375,$,$);
#6377=IFCINDEXEDPOLYCURVE(#6378,$,$);
#6378=IFCCARTESIANPOINTLIST2D(((0.060000000521540642,0.12500000186264515),(0.54240590520203114,0.12500000186264515)));
#6379=IFCINDEXEDPOLYCURVE(#6380,$,$);
#6380=IFCCARTESIANPOINTLIST2D(((0.060000000521540642,0.10750000178813934),(0.54240590520203114,0.10750000178813934)));
#6381=IFCSHAPEREPRESENTATION(#24,'Body','Curve2D',(#6366,#6368,#6370,#6372,#6373,#6376,#6377,#6379));
#6382=IFCCARTESIANPOINTLIST2D(((0.,0.),(0.60240590572357178,0.),(0.60240590572357178,0.89999997615814209),(0.,0.89999997615814209)));
#6383=IFCINDEXEDPOLYCURVE(#6382,(IFCLINEINDEX((1,2,3,4,1))),$);
#6384=IFCARBITRARYCLOSEDPROFILEDEF(.AREA.,$,#6383);
#6385=IFCCARTESIANPOINT((0.,-0.60000002384185791,0.));
#6386=IFCDIRECTION((0.,-1.,0.));
#6387=IFCDIRECTION((1.,0.,0.));
#6388=IFCAXIS2PLACEMENT3D(#6385,#6386,#6387);
#6389=IFCDIRECTION((0.,0.,-1.));
#6390=IFCEXTRUDEDAREASOLID(#6384,#6388,#6389,1.2);
#6391=IFCSHAPEREPRESENTATION(#11,'Body','SweptSolid',(#6390));
#6397=IFCCARTESIANPOINT((2.4361613393685921,-4.818353165347844E-07,1.));
#6398=IFCDIRECTION((0.,0.,1.));
#6399=IFCDIRECTION((0.99999999999997158,-2.3841857910149749E-07,0.));
#6400=IFCAXIS2PLACEMENT3D(#6397,#6398,#6399);
#6401=IFCLOCALPLACEMENT(#4029,#6400);
#6402=IFCCARTESIANPOINT((0.,-8.8817841970012523E-16,0.));
#6403=IFCDIRECTION((0.,0.,1.));
#6404=IFCDIRECTION((1.,0.,0.));
#6405=IFCAXIS2PLACEMENT3D(#6402,#6403,#6404);
#6406=IFCLOCALPLACEMENT(#6401,#6405);
#6407=IFCCARTESIANPOINTLIST3D(((0.,0.,0.),(0.79284429550170898,0.,0.),(0.79284429550170898,0.,0.89999997615814209),(0.,0.,0.89999997615814209)));
#6408=IFCINDEXEDPOLYCURVE(#6407,(IFCLINEINDEX((1,2,3,4,1))),$);
#6409=IFCSHAPEREPRESENTATION(#18,'Profile','Curve3D',(#6408));
#6410=IFCCARTESIANPOINTLIST2D(((0.,0.),(0.79284429550170898,0.),(0.79284429550170898,0.89999997615814209),(0.,0.89999997615814209)));
#6411=IFCINDEXEDPOLYCURVE(#6410,(IFCLINEINDEX((1,2,3,4,1))),$);
#6412=IFCCARTESIANPOINTLIST2D(((0.02500000037252903,0.02500000037252903),(0.76784429512917995,0.02500000037252903),(0.76784429512917995,0.87499997578561306),(0.02500000037252903,0.87499997578561306)));
#6413=IFCINDEXEDPOLYCURVE(#6412,(IFCLINEINDEX((1,2,3,4,1))),$);
#6414=IFCARBITRARYPROFILEDEFWITHVOIDS(.AREA.,$,#6411,(#6413));
#6415=IFCCARTESIANPOINT((0.,0.090000001713633537,0.));
#6416=IFCDIRECTION((0.,-1.,0.));
#6417=IFCDIRECTION((1.,0.,0.));
#6418=IFCAXIS2PLACEMENT3D(#6415,#6416,#6417);
#6419=IFCDIRECTION((0.,0.,-1.));
#6420=IFCEXTRUDEDAREASOLID(#6414,#6418,#6419,0.0099999997764825821);
#6421=IFCCARTESIANPOINTLIST2D(((0.,0.),(0.79284429550170898,0.),(0.79284429550170898,0.89999997615814209),(0.,0.89999997615814209)));
#6422=IFCINDEXEDPOLYCURVE(#6421,(IFCLINEINDEX((1,2,3,4,1))),$);
#6423=IFCCARTESIANPOINTLIST2D(((0.05000000074505806,0.05000000074505806),(0.74284429475665092,0.05000000074505806),(0.74284429475665092,0.84999997541308403),(0.05000000074505806,0.84999997541308403)));
#6424=IFCINDEXEDPOLYCURVE(#6423,(IFCLINEINDEX((1,2,3,4,1))),$);
#6425=IFCARBITRARYPROFILEDEFWITHVOIDS(.AREA.,$,#6422,(#6424));
#6426=IFCCARTESIANPOINT((0.,0.05000000074505806,0.));
#6427=IFCDIRECTION((0.,-1.,0.));
#6428=IFCDIRECTION((1.,0.,0.));
#6429=IFCAXIS2PLACEMENT3D(#6426,#6427,#6428);
#6430=IFCDIRECTION((0.,0.,-1.));
#6431=IFCEXTRUDEDAREASOLID(#6425,#6429,#6430,0.040000000968575478);
#6432=IFCCARTESIANPOINTLIST2D(((0.,0.),(0.74284429475665092,0.),(0.74284429475665092,0.84999997541308403),(0.,0.84999997541308403)));
#6433=IFCINDEXEDPOLYCURVE(#6432,(IFCLINEINDEX((1,2,3,4,1))),$);
#6434=IFCCARTESIANPOINTLIST2D(((0.035000000149011612,0.035000000149011612),(0.70784429460763931,0.035000000149011612),(0.70784429460763931,0.81499997526407242),(0.035000000149011612,0.81499997526407242)));
#6435=IFCINDEXEDPOLYCURVE(#6434,(IFCLINEINDEX((1,2,3,4,1))),$);
#6436=IFCARBITRARYPROFILEDEFWITHVOIDS(.AREA.,$,#6433,(#6435));
#6437=IFCCARTESIANPOINT((0.02500000037252903,0.090000001713633537,0.02500000037252903));
#6438=IFCDIRECTION((0.,-1.,0.));
#6439=IFCDIRECTION((1.,0.,0.));
#6440=IFCAXIS2PLACEMENT3D(#6437,#6438,#6439);
#6441=IFCDIRECTION((0.,0.,-1.));
#6442=IFCEXTRUDEDAREASOLID(#6436,#6440,#6441,0.035000000149011612);
#6443=IFCINDEXEDPOLYCURVE(#6444,(IFCLINEINDEX((1,2,3,4,1))),$);
#6444=IFCCARTESIANPOINTLIST2D(((0.035000000149011612,0.035000000149011612),(0.70784429460763931,0.035000000149011612),(0.70784429460763931,0.81499997526407242),(0.035000000149011612,0.81499997526407242)));
#6445=IFCARBITRARYCLOSEDPROFILEDEF(.AREA.,$,#6443);
#6446=IFCCARTESIANPOINT((0.02500000037252903,0.10250000178813934,0.02500000037252903));
#6447=IFCDIRECTION((0.,-1.,0.));
#6448=IFCDIRECTION((1.,0.,0.));
#6449=IFCAXIS2PLACEMENT3D(#6446,#6447,#6448);
#6450=IFCDIRECTION((0.,0.,-1.));
#6451=IFCEXTRUDEDAREASOLID(#6445,#6449,#6450,0.01);
#6452=IFCSHAPEREPRESENTATION(#11,'Body','SweptSolid',(#6420,#6431,#6442,#6451));
#6453=IFCCARTESIANPOINTLIST2D(((0.05000000074505806,0.05000000074505806),(0.74284429475665092,0.05000000074505806)));
#6454=IFCINDEXEDPOLYCURVE(#6453,$,$);
#6455=IFCCARTESIANPOINTLIST2D(((0.,0.10000000149011612),(0.02500000037252903,0.10000000149011612),(0.02500000037252903,0.090000001713633537),(0.05000000074505806,0.090000001713633537),(0.05000000074505806,0.05000000074505806),(0.,0.05000000074505806)));
#6456=IFCINDEXEDPOLYCURVE(#6455,(IFCLINEINDEX((1,2,3,4,5,6,1))),$);
#6457=IFCCARTESIANPOINTLIST2D(((0.79284429550170898,0.10000000149011612),(0.76784429512917995,0.10000000149011612),(0.76784429512917995,0.090000001713633537),(0.74284429475665092,0.090000001713633537),(0.74284429475665092,0.05000000074505806),(0.79284429550170898,0.05000000074505806)));
#6458=IFCINDEXEDPOLYCURVE(#6457,(IFCLINEINDEX((1,2,3,4,5,6,1))),$);
#6459=IFCCARTESIANPOINTLIST2D(((0.02500000037252903,0.090000001713633537),(0.060000000521540642,0.090000001713633537),(0.060000000521540642,0.12500000186264515),(0.02500000037252903,0.12500000186264515)));
#6460=IFCINDEXEDPOLYCURVE(#6459,(IFCLINEINDEX((1,2,3,4,1))),$);
#6461=IFCINDEXEDPOLYCURVE(#6462,(IFCLINEINDEX((1,2,3,4,1))),$);
#6462=IFCCARTESIANPOINTLIST2D(((0.76784429512917995,0.090000001713633537),(0.73284429498016834,0.090000001713633537),(0.73284429498016834,0.12500000186264515),(0.76784429512917995,0.12500000186264515)));
#6463=IFCCARTESIANPOINTLIST2D(((0.060000000521540642,0.090000001713633537),(0.73284429498016834,0.090000001713633537)));
#6464=IFCINDEXEDPOLYCURVE(#6463,$,$);
#6465=IFCINDEXEDPOLYCURVE(#6466,$,$);
#6466=IFCCARTESIANPOINTLIST2D(((0.060000000521540642,0.12500000186264515),(0.73284429498016834,0.12500000186264515)));
#6467=IFCINDEXEDPOLYCURVE(#6468,$,$);
#6468=IFCCARTESIANPOINTLIST2D(((0.060000000521540642,0.10750000178813934),(0.73284429498016834,0.10750000178813934)));
#6469=IFCSHAPEREPRESENTATION(#24,'Body','Curve2D',(#6454,#6456,#6458,#6460,#6461,#6464,#6465,#6467));
#6470=IFCCARTESIANPOINTLIST2D(((0.,0.),(0.79284429550170898,0.),(0.79284429550170898,0.89999997615814209),(0.,0.89999997615814209)));
#6471=IFCINDEXEDPOLYCURVE(#6470,(IFCLINEINDEX((1,2,3,4,1))),$);
#6472=IFCARBITRARYCLOSEDPROFILEDEF(.AREA.,$,#6471);
#6473=IFCCARTESIANPOINT((0.,-0.60000002384185791,0.));
#6474=IFCDIRECTION((0.,-1.,0.));
#6475=IFCDIRECTION((1.,0.,0.));
#6476=IFCAXIS2PLACEMENT3D(#6473,#6474,#6475);
#6477=IFCDIRECTION((0.,0.,-1.));
#6478=IFCEXTRUDEDAREASOLID(#6472,#6476,#6477,1.2);
#6479=IFCSHAPEREPRESENTATION(#11,'Body','SweptSolid',(#6478));
#6485=IFCCARTESIANPOINT((3.0235909934745981,1.2022367683606205E-06,1.));
#6486=IFCDIRECTION((0.,0.,1.));
#6487=IFCDIRECTION((0.99999999999999289,1.1920928244535129E-07,0.));
#6488=IFCAXIS2PLACEMENT3D(#6485,#6486,#6487);
#6489=IFCLOCALPLACEMENT(#457,#6488);
#6490=IFCCARTESIANPOINT((-4.4408920985006262E-16,4.4408920985006262E-16,0.));
#6491=IFCDIRECTION((0.,0.,1.));
#6492=IFCDIRECTION((1.,0.,0.));
#6493=IFCAXIS2PLACEMENT3D(#6490,#6491,#6492);
#6494=IFCLOCALPLACEMENT(#6489,#6493);
#6495=IFCDOORTYPE('1QSq1TifnARg40Juw2bcO8',$,'Kitchen-GF',$,$,(#6496),(#6498,#6506,#6566),$,$,.DOOR.,.SINGLE_SWING_LEFT.,$,$);
#6496=IFCPROPERTYSET('2X8egfLCX9MPJMUYgR7qsH',$,'BBIM_Door',$,(#6497));
#6497=IFCPROPERTYSINGLEVALUE('Data',$,IFCTEXT('{"door_type": "SINGLE_SWING_LEFT", "overall_height": 2.09596586227417, "overall_width": 0.7878826856613159, "lining_properties": {"lining_depth": 0.05000000074505806, "lining_thickness": 0.05000000074505806, "lining_offset": 0.0, "lining_to_panel_offset_x": 0.02500000037252903, "lining_to_panel_offset_y": 0.02500000037252903, "transom_thickness": 0.0, "casing_thickness": 0.0, "threshold_thickness": 0.02500000037252903, "threshold_depth": 0.10000000149011612, "threshold_offset": 0.0}, "panel_properties": {"panel_depth": 0.03500000014901161, "panel_width_ratio": 1.0}}'),$);
#6498=IFCREPRESENTATIONMAP(#6499,#6784);
#6499=IFCAXIS2PLACEMENT3D(#6500,#6501,#6502);
#6500=IFCCARTESIANPOINT((0.,0.,0.));
#6501=IFCDIRECTION((0.,0.,1.));
#6502=IFCDIRECTION((1.,0.,0.));
#6506=IFCREPRESENTATIONMAP(#6507,#6839);
#6507=IFCAXIS2PLACEMENT3D(#6508,#6509,#6510);
#6508=IFCCARTESIANPOINT((0.,0.,0.));
#6509=IFCDIRECTION((0.,0.,1.));
#6510=IFCDIRECTION((1.,0.,0.));
#6566=IFCREPRESENTATIONMAP(#6567,#6853);
#6567=IFCAXIS2PLACEMENT3D(#6568,#6569,#6570);
#6568=IFCCARTESIANPOINT((0.,0.,0.));
#6569=IFCDIRECTION((0.,0.,1.));
#6570=IFCDIRECTION((1.,0.,0.));
#6585=IFCDOOR('1QuNS_srH5d87q0zNuF8TX',$,'Door',$,$,#6992,#6595,$,2.0959658622741699,0.78788268566131592,$,.SINGLE_SWING_LEFT.,$);
#6587=IFCRELDEFINESBYTYPE('0L0hXvfVT4_e1RVPABzdSt',$,$,$,(#6585),#6495);
#6588=IFCCARTESIANPOINT((0.,0.,0.));
#6589=IFCDIRECTION((1.,0.,0.));
#6590=IFCDIRECTION((0.,1.,0.));
#6591=IFCDIRECTION((0.,0.,1.));
#6592=IFCCARTESIANTRANSFORMATIONOPERATOR3D(#6589,#6590,#6588,1.,#6591);
#6593=IFCMAPPEDITEM(#6498,#6592);
#6594=IFCSHAPEREPRESENTATION(#18,'Profile','MappedRepresentation',(#6593));
#6595=IFCPRODUCTDEFINITIONSHAPE($,$,(#6594,#6602,#6609));
#6596=IFCCARTESIANPOINT((0.,0.,0.));
#6597=IFCDIRECTION((1.,0.,0.));
#6598=IFCDIRECTION((0.,1.,0.));
#6599=IFCDIRECTION((0.,0.,1.));
#6600=IFCCARTESIANTRANSFORMATIONOPERATOR3D(#6597,#6598,#6596,1.,#6599);
#6601=IFCMAPPEDITEM(#6506,#6600);
#6602=IFCSHAPEREPRESENTATION(#11,'Body','MappedRepresentation',(#6601));
#6603=IFCCARTESIANPOINT((0.,0.,0.));
#6604=IFCDIRECTION((1.,0.,0.));
#6605=IFCDIRECTION((0.,1.,0.));
#6606=IFCDIRECTION((0.,0.,1.));
#6607=IFCCARTESIANTRANSFORMATIONOPERATOR3D(#6604,#6605,#6603,1.,#6606);
#6608=IFCMAPPEDITEM(#6566,#6607);
#6609=IFCSHAPEREPRESENTATION(#24,'Body','MappedRepresentation',(#6608));
#6610=IFCOPENINGELEMENT('1428rOPjL25xzna11zeHKE',$,'Opening',$,$,#6873,#6638,$,.OPENING.);
#6626=IFCCARTESIANPOINT((0.,0.,0.));
#6627=IFCDIRECTION((1.,0.,0.));
#6628=IFCDIRECTION((0.,0.,1.));
#6629=IFCAXIS2PLACEMENT3D(#6626,#6628,#6627);
#6630=IFCREPRESENTATIONMAP(#6629,#6863);
#6631=IFCCARTESIANPOINT((0.,0.,0.));
#6632=IFCDIRECTION((1.,0.,0.));
#6633=IFCDIRECTION((0.,1.,0.));
#6634=IFCDIRECTION((0.,0.,1.));
#6635=IFCCARTESIANTRANSFORMATIONOPERATOR3D(#6632,#6633,#6631,1.,#6634);
#6636=IFCMAPPEDITEM(#6630,#6635);
#6637=IFCSHAPEREPRESENTATION(#11,'Body','MappedRepresentation',(#6636));
#6638=IFCPRODUCTDEFINITIONSHAPE($,$,(#6637));
#6639=IFCRELVOIDSELEMENT('3k6ROJ3J52FAZ7fj$NsxNn',$,$,$,#215,#6610);
#6645=IFCRELFILLSELEMENT('39YFdNjhb6FwRuOlmfBlkD',$,$,$,#6610,#6585);
#6684=IFCCARTESIANPOINTLIST2D(((0.,0.),(0.,2.0959658622741699),(0.78788268566131592,2.0959658622741699),(0.78788268566131592,0.),(0.76288268528878689,0.),(0.76288268528878689,2.0709658619016409),(0.02500000037252903,2.0709658619016409),(0.02500000037252903,0.)));
#6685=IFCINDEXEDPOLYCURVE(#6684,(IFCLINEINDEX((1,2,3,4,5,6,7,8,1))),$);
#6686=IFCARBITRARYCLOSEDPROFILEDEF(.AREA.,$,#6685);
#6687=IFCCARTESIANPOINT((0.,0.02500000037252903,0.));
#6688=IFCDIRECTION((0.,-1.,0.));
#6689=IFCDIRECTION((1.,0.,0.));
#6690=IFCAXIS2PLACEMENT3D(#6687,#6688,#6689);
#6691=IFCDIRECTION((0.,0.,-1.));
#6692=IFCEXTRUDEDAREASOLID(#6686,#6690,#6691,0.02500000037252903);
#6693=IFCCARTESIANPOINTLIST2D(((0.,0.),(0.,2.0959658622741699),(0.78788268566131592,2.0959658622741699),(0.78788268566131592,0.),(0.73788268491625786,0.),(0.73788268491625786,2.0459658615291119),(0.05000000074505806,2.0459658615291119),(0.05000000074505806,0.)));
#6694=IFCINDEXEDPOLYCURVE(#6693,(IFCLINEINDEX((1,2,3,4,5,6,7,8,1))),$);
#6695=IFCARBITRARYCLOSEDPROFILEDEF(.AREA.,$,#6694);
#6696=IFCCARTESIANPOINT((0.,0.,0.));
#6697=IFCDIRECTION((0.,-1.,0.));
#6698=IFCDIRECTION((1.,0.,0.));
#6699=IFCAXIS2PLACEMENT3D(#6696,#6697,#6698);
#6700=IFCDIRECTION((0.,0.,-1.));
#6701=IFCEXTRUDEDAREASOLID(#6695,#6699,#6700,0.02500000037252903);
#6702=IFCCARTESIANPOINTLIST2D(((0.,0.),(0.6878826841711998,0.),(0.6878826841711998,0.10000000149011612),(0.,0.10000000149011612)));
#6703=IFCINDEXEDPOLYCURVE(#6702,(IFCLINEINDEX((1,2,3,4,1))),$);
#6704=IFCARBITRARYCLOSEDPROFILEDEF(.AREA.,$,#6703);
#6705=IFCCARTESIANPOINT((0.05000000074505806,0.,0.));
#6706=IFCDIRECTION((0.,0.,1.));
#6707=IFCDIRECTION((1.,0.,0.));
#6708=IFCAXIS2PLACEMENT3D(#6705,#6706,#6707);
#6709=IFCDIRECTION((0.,0.,1.));
#6710=IFCEXTRUDEDAREASOLID(#6704,#6708,#6709,0.02500000037252903);
#6711=IFCCARTESIANPOINTLIST2D(((0.,0.),(0.73788268491625786,0.),(0.73788268491625786,0.035000000149011612),(0.,0.035000000149011612)));
#6712=IFCINDEXEDPOLYCURVE(#6711,(IFCLINEINDEX((1,2,3,4,1))),$);
#6713=IFCARBITRARYCLOSEDPROFILEDEF(.AREA.,$,#6712);
#6714=IFCCARTESIANPOINT((0.02500000037252903,0.02500000037252903,0.02500000037252903));
#6715=IFCDIRECTION((0.,0.,1.));
#6716=IFCDIRECTION((1.,0.,0.));
#6717=IFCAXIS2PLACEMENT3D(#6714,#6715,#6716);
#6718=IFCDIRECTION((0.,0.,1.));
#6719=IFCEXTRUDEDAREASOLID(#6713,#6717,#6718,2.0459658615291119);
#6720=IFCCARTESIANPOINTLIST2D(((0.,0.),(0.,-0.040000000000000001),(0.12,-0.040000000000000001),(0.12,-0.02),(0.02,-0.02),(0.02,0.)));
#6721=IFCINDEXEDPOLYCURVE(#6720,(IFCLINEINDEX((1,2,3,4,5,6,1))),$);
#6722=IFCARBITRARYCLOSEDPROFILEDEF(.AREA.,$,#6721);
#6723=IFCCARTESIANPOINT((0.075000000372529033,0.02500000037252903,1.015000000372529));
#6724=IFCDIRECTION((0.,0.,1.));
#6725=IFCDIRECTION((1.,0.,0.));
#6726=IFCAXIS2PLACEMENT3D(#6723,#6724,#6725);
#6727=IFCDIRECTION((0.,0.,1.));
#6728=IFCEXTRUDEDAREASOLID(#6722,#6726,#6727,0.02);
#6729=IFCEXTRUDEDAREASOLID(#6730,#6733,#6737,0.02);
#6730=IFCARBITRARYCLOSEDPROFILEDEF(.AREA.,$,#6731);
#6731=IFCINDEXEDPOLYCURVE(#6732,(IFCLINEINDEX((1,2,3,4,5,6,1))),$);
#6732=IFCCARTESIANPOINTLIST2D(((0.,0.),(0.,0.040000000000000008),(0.11999999999999998,0.040000000000000008),(0.11999999999999998,0.020000000000000004),(0.020000000000000004,0.020000000000000004),(0.020000000000000004,0.)));
#6733=IFCAXIS2PLACEMENT3D(#6734,#6735,#6736);
#6734=IFCCARTESIANPOINT((0.075000000372529033,0.060000000521540642,1.015000000372529));
#6735=IFCDIRECTION((0.,0.,1.));
#6736=IFCDIRECTION((1.,0.,0.));
#6737=IFCDIRECTION((0.,0.,1.));
#6739=IFCSHAPEREPRESENTATION(#11,'Body','SweptSolid',(#6692,#6811,#6802,#6710,#6793,#6701));
#6740=IFCSHAPEASPECT((#6739),'Lining',$,.T.,#6595);
#6741=IFCSHAPEREPRESENTATION(#11,'Body','SweptSolid',(#6729,#6719,#6829,#6830,#6820,#6728));
#6742=IFCSHAPEASPECT((#6741),'Framing',$,.T.,#6595);
#6782=IFCCARTESIANPOINTLIST3D(((0.,0.,0.),(0.78788268566131592,0.,0.),(0.78788268566131592,0.,2.0959658622741699),(0.,0.,2.0959658622741699)));
#6783=IFCINDEXEDPOLYCURVE(#6782,(IFCLINEINDEX((1,2,3,4,1))),$);
#6784=IFCSHAPEREPRESENTATION(#18,'Profile','Curve3D',(#6783));
#6785=IFCCARTESIANPOINTLIST2D(((0.,0.),(0.,2.0959658622741699),(0.78788268566131592,2.0959658622741699),(0.78788268566131592,0.),(0.76288268528878689,0.),(0.76288268528878689,2.0709658619016409),(0.02500000037252903,2.0709658619016409),(0.02500000037252903,0.)));
#6786=IFCINDEXEDPOLYCURVE(#6785,(IFCLINEINDEX((1,2,3,4,5,6,7,8,1))),$);
#6787=IFCARBITRARYCLOSEDPROFILEDEF(.AREA.,$,#6786);
#6788=IFCCARTESIANPOINT((0.,0.02500000037252903,0.));
#6789=IFCDIRECTION((0.,-1.,0.));
#6790=IFCDIRECTION((1.,0.,0.));
#6791=IFCAXIS2PLACEMENT3D(#6788,#6789,#6790);
#6792=IFCDIRECTION((0.,0.,-1.));
#6793=IFCEXTRUDEDAREASOLID(#6787,#6791,#6792,0.02500000037252903);
#6794=IFCCARTESIANPOINTLIST2D(((0.,0.),(0.,2.0959658622741699),(0.78788268566131592,2.0959658622741699),(0.78788268566131592,0.),(0.73788268491625786,0.),(0.73788268491625786,2.0459658615291119),(0.05000000074505806,2.0459658615291119),(0.05000000074505806,0.)));
#6795=IFCINDEXEDPOLYCURVE(#6794,(IFCLINEINDEX((1,2,3,4,5,6,7,8,1))),$);
#6796=IFCARBITRARYCLOSEDPROFILEDEF(.AREA.,$,#6795);
#6797=IFCCARTESIANPOINT((0.,0.,0.));
#6798=IFCDIRECTION((0.,-1.,0.));
#6799=IFCDIRECTION((1.,0.,0.));
#6800=IFCAXIS2PLACEMENT3D(#6797,#6798,#6799);
#6801=IFCDIRECTION((0.,0.,-1.));
#6802=IFCEXTRUDEDAREASOLID(#6796,#6800,#6801,0.02500000037252903);
#6803=IFCCARTESIANPOINTLIST2D(((0.,0.),(0.6878826841711998,0.),(0.6878826841711998,0.10000000149011612),(0.,0.10000000149011612)));
#6804=IFCINDEXEDPOLYCURVE(#6803,(IFCLINEINDEX((1,2,3,4,1))),$);
#6805=IFCARBITRARYCLOSEDPROFILEDEF(.AREA.,$,#6804);
#6806=IFCCARTESIANPOINT((0.05000000074505806,0.,0.));
#6807=IFCDIRECTION((0.,0.,1.));
#6808=IFCDIRECTION((1.,0.,0.));
#6809=IFCAXIS2PLACEMENT3D(#6806,#6807,#6808);
#6810=IFCDIRECTION((0.,0.,1.));
#6811=IFCEXTRUDEDAREASOLID(#6805,#6809,#6810,0.02500000037252903);
#6812=IFCCARTESIANPOINTLIST2D(((0.,0.),(0.73788268491625786,0.),(0.73788268491625786,0.035000000149011612),(0.,0.035000000149011612)));
#6813=IFCINDEXEDPOLYCURVE(#6812,(IFCLINEINDEX((1,2,3,4,1))),$);
#6814=IFCARBITRARYCLOSEDPROFILEDEF(.AREA.,$,#6813);
#6815=IFCCARTESIANPOINT((0.02500000037252903,0.02500000037252903,0.02500000037252903));
#6816=IFCDIRECTION((0.,0.,1.));
#6817=IFCDIRECTION((1.,0.,0.));
#6818=IFCAXIS2PLACEMENT3D(#6815,#6816,#6817);
#6819=IFCDIRECTION((0.,0.,1.));
#6820=IFCEXTRUDEDAREASOLID(#6814,#6818,#6819,2.0459658615291119);
#6821=IFCCARTESIANPOINTLIST2D(((0.,0.),(0.,-0.040000000000000001),(-0.11999999999999988,-0.040000000000000001),(-0.11999999999999988,-0.02),(-0.020000000000000018,-0.02),(-0.020000000000000018,0.)));
#6822=IFCINDEXEDPOLYCURVE(#6821,(IFCLINEINDEX((1,2,3,4,5,6,1))),$);
#6823=IFCARBITRARYCLOSEDPROFILEDEF(.AREA.,$,#6822);
#6824=IFCCARTESIANPOINT((0.71288268528878684,0.02500000037252903,1.015000000372529));
#6825=IFCDIRECTION((0.,0.,1.));
#6826=IFCDIRECTION((1.,0.,0.));
#6827=IFCAXIS2PLACEMENT3D(#6824,#6825,#6826);
#6828=IFCDIRECTION((0.,0.,1.));
#6829=IFCEXTRUDEDAREASOLID(#6823,#6827,#6828,0.02);
#6830=IFCEXTRUDEDAREASOLID(#6831,#6834,#6838,0.02);
#6831=IFCARBITRARYCLOSEDPROFILEDEF(.AREA.,$,#6832);
#6832=IFCINDEXEDPOLYCURVE(#6833,(IFCLINEINDEX((1,2,3,4,5,6,1))),$);
#6833=IFCCARTESIANPOINTLIST2D(((0.,0.),(0.,0.040000000000000008),(-0.11999999999999988,0.040000000000000008),(-0.11999999999999988,0.020000000000000004),(-0.020000000000000018,0.020000000000000004),(-0.020000000000000018,0.)));
#6834=IFCAXIS2PLACEMENT3D(#6835,#6836,#6837);
#6835=IFCCARTESIANPOINT((0.71288268528878684,0.060000000521540642,1.015000000372529));
#6836=IFCDIRECTION((0.,0.,1.));
#6837=IFCDIRECTION((1.,0.,0.));
#6838=IFCDIRECTION((0.,0.,1.));
#6839=IFCSHAPEREPRESENTATION(#11,'Body','SweptSolid',(#6793,#6802,#6820,#6829,#6830,#6811));
#6840=IFCCARTESIANPOINTLIST2D(((0.,0.),(0.,0.05000000074505806),(0.02500000037252903,0.05000000074505806),(0.02500000037252903,0.02500000037252903),(0.05000000074505806,0.02500000037252903),(0.05000000074505806,0.)));
#6841=IFCINDEXEDPOLYCURVE(#6840,(IFCLINEINDEX((1,2,3,4,5,6,1))),$);
#6842=IFCINDEXEDPOLYCURVE(#6843,(IFCLINEINDEX((1,2,3,4,5,6,1))),$);
#6843=IFCCARTESIANPOINTLIST2D(((0.78788268566131592,0.),(0.78788268566131592,0.05000000074505806),(0.76288268528878689,0.05000000074505806),(0.76288268528878689,0.02500000037252903),(0.73788268491625786,0.02500000037252903),(0.73788268491625786,0.)));
#6844=IFCDIRECTION((1.,0.));
#6845=IFCCARTESIANPOINT((0.060000000521540642,0.05000000074505806));
#6846=IFCAXIS2PLACEMENT2D(#6845,#6844);
#6847=IFCELLIPSE(#6846,0.70288268476724625,0.73788268491625786);
#6848=IFCCARTESIANPOINT((0.76288268528878689,0.05000000074505806));
#6849=IFCCARTESIANPOINT((0.060000000521540642,0.78788268566131592));
#6850=IFCTRIMMEDCURVE(#6847,(#6848),(#6849),.T.,.CARTESIAN.);
#6851=IFCCARTESIANPOINTLIST2D(((0.02500000037252903,0.05000000074505806),(0.060000000521540642,0.05000000074505806),(0.060000000521540642,0.78788268566131592),(0.02500000037252903,0.78788268566131592)));
#6852=IFCINDEXEDPOLYCURVE(#6851,(IFCLINEINDEX((1,2,3,4,1))),$);
#6853=IFCSHAPEREPRESENTATION(#24,'Body','Curve2D',(#6841,#6842,#6850,#6852));
#6854=IFCCARTESIANPOINTLIST2D(((0.,0.),(0.78788268566131592,0.),(0.78788268566131592,2.0959658622741699),(0.,2.0959658622741699)));
#6855=IFCINDEXEDPOLYCURVE(#6854,(IFCLINEINDEX((1,2,3,4,1))),$);
#6856=IFCARBITRARYCLOSEDPROFILEDEF(.AREA.,$,#6855);
#6857=IFCCARTESIANPOINT((0.,-0.60000002384185791,0.));
#6858=IFCDIRECTION((0.,-1.,0.));
#6859=IFCDIRECTION((1.,0.,0.));
#6860=IFCAXIS2PLACEMENT3D(#6857,#6858,#6859);
#6861=IFCDIRECTION((0.,0.,-1.));
#6862=IFCEXTRUDEDAREASOLID(#6856,#6860,#6861,1.2);
#6863=IFCSHAPEREPRESENTATION(#11,'Body','SweptSolid',(#6862));
#6869=IFCCARTESIANPOINT((0.23921949143124444,0.01500008684362808,0.));
#6870=IFCDIRECTION((0.,0.,1.));
#6871=IFCDIRECTION((0.99999999999999289,1.1920928244535129E-07,0.));
#6872=IFCAXIS2PLACEMENT3D(#6869,#6870,#6871);
#6873=IFCLOCALPLACEMENT(#398,#6872);
#6879=IFCCARTESIANPOINT((0.,0.,3.));
#6880=IFCDIRECTION((0.,0.,1.));
#6881=IFCDIRECTION((1.,0.,0.));
#6882=IFCAXIS2PLACEMENT3D(#6879,#6880,#6881);
#6883=IFCLOCALPLACEMENT(#56,#6882);
#6884=IFCSLAB('3tCmE7mvn218RlKZpFfW0J',$,'Slab',$,$,#6892,#6899,$,$);
#6885=IFCRELCONTAINEDINSPATIALSTRUCTURE('2PB2FaJ9D6iPKwvtabSi7n',$,$,$,(#10633,#8243,#7377,#9965,#7302,#7905,#7402,#8040,#7327,#12331,#11248,#9362,#11557,#7775,#8785,#7252,#7975,#7427,#7845,#7867,#7352,#12586,#7144,#7277,#6884,#11866,#8514,#10939),#39);
#6886=IFCMATERIALLAYERSETUSAGE(#2092,.AXIS3.,.POSITIVE.,-0.10000000149011612,$);
#6887=IFCRELASSOCIATESMATERIAL('07aJbo6GDC3QJ_Mmk3U888',$,$,$,(#6884),#6886);
#6888=IFCCARTESIANPOINT((4.2174787521362305,6.4999322891235352,0.));
#6889=IFCDIRECTION((0.,0.,1.));
#6890=IFCDIRECTION((1.,0.,0.));
#6891=IFCAXIS2PLACEMENT3D(#6888,#6889,#6890);
#6892=IFCLOCALPLACEMENT(#6883,#6891);
#6893=IFCCARTESIANPOINTLIST2D(((0.,0.),(-3.4500000476837158,4.76837158203125E-07),(-3.4499998092651367,-1.4600000381469727),(-7.,-1.459998607635498),(-7.0000057220458984,-6.5599994659423828),(-4.000617504119873,-6.6095991134643555),(-3.9900026321411133,-9.1000003814697266),(-1.9073486328125E-06,-9.0500001907348633),(0.,0.)));
#6894=IFCINDEXEDPOLYCURVE(#6893,$,$);
#6895=IFCDIRECTION((0.,0.,1.));
#6896=IFCARBITRARYCLOSEDPROFILEDEF(.AREA.,$,#6894);
#6897=IFCEXTRUDEDAREASOLID(#6896,#6906,#6895,0.10000000000000001);
#6898=IFCSHAPEREPRESENTATION(#11,'Body','SweptSolid',(#6897));
#6899=IFCPRODUCTDEFINITIONSHAPE($,$,(#6898));
#6900=IFCPROPERTYSET('3ziHyXmXLCAx9$uZpIm3eP',$,'EPset_Parametric',$,(#6902));
#6901=IFCRELDEFINESBYPROPERTIES('32GgeK2fLFcv22LGsQBmUJ',$,$,$,(#6884),#6900);
#6902=IFCPROPERTYSINGLEVALUE('Engine',$,IFCLABEL('Bonsai.DumbLayer3'),$);
#6903=IFCCARTESIANPOINT((-0.,-0.,-0.10000000149011612));
#6904=IFCDIRECTION((0.,0.,1.));
#6905=IFCDIRECTION((1.,0.,0.));
#6906=IFCAXIS2PLACEMENT3D(#6903,#6904,#6905);
#6907=IFCROOFTYPE('1jevLE4OLBOP_UkOVrIzGA',$,'Roof',$,$,(#6908),(#6937,#6965),$,$,.HIP_ROOF.);
#6908=IFCPROPERTYSET('2tXcffdmLCrAzyECgBWjA7',$,'BBIM_Roof',$,(#6909));
#6909=IFCPROPERTYSINGLEVALUE('Data',$,IFCTEXT('{"roof_type": "HIP/GABLE ROOF", "generation_method": "ANGLE", "roof_thickness": 0.10000000149011612, "rafter_edge_angle": 1.5707963705062866, "angle": 0.1745329201221466, "percentage": 17.63269805908203, "path_data": {"edges": [[0, 1], [1, 2], [2, 3], [3, 0]], "verts": [[-5.0, -5.0, 0.0], [-5.0, 5.0, 0.0], [5.0, 5.0, 0.0], [5.0, -5.0, 0.0]]}}'),$);
#6933=IFCCARTESIANPOINT((0.,0.,0.));
#6934=IFCDIRECTION((1.,0.,0.));
#6935=IFCDIRECTION((0.,0.,1.));
#6936=IFCAXIS2PLACEMENT3D(#6933,#6935,#6934);
#6937=IFCREPRESENTATIONMAP(#6936,#6956);
#6938=IFCINDEXEDPOLYGONALFACE((3,1,2));
#6939=IFCINDEXEDPOLYGONALFACE((2,4,3));
#6940=IFCINDEXEDPOLYGONALFACE((1,3,5));
#6941=IFCINDEXEDPOLYGONALFACE((4,5,3));
#6942=IFCINDEXEDPOLYGONALFACE((6,7,8));
#6943=IFCINDEXEDPOLYGONALFACE((8,2,1));
#6944=IFCINDEXEDPOLYGONALFACE((8,1,6));
#6945=IFCINDEXEDPOLYGONALFACE((8,7,9));
#6946=IFCINDEXEDPOLYGONALFACE((2,8,9));
#6947=IFCINDEXEDPOLYGONALFACE((2,9,4));
#6948=IFCINDEXEDPOLYGONALFACE((10,7,6));
#6949=IFCINDEXEDPOLYGONALFACE((6,1,5));
#6950=IFCINDEXEDPOLYGONALFACE((6,5,10));
#6951=IFCINDEXEDPOLYGONALFACE((9,7,10));
#6952=IFCINDEXEDPOLYGONALFACE((4,9,10));
#6953=IFCINDEXEDPOLYGONALFACE((4,10,5));
#6954=IFCCARTESIANPOINTLIST3D(((-5.,-5.,0.),(5.,-5.,0.),(0.,0.,0.88163489103317261),(5.,5.,0.),(-5.,5.,0.),(-5.,-5.,-0.10154265910387039),(0.,0.,0.78009223937988281),(5.,-5.,-0.10154265910387039),(5.,5.,-0.10154265910387039),(-5.,5.,-0.10154265910387039)));
#6955=IFCPOLYGONALFACESET(#6954,.T.,(#6938,#6939,#6940,#6941,#6942,#6943,#6944,#6945,#6946,#6947,#6948,#6949,#6950,#6951,#6952,#6953),$);
#6956=IFCSHAPEREPRESENTATION(#11,'Body','Tessellation',(#6955));
#6958=IFCCARTESIANPOINT((-5.,-5.,-0.10154265910387039));
#6959=IFCBOUNDINGBOX(#6958,10.,10.,0.9831775426864624);
#6960=IFCSHAPEREPRESENTATION(#13,'Box','BoundingBox',(#6959));
#6961=IFCCARTESIANPOINT((0.,0.,0.));
#6962=IFCDIRECTION((1.,0.,0.));
#6963=IFCDIRECTION((0.,0.,1.));
#6964=IFCAXIS2PLACEMENT3D(#6961,#6963,#6962);
#6965=IFCREPRESENTATIONMAP(#6964,#6960);
#6988=IFCCARTESIANPOINT((0.78788282142071964,0.084999944345173772,0.));
#6989=IFCDIRECTION((0.,0.,1.));
#6990=IFCDIRECTION((-0.99999999999999944,3.1786498766449671E-08,0.));
#6991=IFCAXIS2PLACEMENT3D(#6988,#6989,#6990);
#6992=IFCLOCALPLACEMENT(#6873,#6991);
#7144=IFCWALL('0f_eKfWmn0KQDMQQi5GEbJ',$,'Wall',$,$,#7831,#7150,$,$);
#7145=IFCMATERIALLAYERSETUSAGE(#94,.AXIS2.,.POSITIVE.,0.,$);
#7146=IFCRELASSOCIATESMATERIAL('2Do6KUFy5CiRmwn1kEtBsD',$,$,$,(#7144),#7145);
#7150=IFCPRODUCTDEFINITIONSHAPE($,$,(#7826,#7823));
#7166=IFCPROPERTYSET('12zr5hCsj879er3_NOqtmz',$,'EPset_Parametric',$,(#7168));
#7167=IFCRELDEFINESBYPROPERTIES('0VX_t5bKf68vR4enyYiFzz',$,$,$,(#7144),#7166);
#7168=IFCPROPERTYSINGLEVALUE('Engine',$,IFCLABEL('Bonsai.DumbLayer2'),$);
#7252=IFCWALL('0IyN8R48PEZgmHsA9ik7NC',$,'Wall',$,$,#7263,#7258,$,$);
#7253=IFCMATERIALLAYERSETUSAGE(#94,.AXIS2.,.POSITIVE.,0.,$);
#7254=IFCRELASSOCIATESMATERIAL('0p9sprHD13jA2iPnRlMHq1',$,$,$,(#7252),#7253);
#7258=IFCPRODUCTDEFINITIONSHAPE($,$,(#7587,#7584));
#7259=IFCCARTESIANPOINT((0.21747882664203644,5.5395731925964355,0.));
#7260=IFCDIRECTION((0.,0.,1.));
#7261=IFCDIRECTION((-0.99999999999999623,8.7422776573475527E-08,0.));
#7262=IFCAXIS2PLACEMENT3D(#7259,#7260,#7261);
#7263=IFCLOCALPLACEMENT(#6883,#7262);
#7274=IFCPROPERTYSET('1LW3hpbSH4cfEwkvYQXgwn',$,'EPset_Parametric',$,(#7276));
#7275=IFCRELDEFINESBYPROPERTIES('1yLsaiXkj4quSSgTF$R5wA',$,$,$,(#7252),#7274);
#7276=IFCPROPERTYSINGLEVALUE('Engine',$,IFCLABEL('Bonsai.DumbLayer2'),$);
#7277=IFCWALL('3$_M3ETa52J89ENRGH2mX9',$,'Wall',$,$,#7574,#7283,$,$);
#7278=IFCMATERIALLAYERSETUSAGE(#94,.AXIS2.,.POSITIVE.,0.,$);
#7279=IFCRELASSOCIATESMATERIAL('30FxKEBJ510fDWrsybmnqD',$,$,$,(#7277),#7278);
#7283=IFCPRODUCTDEFINITIONSHAPE($,$,(#7619,#7616));
#7299=IFCPROPERTYSET('3dpWFI3Pb95vXn7jMdpKx_',$,'EPset_Parametric',$,(#7301));
#7300=IFCRELDEFINESBYPROPERTIES('2D1iC$hIL1MerbgARRHWL$',$,$,$,(#7277),#7299);
#7301=IFCPROPERTYSINGLEVALUE('Engine',$,IFCLABEL('Bonsai.DumbLayer2'),$);
#7302=IFCWALL('13Il43yD18KBQ0OaXKzXWP',$,'Wall',$,$,#7606,#7308,$,$);
#7303=IFCMATERIALLAYERSETUSAGE(#94,.AXIS2.,.POSITIVE.,0.,$);
#7304=IFCRELASSOCIATESMATERIAL('3MP0GJzrn5bwWQbTnWAbPL',$,$,$,(#7302),#7303);
#7308=IFCPRODUCTDEFINITIONSHAPE($,$,(#7651,#7648));
#7324=IFCPROPERTYSET('2kAQLqC2j4CB5Erupwj_I_',$,'EPset_Parametric',$,(#7326));
#7325=IFCRELDEFINESBYPROPERTIES('2ueKEhX9576OTY8uevLuYx',$,$,$,(#7302),#7324);
#7326=IFCPROPERTYSINGLEVALUE('Engine',$,IFCLABEL('Bonsai.DumbLayer2'),$);
#7327=IFCWALL('3pHl4O8LD5RQpGAkMmPy2p',$,'Wall',$,$,#7638,#7333,$,$);
#7328=IFCMATERIALLAYERSETUSAGE(#94,.AXIS2.,.POSITIVE.,0.,$);
#7329=IFCRELASSOCIATESMATERIAL('31KivESZL6IQmRurJFMQ3e',$,$,$,(#7327),#7328);
#7333=IFCPRODUCTDEFINITIONSHAPE($,$,(#7678,#7675));
#7349=IFCPROPERTYSET('0RkouB5ejCiReUI$PMaDqV',$,'EPset_Parametric',$,(#7351));
#7350=IFCRELDEFINESBYPROPERTIES('0pkoxTeiz7sQv15JeIdb8u',$,$,$,(#7327),#7349);
#7351=IFCPROPERTYSINGLEVALUE('Engine',$,IFCLABEL('Bonsai.DumbLayer2'),$);
#7352=IFCWALL('0qprS81W19nvR$mCvx_c$j',$,'Wall',$,$,#7363,#7358,$,$);
#7353=IFCMATERIALLAYERSETUSAGE(#94,.AXIS2.,.POSITIVE.,0.,$);
#7354=IFCRELASSOCIATESMATERIAL('3oAlqncSD5VRGQjQ31zmw0',$,$,$,(#7352),#7353);
#7358=IFCPRODUCTDEFINITIONSHAPE($,$,(#7710,#7707));
#7359=IFCCARTESIANPOINT((0.26312252879142761,-2.17864990234375,0.));
#7360=IFCDIRECTION((0.,0.,1.));
#7361=IFCDIRECTION((0.99999999999997158,2.3841857910155572E-07,0.));
#7362=IFCAXIS2PLACEMENT3D(#7359,#7360,#7361);
#7363=IFCLOCALPLACEMENT(#6883,#7362);
#7374=IFCPROPERTYSET('2p6IjwUmj6kP$iAoLuFvPw',$,'EPset_Parametric',$,(#7376));
#7375=IFCRELDEFINESBYPROPERTIES('0Hc5foBbXDLRFiRU0Cn7ad',$,$,$,(#7352),#7374);
#7376=IFCPROPERTYSINGLEVALUE('Engine',$,IFCLABEL('Bonsai.DumbLayer2'),$);
#7377=IFCWALL('2Vov4o5Iv4$RQTDKHioVqp',$,'Wall',$,$,#7697,#7383,$,$);
#7378=IFCMATERIALLAYERSETUSAGE(#94,.AXIS2.,.POSITIVE.,0.,$);
#7379=IFCRELASSOCIATESMATERIAL('2MGtNk8U996unJL0ZabGt4',$,$,$,(#7377),#7378);
#7383=IFCPRODUCTDEFINITIONSHAPE($,$,(#7742,#7739));
#7399=IFCPROPERTYSET('12YUetEsLEZxA3nqKnqZaA',$,'EPset_Parametric',$,(#7401));
#7400=IFCRELDEFINESBYPROPERTIES('1mCebx9NL3zwQL5XtspWgF',$,$,$,(#7377),#7399);
#7401=IFCPROPERTYSINGLEVALUE('Engine',$,IFCLABEL('Bonsai.DumbLayer2'),$);
#7402=IFCWALL('0VLkvTc4H3R9lKnyN8Ulz1',$,'Wall',$,$,#7729,#7408,$,$);
#7403=IFCMATERIALLAYERSETUSAGE(#94,.AXIS2.,.POSITIVE.,0.,$);
#7404=IFCRELASSOCIATESMATERIAL('14T$4_LgzBPOT9qTchjsiw',$,$,$,(#7402),#7403);
#7408=IFCPRODUCTDEFINITIONSHAPE($,$,(#7774,#7771));
#7424=IFCPROPERTYSET('0KOW_uD7LDkO6A3YJuhXse',$,'EPset_Parametric',$,(#7426));
#7425=IFCRELDEFINESBYPROPERTIES('00p66ypwb2SfJR$A1czYfi',$,$,$,(#7402),#7424);
#7426=IFCPROPERTYSINGLEVALUE('Engine',$,IFCLABEL('Bonsai.DumbLayer2'),$);
#7427=IFCWALL('1_DcMmZe9FSfPp063rVeoY',$,'Wall',$,$,#7761,#7433,$,$);
#7428=IFCMATERIALLAYERSETUSAGE(#94,.AXIS2.,.POSITIVE.,0.,$);
#7429=IFCRELASSOCIATESMATERIAL('3sa$qGHN925AtNhsql4H92',$,$,$,(#7427),#7428);
#7433=IFCPRODUCTDEFINITIONSHAPE($,$,(#7844,#7841));
#7449=IFCPROPERTYSET('3AppTImPP9au8lalw7arEo',$,'EPset_Parametric',$,(#7451));
#7450=IFCRELDEFINESBYPROPERTIES('3ceSbSbZ94cPcoaWgHEw7Q',$,$,$,(#7427),#7449);
#7451=IFCPROPERTYSINGLEVALUE('Engine',$,IFCLABEL('Bonsai.DumbLayer2'),$);
#7556=IFCRELCONNECTSPATHELEMENTS('1xdJS7$vH7E9UaMBQVIWj$',$,$,$,$,#7277,#7252,(),(),.ATEND.,.ATSTART.);
#7570=IFCCARTESIANPOINT((-3.2925212383270495,5.5395734994503876,0.));
#7571=IFCDIRECTION((0.,0.,1.));
#7572=IFCDIRECTION((7.5497901264043123E-08,-0.99999999999999722,0.));
#7573=IFCAXIS2PLACEMENT3D(#7570,#7571,#7572);
#7574=IFCLOCALPLACEMENT(#6883,#7573);
#7575=IFCCARTESIANPOINTLIST2D(((0.,0.),(0.,0.10000000000000001),(3.4100000486770297,0.10000000000000001),(3.5100000649690988,0.)));
#7576=IFCINDEXEDPOLYCURVE(#7575,(IFCLINEINDEX((1,2,3,4,1))),$);
#7577=IFCARBITRARYCLOSEDPROFILEDEF(.AREA.,$,#7576);
#7578=IFCCARTESIANPOINT((0.,0.,0.));
#7579=IFCDIRECTION((0.,0.,1.));
#7580=IFCDIRECTION((1.,0.,0.));
#7581=IFCAXIS2PLACEMENT3D(#7578,#7579,#7580);
#7582=IFCDIRECTION((0.,0.,1.));
#7583=IFCEXTRUDEDAREASOLID(#7577,#7581,#7582,3.);
#7584=IFCSHAPEREPRESENTATION(#11,'Body','SweptSolid',(#7583));
#7585=IFCCARTESIANPOINTLIST2D(((0.,0.),(3.5100000649690988,0.)));
#7586=IFCINDEXEDPOLYCURVE(#7585,$,$);
#7587=IFCSHAPEREPRESENTATION(#23,'Axis','Curve2D',(#7586));
#7588=IFCRELCONNECTSPATHELEMENTS('36Grh7iKHAwuw8cklRiIB9',$,$,$,$,#7302,#7277,(),(),.ATEND.,.ATSTART.);
#7602=IFCCARTESIANPOINT((-3.2925207000269818,-1.5904269218444824,0.));
#7603=IFCDIRECTION((0.,0.,1.));
#7604=IFCDIRECTION((1.,0.,0.));
#7605=IFCAXIS2PLACEMENT3D(#7602,#7603,#7604);
#7606=IFCLOCALPLACEMENT(#6883,#7605);
#7607=IFCCARTESIANPOINTLIST2D(((0.,0.),(0.10000001629206913,0.10000000000000001),(7.0300004288446791,0.10000000000000001),(7.1300004212948895,0.)));
#7608=IFCINDEXEDPOLYCURVE(#7607,(IFCLINEINDEX((1,2,3,4,1))),$);
#7609=IFCARBITRARYCLOSEDPROFILEDEF(.AREA.,$,#7608);
#7610=IFCCARTESIANPOINT((0.,0.,0.));
#7611=IFCDIRECTION((0.,0.,1.));
#7612=IFCDIRECTION((1.,0.,0.));
#7613=IFCAXIS2PLACEMENT3D(#7610,#7611,#7612);
#7614=IFCDIRECTION((0.,0.,1.));
#7615=IFCEXTRUDEDAREASOLID(#7609,#7613,#7614,3.);
#7616=IFCSHAPEREPRESENTATION(#11,'Body','SweptSolid',(#7615));
#7617=IFCCARTESIANPOINTLIST2D(((0.,0.),(7.1300004212948895,0.)));
#7618=IFCINDEXEDPOLYCURVE(#7617,$,$);
#7619=IFCSHAPEREPRESENTATION(#23,'Axis','Curve2D',(#7618));
#7620=IFCRELCONNECTSPATHELEMENTS('35aFRk45z3qRymOC0Lpfbk',$,$,$,$,#7327,#7302,(),(),.ATEND.,.ATSTART.);
#7634=IFCCARTESIANPOINT((0.26312255859373435,-1.5904269218444824,0.));
#7635=IFCDIRECTION((0.,0.,1.));
#7636=IFCDIRECTION((-4.3711388286737889E-08,-0.99999999999999911,0.));
#7637=IFCAXIS2PLACEMENT3D(#7634,#7635,#7636);
#7638=IFCLOCALPLACEMENT(#6883,#7637);
#7639=IFCCARTESIANPOINTLIST2D(((0.,0.),(0.099999992450210171,0.10000000000000001),(3.6556432629918554,0.10000000000000001),(3.5556432586207163,0.)));
#7640=IFCINDEXEDPOLYCURVE(#7639,(IFCLINEINDEX((1,2,3,4,1))),$);
#7641=IFCARBITRARYCLOSEDPROFILEDEF(.AREA.,$,#7640);
#7642=IFCCARTESIANPOINT((0.,0.,0.));
#7643=IFCDIRECTION((0.,0.,1.));
#7644=IFCDIRECTION((1.,0.,0.));
#7645=IFCAXIS2PLACEMENT3D(#7642,#7643,#7644);
#7646=IFCDIRECTION((0.,0.,1.));
#7647=IFCEXTRUDEDAREASOLID(#7641,#7645,#7646,3.);
#7648=IFCSHAPEREPRESENTATION(#11,'Body','SweptSolid',(#7647));
#7649=IFCCARTESIANPOINTLIST2D(((0.,0.),(3.5556432586207163,0.)));
#7650=IFCINDEXEDPOLYCURVE(#7649,$,$);
#7651=IFCSHAPEREPRESENTATION(#23,'Axis','Curve2D',(#7650));
#7652=IFCRELCONNECTSPATHELEMENTS('2_bpK7fN1CeR56h$bZnJTn',$,$,$,$,#7352,#7327,(),(),.ATEND.,.ATSTART.);
#7666=IFCCARTESIANPOINTLIST2D(((0.,0.),(-0.10000000437113893,0.10000000000000001),(0.48822295228626644,0.10000000000000001),(0.58822298049926725,0.)));
#7667=IFCINDEXEDPOLYCURVE(#7666,(IFCLINEINDEX((1,2,3,4,1))),$);
#7668=IFCARBITRARYCLOSEDPROFILEDEF(.AREA.,$,#7667);
#7669=IFCCARTESIANPOINT((0.,0.,0.));
#7670=IFCDIRECTION((0.,0.,1.));
#7671=IFCDIRECTION((1.,0.,0.));
#7672=IFCAXIS2PLACEMENT3D(#7669,#7670,#7671);
#7673=IFCDIRECTION((0.,0.,1.));
#7674=IFCEXTRUDEDAREASOLID(#7668,#7672,#7673,3.);
#7675=IFCSHAPEREPRESENTATION(#11,'Body','SweptSolid',(#7674));
#7676=IFCCARTESIANPOINTLIST2D(((0.,0.),(0.58822298049926725,0.)));
#7677=IFCINDEXEDPOLYCURVE(#7676,$,$);
#7678=IFCSHAPEREPRESENTATION(#23,'Axis','Curve2D',(#7677));
#7679=IFCRELCONNECTSPATHELEMENTS('0OiK4uvbb3fhV1rgmO1hfV',$,$,$,$,#7377,#7352,(),(),.ATEND.,.ATSTART.);
#7693=IFCCARTESIANPOINT((1.8216552734375218,-2.1786495307605875,0.));
#7694=IFCDIRECTION((0.,0.,1.));
#7695=IFCDIRECTION((-1.6292068494294439E-07,-0.99999999999998679,0.));
#7696=IFCAXIS2PLACEMENT3D(#7693,#7694,#7695);
#7697=IFCLOCALPLACEMENT(#6883,#7696);
#7698=IFCCARTESIANPOINTLIST2D(((0.,0.),(0.10000002821300073,0.10000000000000001),(1.6585327806898094,0.10000000000000001),(1.5585327405558749,0.)));
#7699=IFCINDEXEDPOLYCURVE(#7698,(IFCLINEINDEX((1,2,3,4,1))),$);
#7700=IFCARBITRARYCLOSEDPROFILEDEF(.AREA.,$,#7699);
#7701=IFCCARTESIANPOINT((0.,0.,0.));
#7702=IFCDIRECTION((0.,0.,1.));
#7703=IFCDIRECTION((1.,0.,0.));
#7704=IFCAXIS2PLACEMENT3D(#7701,#7702,#7703);
#7705=IFCDIRECTION((0.,0.,1.));
#7706=IFCEXTRUDEDAREASOLID(#7700,#7704,#7705,3.);
#7707=IFCSHAPEREPRESENTATION(#11,'Body','SweptSolid',(#7706));
#7708=IFCCARTESIANPOINTLIST2D(((0.,0.),(1.5585327405558749,0.)));
#7709=IFCINDEXEDPOLYCURVE(#7708,$,$);
#7710=IFCSHAPEREPRESENTATION(#23,'Axis','Curve2D',(#7709));
#7711=IFCRELCONNECTSPATHELEMENTS('2RmDOrg4zF8ej_eRUcFKla',$,$,$,$,#7402,#7377,(),(),.ATEND.,.ATSTART.);
#7725=IFCCARTESIANPOINT((1.8216551251796629,-3.0886497497558594,0.));
#7726=IFCDIRECTION((0.,0.,1.));
#7727=IFCDIRECTION((1.,0.,0.));
#7728=IFCAXIS2PLACEMENT3D(#7725,#7726,#7727);
#7729=IFCLOCALPLACEMENT(#6883,#7728);
#7730=IFCCARTESIANPOINTLIST2D(((0.,0.),(-0.10000004013393446,0.10000000000000001),(0.81000020270321349,0.10000000000000001),(0.91000021899528327,0.)));
#7731=IFCINDEXEDPOLYCURVE(#7730,(IFCLINEINDEX((1,2,3,4,1))),$);
#7732=IFCARBITRARYCLOSEDPROFILEDEF(.AREA.,$,#7731);
#7733=IFCCARTESIANPOINT((0.,0.,0.));
#7734=IFCDIRECTION((0.,0.,1.));
#7735=IFCDIRECTION((1.,0.,0.));
#7736=IFCAXIS2PLACEMENT3D(#7733,#7734,#7735);
#7737=IFCDIRECTION((0.,0.,1.));
#7738=IFCEXTRUDEDAREASOLID(#7732,#7736,#7737,3.);
#7739=IFCSHAPEREPRESENTATION(#11,'Body','SweptSolid',(#7738));
#7740=IFCCARTESIANPOINTLIST2D(((0.,0.),(0.91000021899528327,0.)));
#7741=IFCINDEXEDPOLYCURVE(#7740,$,$);
#7742=IFCSHAPEREPRESENTATION(#23,'Axis','Curve2D',(#7741));
#7743=IFCRELCONNECTSPATHELEMENTS('2Z_yfzle98bAaImh6YC1W6',$,$,$,$,#7427,#7402,(),(),.ATEND.,.ATSTART.);
#7757=IFCCARTESIANPOINT((4.201654911041242,-3.0886497497558598,0.));
#7758=IFCDIRECTION((0.,0.,1.));
#7759=IFCDIRECTION((7.5497901264043123E-08,0.99999999999999722,0.));
#7760=IFCAXIS2PLACEMENT3D(#7757,#7758,#7759);
#7761=IFCLOCALPLACEMENT(#6883,#7760);
#7762=IFCCARTESIANPOINTLIST2D(((0.,0.),(0.10000001629206984,0.10000000000000001),(2.2799997934113692,0.10000000000000001),(2.3799997858615791,0.)));
#7763=IFCINDEXEDPOLYCURVE(#7762,(IFCLINEINDEX((1,2,3,4,1))),$);
#7764=IFCARBITRARYCLOSEDPROFILEDEF(.AREA.,$,#7763);
#7765=IFCCARTESIANPOINT((0.,0.,0.));
#7766=IFCDIRECTION((0.,0.,1.));
#7767=IFCDIRECTION((1.,0.,0.));
#7768=IFCAXIS2PLACEMENT3D(#7765,#7766,#7767);
#7769=IFCDIRECTION((0.,0.,1.));
#7770=IFCEXTRUDEDAREASOLID(#7764,#7768,#7769,3.);
#7771=IFCSHAPEREPRESENTATION(#11,'Body','SweptSolid',(#7770));
#7772=IFCCARTESIANPOINTLIST2D(((0.,0.),(2.3799997858615791,0.)));
#7773=IFCINDEXEDPOLYCURVE(#7772,$,$);
#7774=IFCSHAPEREPRESENTATION(#23,'Axis','Curve2D',(#7773));
#7775=IFCWALL('0QJNuDOsPF99J9CELGmkqA',$,'Wall',$,$,#7786,#7781,$,$);
#7776=IFCMATERIALLAYERSETUSAGE(#94,.AXIS2.,.POSITIVE.,0.,$);
#7777=IFCRELASSOCIATESMATERIAL('1EVMkoX_zFkAB$a0qkxIeJ',$,$,$,(#7775),#7776);
#7781=IFCPRODUCTDEFINITIONSHAPE($,$,(#7812,#7809));
#7782=IFCCARTESIANPOINT((0.21747875213623047,6.4999327659606934,0.));
#7783=IFCDIRECTION((0.,0.,1.));
#7784=IFCDIRECTION((7.5497901264043109E-08,-0.99999999999999711,0.));
#7785=IFCAXIS2PLACEMENT3D(#7782,#7783,#7784);
#7786=IFCLOCALPLACEMENT(#6883,#7785);
#7797=IFCPROPERTYSET('1vdphIyN16NAYgJS7k4g9F',$,'EPset_Parametric',$,(#7799));
#7798=IFCRELDEFINESBYPROPERTIES('3$ZDjeP6502vtSoDpxtg37',$,$,$,(#7775),#7797);
#7799=IFCPROPERTYSINGLEVALUE('Engine',$,IFCLABEL('Bonsai.DumbLayer2'),$);
#7800=IFCCARTESIANPOINTLIST2D(((0.,0.),(0.,0.10000000000000001),(1.0603594816386124,0.10000000000000001),(1.0603594816386124,0.)));
#7801=IFCINDEXEDPOLYCURVE(#7800,(IFCLINEINDEX((1,2,3,4,1))),$);
#7802=IFCARBITRARYCLOSEDPROFILEDEF(.AREA.,$,#7801);
#7803=IFCCARTESIANPOINT((0.,0.,0.));
#7804=IFCDIRECTION((0.,0.,1.));
#7805=IFCDIRECTION((1.,0.,0.));
#7806=IFCAXIS2PLACEMENT3D(#7803,#7804,#7805);
#7807=IFCDIRECTION((0.,0.,1.));
#7808=IFCEXTRUDEDAREASOLID(#7802,#7806,#7807,3.);
#7809=IFCSHAPEREPRESENTATION(#11,'Body','SweptSolid',(#7808));
#7810=IFCCARTESIANPOINTLIST2D(((0.,0.),(1.0603594816386124,0.)));
#7811=IFCINDEXEDPOLYCURVE(#7810,$,$);
#7812=IFCSHAPEREPRESENTATION(#23,'Axis','Curve2D',(#7811));
#7813=IFCRELCONNECTSPATHELEMENTS('3y1bCMAXfEtPKRCgB_$aRD',$,$,$,$,#7144,#7427,(),(),.ATPATH.,.ATSTART.);
#7814=IFCCARTESIANPOINTLIST2D(((0.10000000000000001,0.),(0.099999998807512466,0.10000000000000001),(3.9841768828228314,0.10000000000000001),(3.9841768828228314,0.)));
#7815=IFCINDEXEDPOLYCURVE(#7814,(IFCLINEINDEX((1,2,3,4,1))),$);
#7816=IFCARBITRARYCLOSEDPROFILEDEF(.AREA.,$,#7815);
#7817=IFCCARTESIANPOINT((0.,0.,0.));
#7818=IFCDIRECTION((0.,0.,1.));
#7819=IFCDIRECTION((1.,0.,0.));
#7820=IFCAXIS2PLACEMENT3D(#7817,#7818,#7819);
#7821=IFCDIRECTION((0.,0.,1.));
#7822=IFCEXTRUDEDAREASOLID(#7816,#7820,#7821,3.);
#7823=IFCSHAPEREPRESENTATION(#11,'Body','SweptSolid',(#7822));
#7824=IFCCARTESIANPOINTLIST2D(((0.,0.),(3.9841768828228314,0.)));
#7825=IFCINDEXEDPOLYCURVE(#7824,$,$);
#7826=IFCSHAPEREPRESENTATION(#23,'Axis','Curve2D',(#7825));
#7827=IFCCARTESIANPOINT((4.2016556349590619,6.4999322905068357,0.));
#7828=IFCDIRECTION((0.,0.,1.));
#7829=IFCDIRECTION((-0.99999999999999623,8.7422776573475527E-08,0.));
#7830=IFCAXIS2PLACEMENT3D(#7827,#7828,#7829);
#7831=IFCLOCALPLACEMENT(#6883,#7830);
#7832=IFCCARTESIANPOINTLIST2D(((0.,0.),(0.099999992450210157,0.10000000000000001),(9.5885888941941975,0.10000000000000001),(9.5885888941941975,0.)));
#7833=IFCINDEXEDPOLYCURVE(#7832,(IFCLINEINDEX((1,2,3,4,1))),$);
#7834=IFCARBITRARYCLOSEDPROFILEDEF(.AREA.,$,#7833);
#7835=IFCCARTESIANPOINT((0.,0.,0.));
#7836=IFCDIRECTION((0.,0.,1.));
#7837=IFCDIRECTION((1.,0.,0.));
#7838=IFCAXIS2PLACEMENT3D(#7835,#7836,#7837);
#7839=IFCDIRECTION((0.,0.,1.));
#7840=IFCEXTRUDEDAREASOLID(#7834,#7838,#7839,3.);
#7841=IFCSHAPEREPRESENTATION(#11,'Body','SweptSolid',(#7840));
#7842=IFCCARTESIANPOINTLIST2D(((0.,0.),(9.5885888941941975,0.)));
#7843=IFCINDEXEDPOLYCURVE(#7842,$,$);
#7844=IFCSHAPEREPRESENTATION(#23,'Axis','Curve2D',(#7843));
#7845=IFCSLAB('0D9HTh7A5BYQXqE9F1bkmw',$,'Slab',$,$,#7852,#7859,$,$);
#7846=IFCMATERIALLAYERSETUSAGE(#2092,.AXIS3.,.POSITIVE.,-0.10000000149011612,$);
#7847=IFCRELASSOCIATESMATERIAL('1H44xD70vDuggs2hPjt5MA',$,$,$,(#7845),#7846);
#7848=IFCCARTESIANPOINT((4.2016549110412598,-3.0886497497558594,0.));
#7849=IFCDIRECTION((0.,0.,1.));
#7850=IFCDIRECTION((1.,0.,0.));
#7851=IFCAXIS2PLACEMENT3D(#7848,#7849,#7850);
#7852=IFCLOCALPLACEMENT(#6883,#7851);
#7853=IFCCARTESIANPOINTLIST2D(((0.,0.),(-7.4941964149475098,-7.152557373046875E-07),(-7.4941959381103516,8.6282005310058594),(-3.9841866493225098,8.6282005310058594),(-3.9841866493225098,9.5885887145996094),(5.245208740234375E-06,9.5885887145996094),(0.,0.)));
#7854=IFCINDEXEDPOLYCURVE(#7853,$,$);
#7855=IFCDIRECTION((0.,0.,1.));
#7856=IFCARBITRARYCLOSEDPROFILEDEF(.AREA.,$,#7854);
#7857=IFCEXTRUDEDAREASOLID(#7856,#7866,#7855,0.10000000000000001);
#7858=IFCSHAPEREPRESENTATION(#11,'Body','SweptSolid',(#7857));
#7859=IFCPRODUCTDEFINITIONSHAPE($,$,(#7858));
#7860=IFCPROPERTYSET('3SG2z3Ja52c9mSlEKsddHM',$,'EPset_Parametric',$,(#7862));
#7861=IFCRELDEFINESBYPROPERTIES('3NrdufQT50eRfRo8t2XltQ',$,$,$,(#7845),#7860);
#7862=IFCPROPERTYSINGLEVALUE('Engine',$,IFCLABEL('Bonsai.DumbLayer3'),$);
#7863=IFCCARTESIANPOINT((-0.,-0.,-0.10000000149011612));
#7864=IFCDIRECTION((0.,0.,1.));
#7865=IFCDIRECTION((1.,0.,0.));
#7866=IFCAXIS2PLACEMENT3D(#7863,#7864,#7865);
#7867=IFCWALL('3wROK6y6D1wheX9pW_sdZh',$,'Wall',$,$,#7947,#7873,$,$);
#7868=IFCMATERIALLAYERSETUSAGE(#94,.AXIS2.,.POSITIVE.,0.,$);
#7869=IFCRELASSOCIATESMATERIAL('3WDnGrCsT0hg3MW$_dDqfH',$,$,$,(#7867),#7868);
#7873=IFCPRODUCTDEFINITIONSHAPE($,$,(#8152,#8149));
#7889=IFCPROPERTYSET('3fN5ZLy5D77ArRjqCSZtXO',$,'EPset_Parametric',$,(#7891));
#7890=IFCRELDEFINESBYPROPERTIES('0HI_78Yob4$fCpmKZnjBEW',$,$,$,(#7867),#7889);
#7891=IFCPROPERTYSINGLEVALUE('Engine',$,IFCLABEL('Bonsai.DumbLayer2'),$);
#7905=IFCWALL('0uL4Oakt97UQ9BqmO$xJpx',$,'Wall',$,$,#7916,#7911,$,$);
#7906=IFCMATERIALLAYERSETUSAGE(#94,.AXIS2.,.POSITIVE.,0.,$);
#7907=IFCRELASSOCIATESMATERIAL('1iFAg2f4X7MRujuODWkJ_T',$,$,$,(#7905),#7906);
#7911=IFCPRODUCTDEFINITIONSHAPE($,$,(#7961,#7958));
#7912=IFCCARTESIANPOINT((4.101656436920166,5.0381627082824707,0.));
#7913=IFCDIRECTION((0.,0.,1.));
#7914=IFCDIRECTION((-0.99999999999999623,8.7422776573475527E-08,0.));
#7915=IFCAXIS2PLACEMENT3D(#7912,#7913,#7914);
#7916=IFCLOCALPLACEMENT(#6883,#7915);
#7927=IFCPROPERTYSET('206f2FrWX93RDCQjNAP1QM',$,'EPset_Parametric',$,(#7929));
#7928=IFCRELDEFINESBYPROPERTIES('0KLwd2Sv97whN6TdoJdgcH',$,$,$,(#7905),#7927);
#7929=IFCPROPERTYSINGLEVALUE('Engine',$,IFCLABEL('Bonsai.DumbLayer2'),$);
#7943=IFCCARTESIANPOINT((0.21747896075248718,5.4395732879638672,0.));
#7944=IFCDIRECTION((0.,0.,1.));
#7945=IFCDIRECTION((0.0065863412262846281,-0.99997830981939351,0.));
#7946=IFCAXIS2PLACEMENT3D(#7943,#7944,#7945);
#7947=IFCLOCALPLACEMENT(#6883,#7946);
#7948=IFCRELCONNECTSPATHELEMENTS('3jcStK7in8tu$JpEqWdQ$y',$,$,$,$,#7905,#7867,(),(),.ATPATH.,.ATEND.);
#7949=IFCCARTESIANPOINTLIST2D(((0.,0.),(0.,0.10000000000000001),(3.7808727677325824,0.10000000000000001),(3.7815314248840708,0.)));
#7950=IFCINDEXEDPOLYCURVE(#7949,(IFCLINEINDEX((1,2,3,4,1))),$);
#7951=IFCARBITRARYCLOSEDPROFILEDEF(.AREA.,$,#7950);
#7952=IFCCARTESIANPOINT((0.,0.,0.));
#7953=IFCDIRECTION((0.,0.,1.));
#7954=IFCDIRECTION((1.,0.,0.));
#7955=IFCAXIS2PLACEMENT3D(#7952,#7953,#7954);
#7956=IFCDIRECTION((0.,0.,1.));
#7957=IFCEXTRUDEDAREASOLID(#7951,#7955,#7956,3.);
#7958=IFCSHAPEREPRESENTATION(#11,'Body','SweptSolid',(#7957));
#7959=IFCCARTESIANPOINTLIST2D(((0.,0.),(3.8815335940067612,0.)));
#7960=IFCINDEXEDPOLYCURVE(#7959,$,$);
#7961=IFCSHAPEREPRESENTATION(#23,'Axis','Curve2D',(#7960));
#7975=IFCWALL('29jPlcwjj9_e7OCJS$nS1u',$,'Wall',$,$,#7986,#7981,$,$);
#7976=IFCMATERIALLAYERSETUSAGE(#94,.AXIS2.,.POSITIVE.,0.,$);
#7977=IFCRELASSOCIATESMATERIAL('3qX$y3vPn8J9QyA5Z5hL1r',$,$,$,(#7975),#7976);
#7981=IFCPRODUCTDEFINITIONSHAPE($,$,(#8026,#8023));
#7982=IFCCARTESIANPOINT((-3.1925208568572998,2.5598008632659912,0.));
#7983=IFCDIRECTION((0.,0.,1.));
#7984=IFCDIRECTION((1.,0.,0.));
#7985=IFCAXIS2PLACEMENT3D(#7982,#7983,#7984);
#7986=IFCLOCALPLACEMENT(#6883,#7985);
#7997=IFCPROPERTYSET('2ZKUIkrYzFYx88UYcPCQq$',$,'EPset_Parametric',$,(#7999));
#7998=IFCRELDEFINESBYPROPERTIES('0q84FmzFP50vTCkhGfoUI8',$,$,$,(#7975),#7997);
#7999=IFCPROPERTYSINGLEVALUE('Engine',$,IFCLABEL('Bonsai.DumbLayer2'),$);
#8013=IFCRELCONNECTSPATHELEMENTS('2HU3in$trDzw8Y5J9ej0oQ',$,$,$,$,#7975,#7867,(),(),.ATPATH.,.ATEND.);
#8014=IFCCARTESIANPOINTLIST2D(((0.,0.),(0.,0.10000000000000001),(3.4283087444541938,0.10000000000000001),(3.4289673928630253,0.)));
#8015=IFCINDEXEDPOLYCURVE(#8014,(IFCLINEINDEX((1,2,3,4,1))),$);
#8016=IFCARBITRARYCLOSEDPROFILEDEF(.AREA.,$,#8015);
#8017=IFCCARTESIANPOINT((0.,0.,0.));
#8018=IFCDIRECTION((0.,0.,1.));
#8019=IFCDIRECTION((1.,0.,0.));
#8020=IFCAXIS2PLACEMENT3D(#8017,#8018,#8019);
#8021=IFCDIRECTION((0.,0.,1.));
#8022=IFCEXTRUDEDAREASOLID(#8016,#8020,#8021,3.);
#8023=IFCSHAPEREPRESENTATION(#11,'Body','SweptSolid',(#8022));
#8024=IFCCARTESIANPOINTLIST2D(((0.,0.),(3.4289673928630253,0.)));
#8025=IFCINDEXEDPOLYCURVE(#8024,$,$);
#8026=IFCSHAPEREPRESENTATION(#23,'Axis','Curve2D',(#8025));
#8040=IFCWALL('2dmDKq_zv54gjtMRH$cZQO',$,'Wall',$,$,#8051,#8046,$,$);
#8041=IFCMATERIALLAYERSETUSAGE(#94,.AXIS2.,.POSITIVE.,0.,$);
#8042=IFCRELASSOCIATESMATERIAL('1$CL7sh956shZOtYaT_Kmc',$,$,$,(#8040),#8041);
#8046=IFCPRODUCTDEFINITIONSHAPE($,$,(#8139,#8136));
#8047=IFCCARTESIANPOINT((4.1016554832458496,0.49618127942085266,0.));
#8048=IFCDIRECTION((0.,0.,1.));
#8049=IFCDIRECTION((-0.99999999999998868,-1.5099580252808492E-07,0.));
#8050=IFCAXIS2PLACEMENT3D(#8047,#8048,#8049);
#8051=IFCLOCALPLACEMENT(#6883,#8050);
#8062=IFCPROPERTYSET('2s0kIb$pX5FuziLuJs7DTu',$,'EPset_Parametric',$,(#8064));
#8063=IFCRELDEFINESBYPROPERTIES('0Fz$7FZXr898OEhh4_iaYk',$,$,$,(#8040),#8062);
#8064=IFCPROPERTYSINGLEVALUE('Engine',$,IFCLABEL('Bonsai.DumbLayer2'),$);
#8126=IFCRELCONNECTSPATHELEMENTS('24OYfrqN1ARvpQYJfSSzkO',$,$,$,$,#8040,#7867,(),(),.ATPATH.,.ATEND.);
#8127=IFCCARTESIANPOINTLIST2D(((0.,0.),(0.,0.10000000000000001),(3.7509561435820342,0.10000000000000001),(3.7516147768906305,0.)));
#8128=IFCINDEXEDPOLYCURVE(#8127,(IFCLINEINDEX((1,2,3,4,1))),$);
#8129=IFCARBITRARYCLOSEDPROFILEDEF(.AREA.,$,#8128);
#8130=IFCCARTESIANPOINT((0.,0.,0.));
#8131=IFCDIRECTION((0.,0.,1.));
#8132=IFCDIRECTION((1.,0.,0.));
#8133=IFCAXIS2PLACEMENT3D(#8130,#8131,#8132);
#8134=IFCDIRECTION((0.,0.,1.));
#8135=IFCEXTRUDEDAREASOLID(#8129,#8133,#8134,3.);
#8136=IFCSHAPEREPRESENTATION(#11,'Body','SweptSolid',(#8135));
#8137=IFCCARTESIANPOINTLIST2D(((0.,0.),(3.8516169458562843,0.)));
#8138=IFCINDEXEDPOLYCURVE(#8137,$,$);
#8139=IFCSHAPEREPRESENTATION(#23,'Axis','Curve2D',(#8138));
#8140=IFCCARTESIANPOINTLIST2D(((0.,0.),(0.,0.10000000000000001),(6.9301504804620659,0.10000000000000001),(6.9301504804620659,0.)));
#8141=IFCINDEXEDPOLYCURVE(#8140,(IFCLINEINDEX((1,2,3,4,1))),$);
#8142=IFCARBITRARYCLOSEDPROFILEDEF(.AREA.,$,#8141);
#8143=IFCCARTESIANPOINT((0.,0.,0.));
#8144=IFCDIRECTION((0.,0.,1.));
#8145=IFCDIRECTION((1.,0.,0.));
#8146=IFCAXIS2PLACEMENT3D(#8143,#8144,#8145);
#8147=IFCDIRECTION((0.,0.,1.));
#8148=IFCEXTRUDEDAREASOLID(#8142,#8146,#8147,3.);
#8149=IFCSHAPEREPRESENTATION(#11,'Body','SweptSolid',(#8148));
#8150=IFCCARTESIANPOINTLIST2D(((0.,0.),(6.9301504804620659,0.)));
#8151=IFCINDEXEDPOLYCURVE(#8150,$,$);
#8152=IFCSHAPEREPRESENTATION(#23,'Axis','Curve2D',(#8151));
#8153=IFCDOORTYPE('0F2IdpXwH1ZuNMyQyJKuzA',$,'Bathroom-2F',$,$,(#8154),(#8156,#8164,#8224),$,$,.DOOR.,.SINGLE_SWING_LEFT.,$,$);
#8154=IFCPROPERTYSET('3POinnegH01ANo_CHzSXLN',$,'BBIM_Door',$,(#8155));
#8155=IFCPROPERTYSINGLEVALUE('Data',$,IFCTEXT('{"door_type": "SINGLE_SWING_LEFT", "overall_height": 2.09596586227417, "overall_width": 0.7580192685127258, "lining_properties": {"lining_depth": 0.05000000074505806, "lining_thickness": 0.05000000074505806, "lining_offset": 0.0, "lining_to_panel_offset_x": 0.02500000037252903, "lining_to_panel_offset_y": 0.02500000037252903, "transom_thickness": 0.0, "casing_thickness": 0.0, "threshold_thickness": 0.02500000037252903, "threshold_depth": 0.10000000149011612, "threshold_offset": 0.0}, "panel_properties": {"panel_depth": 0.03500000014901161, "panel_width_ratio": 1.0}}'),$);
#8156=IFCREPRESENTATIONMAP(#8157,#8325);
#8157=IFCAXIS2PLACEMENT3D(#8158,#8159,#8160);
#8158=IFCCARTESIANPOINT((0.,0.,0.));
#8159=IFCDIRECTION((0.,0.,1.));
#8160=IFCDIRECTION((1.,0.,0.));
#8164=IFCREPRESENTATIONMAP(#8165,#8380);
#8165=IFCAXIS2PLACEMENT3D(#8166,#8167,#8168);
#8166=IFCCARTESIANPOINT((0.,0.,0.));
#8167=IFCDIRECTION((0.,0.,1.));
#8168=IFCDIRECTION((1.,0.,0.));
#8224=IFCREPRESENTATIONMAP(#8225,#8398);
#8225=IFCAXIS2PLACEMENT3D(#8226,#8227,#8228);
#8226=IFCCARTESIANPOINT((0.,0.,0.));
#8227=IFCDIRECTION((0.,0.,1.));
#8228=IFCDIRECTION((1.,0.,0.));
#8243=IFCDOOR('3T_Q9myiP3MBNfKzABx00K',$,'Door',$,$,#8423,#8252,$,2.0959658622741699,0.75801926851272583,$,.SINGLE_SWING_LEFT.,$);
#8244=IFCRELDEFINESBYTYPE('2BN0YoakLCKOIx0HnUbXcD',$,$,$,(#8243),#8153);
#8245=IFCCARTESIANPOINT((0.,0.,0.));
#8246=IFCDIRECTION((1.,0.,0.));
#8247=IFCDIRECTION((0.,1.,0.));
#8248=IFCDIRECTION((0.,0.,1.));
#8249=IFCCARTESIANTRANSFORMATIONOPERATOR3D(#8246,#8247,#8245,1.,#8248);
#8250=IFCMAPPEDITEM(#8156,#8249);
#8251=IFCSHAPEREPRESENTATION(#18,'Profile','MappedRepresentation',(#8250));
#8252=IFCPRODUCTDEFINITIONSHAPE($,$,(#8251,#8259,#8266));
#8253=IFCCARTESIANPOINT((0.,0.,0.));
#8254=IFCDIRECTION((1.,0.,0.));
#8255=IFCDIRECTION((0.,1.,0.));
#8256=IFCDIRECTION((0.,0.,1.));
#8257=IFCCARTESIANTRANSFORMATIONOPERATOR3D(#8254,#8255,#8253,1.,#8256);
#8258=IFCMAPPEDITEM(#8164,#8257);
#8259=IFCSHAPEREPRESENTATION(#11,'Body','MappedRepresentation',(#8258));
#8260=IFCCARTESIANPOINT((0.,0.,0.));
#8261=IFCDIRECTION((1.,0.,0.));
#8262=IFCDIRECTION((0.,1.,0.));
#8263=IFCDIRECTION((0.,0.,1.));
#8264=IFCCARTESIANTRANSFORMATIONOPERATOR3D(#8261,#8262,#8260,1.,#8263);
#8265=IFCMAPPEDITEM(#8224,#8264);
#8266=IFCSHAPEREPRESENTATION(#24,'Body','MappedRepresentation',(#8265));
#8267=IFCOPENINGELEMENT('2IQ3xK0BL54Qn0vzqGpyDC',$,'Opening',$,$,#8418,#8295,$,.OPENING.);
#8283=IFCCARTESIANPOINT((0.,0.,0.));
#8284=IFCDIRECTION((1.,0.,0.));
#8285=IFCDIRECTION((0.,0.,1.));
#8286=IFCAXIS2PLACEMENT3D(#8283,#8285,#8284);
#8287=IFCREPRESENTATIONMAP(#8286,#8408);
#8288=IFCCARTESIANPOINT((0.,0.,0.));
#8289=IFCDIRECTION((1.,0.,0.));
#8290=IFCDIRECTION((0.,1.,0.));
#8291=IFCDIRECTION((0.,0.,1.));
#8292=IFCCARTESIANTRANSFORMATIONOPERATOR3D(#8289,#8290,#8288,1.,#8291);
#8293=IFCMAPPEDITEM(#8287,#8292);
#8294=IFCSHAPEREPRESENTATION(#11,'Body','MappedRepresentation',(#8293));
#8295=IFCPRODUCTDEFINITIONSHAPE($,$,(#8294));
#8296=IFCRELVOIDSELEMENT('3j9I5udbvAcAlSkJ_g$xXs',$,$,$,#7905,#8267);
#8302=IFCRELFILLSELEMENT('238nB0NVXBtfdZguBmyONY',$,$,$,#8267,#8243);
#8323=IFCCARTESIANPOINTLIST3D(((0.,0.,0.),(0.75801926851272583,0.,0.),(0.75801926851272583,0.,2.0959658622741699),(0.,0.,2.0959658622741699)));
#8324=IFCINDEXEDPOLYCURVE(#8323,(IFCLINEINDEX((1,2,3,4,1))),$);
#8325=IFCSHAPEREPRESENTATION(#18,'Profile','Curve3D',(#8324));
#8326=IFCCARTESIANPOINTLIST2D(((0.,0.),(0.,2.0959658622741699),(0.75801926851272583,2.0959658622741699),(0.75801926851272583,0.),(0.7330192681401968,0.),(0.7330192681401968,2.0709658619016409),(0.02500000037252903,2.0709658619016409),(0.02500000037252903,0.)));
#8327=IFCINDEXEDPOLYCURVE(#8326,(IFCLINEINDEX((1,2,3,4,5,6,7,8,1))),$);
#8328=IFCARBITRARYCLOSEDPROFILEDEF(.AREA.,$,#8327);
#8329=IFCCARTESIANPOINT((0.,0.02500000037252903,0.));
#8330=IFCDIRECTION((0.,-1.,0.));
#8331=IFCDIRECTION((1.,0.,0.));
#8332=IFCAXIS2PLACEMENT3D(#8329,#8330,#8331);
#8333=IFCDIRECTION((0.,0.,-1.));
#8334=IFCEXTRUDEDAREASOLID(#8328,#8332,#8333,0.02500000037252903);
#8335=IFCCARTESIANPOINTLIST2D(((0.,0.),(0.,2.0959658622741699),(0.75801926851272583,2.0959658622741699),(0.75801926851272583,0.),(0.70801926776766777,0.),(0.70801926776766777,2.0459658615291119),(0.05000000074505806,2.0459658615291119),(0.05000000074505806,0.)));
#8336=IFCINDEXEDPOLYCURVE(#8335,(IFCLINEINDEX((1,2,3,4,5,6,7,8,1))),$);
#8337=IFCARBITRARYCLOSEDPROFILEDEF(.AREA.,$,#8336);
#8338=IFCCARTESIANPOINT((0.,0.,0.));
#8339=IFCDIRECTION((0.,-1.,0.));
#8340=IFCDIRECTION((1.,0.,0.));
#8341=IFCAXIS2PLACEMENT3D(#8338,#8339,#8340);
#8342=IFCDIRECTION((0.,0.,-1.));
#8343=IFCEXTRUDEDAREASOLID(#8337,#8341,#8342,0.02500000037252903);
#8344=IFCCARTESIANPOINTLIST2D(((0.,0.),(0.65801926702260971,0.),(0.65801926702260971,0.10000000149011612),(0.,0.10000000149011612)));
#8345=IFCINDEXEDPOLYCURVE(#8344,(IFCLINEINDEX((1,2,3,4,1))),$);
#8346=IFCARBITRARYCLOSEDPROFILEDEF(.AREA.,$,#8345);
#8347=IFCCARTESIANPOINT((0.05000000074505806,0.,0.));
#8348=IFCDIRECTION((0.,0.,1.));
#8349=IFCDIRECTION((1.,0.,0.));
#8350=IFCAXIS2PLACEMENT3D(#8347,#8348,#8349);
#8351=IFCDIRECTION((0.,0.,1.));
#8352=IFCEXTRUDEDAREASOLID(#8346,#8350,#8351,0.02500000037252903);
#8353=IFCCARTESIANPOINTLIST2D(((0.,0.),(0.70801926776766777,0.),(0.70801926776766777,0.035000000149011612),(0.,0.035000000149011612)));
#8354=IFCINDEXEDPOLYCURVE(#8353,(IFCLINEINDEX((1,2,3,4,1))),$);
#8355=IFCARBITRARYCLOSEDPROFILEDEF(.AREA.,$,#8354);
#8356=IFCCARTESIANPOINT((0.02500000037252903,0.02500000037252903,0.02500000037252903));
#8357=IFCDIRECTION((0.,0.,1.));
#8358=IFCDIRECTION((1.,0.,0.));
#8359=IFCAXIS2PLACEMENT3D(#8356,#8357,#8358);
#8360=IFCDIRECTION((0.,0.,1.));
#8361=IFCEXTRUDEDAREASOLID(#8355,#8359,#8360,2.0459658615291119);
#8362=IFCCARTESIANPOINTLIST2D(((0.,0.),(0.,-0.040000000000000001),(-0.11999999999999988,-0.040000000000000001),(-0.11999999999999988,-0.02),(-0.020000000000000018,-0.02),(-0.020000000000000018,0.)));
#8363=IFCINDEXEDPOLYCURVE(#8362,(IFCLINEINDEX((1,2,3,4,5,6,1))),$);
#8364=IFCARBITRARYCLOSEDPROFILEDEF(.AREA.,$,#8363);
#8365=IFCCARTESIANPOINT((0.68301926814019676,0.02500000037252903,1.015000000372529));
#8366=IFCDIRECTION((0.,0.,1.));
#8367=IFCDIRECTION((1.,0.,0.));
#8368=IFCAXIS2PLACEMENT3D(#8365,#8366,#8367);
#8369=IFCDIRECTION((0.,0.,1.));
#8370=IFCEXTRUDEDAREASOLID(#8364,#8368,#8369,0.02);
#8371=IFCEXTRUDEDAREASOLID(#8372,#8375,#8379,0.02);
#8372=IFCARBITRARYCLOSEDPROFILEDEF(.AREA.,$,#8373);
#8373=IFCINDEXEDPOLYCURVE(#8374,(IFCLINEINDEX((1,2,3,4,5,6,1))),$);
#8374=IFCCARTESIANPOINTLIST2D(((0.,0.),(0.,0.040000000000000008),(-0.11999999999999988,0.040000000000000008),(-0.11999999999999988,0.020000000000000004),(-0.020000000000000018,0.020000000000000004),(-0.020000000000000018,0.)));
#8375=IFCAXIS2PLACEMENT3D(#8376,#8377,#8378);
#8376=IFCCARTESIANPOINT((0.68301926814019676,0.060000000521540642,1.015000000372529));
#8377=IFCDIRECTION((0.,0.,1.));
#8378=IFCDIRECTION((1.,0.,0.));
#8379=IFCDIRECTION((0.,0.,1.));
#8380=IFCSHAPEREPRESENTATION(#11,'Body','SweptSolid',(#8334,#8343,#8361,#8370,#8371,#8352));
#8381=IFCSHAPEREPRESENTATION(#11,'Body','SweptSolid',(#8334,#8343,#8352));
#8382=IFCSHAPEASPECT((#8381),'Lining',$,.T.,#8252);
#8383=IFCSHAPEREPRESENTATION(#11,'Body','SweptSolid',(#8361,#8370,#8371));
#8384=IFCSHAPEASPECT((#8383),'Framing',$,.T.,#8252);
#8385=IFCCARTESIANPOINTLIST2D(((0.,0.),(0.,0.05000000074505806),(0.02500000037252903,0.05000000074505806),(0.02500000037252903,0.02500000037252903),(0.05000000074505806,0.02500000037252903),(0.05000000074505806,0.)));
#8386=IFCINDEXEDPOLYCURVE(#8385,(IFCLINEINDEX((1,2,3,4,5,6,1))),$);
#8387=IFCINDEXEDPOLYCURVE(#8388,(IFCLINEINDEX((1,2,3,4,5,6,1))),$);
#8388=IFCCARTESIANPOINTLIST2D(((0.75801926851272583,0.),(0.75801926851272583,0.05000000074505806),(0.7330192681401968,0.05000000074505806),(0.7330192681401968,0.02500000037252903),(0.70801926776766777,0.02500000037252903),(0.70801926776766777,0.)));
#8389=IFCDIRECTION((1.,0.));
#8390=IFCCARTESIANPOINT((0.060000000521540642,0.05000000074505806));
#8391=IFCAXIS2PLACEMENT2D(#8390,#8389);
#8392=IFCELLIPSE(#8391,0.67301926761865616,0.70801926776766777);
#8393=IFCCARTESIANPOINT((0.7330192681401968,0.05000000074505806));
#8394=IFCCARTESIANPOINT((0.060000000521540642,0.75801926851272583));
#8395=IFCTRIMMEDCURVE(#8392,(#8393),(#8394),.T.,.CARTESIAN.);
#8396=IFCCARTESIANPOINTLIST2D(((0.02500000037252903,0.05000000074505806),(0.060000000521540642,0.05000000074505806),(0.060000000521540642,0.75801926851272583),(0.02500000037252903,0.75801926851272583)));
#8397=IFCINDEXEDPOLYCURVE(#8396,(IFCLINEINDEX((1,2,3,4,1))),$);
#8398=IFCSHAPEREPRESENTATION(#24,'Body','Curve2D',(#8386,#8387,#8395,#8397));
#8399=IFCCARTESIANPOINTLIST2D(((0.,0.),(0.75801926851272583,0.),(0.75801926851272583,2.0959658622741699),(0.,2.0959658622741699)));
#8400=IFCINDEXEDPOLYCURVE(#8399,(IFCLINEINDEX((1,2,3,4,1))),$);
#8401=IFCARBITRARYCLOSEDPROFILEDEF(.AREA.,$,#8400);
#8402=IFCCARTESIANPOINT((0.,-0.60000002384185791,0.));
#8403=IFCDIRECTION((0.,-1.,0.));
#8404=IFCDIRECTION((1.,0.,0.));
#8405=IFCAXIS2PLACEMENT3D(#8402,#8403,#8404);
#8406=IFCDIRECTION((0.,0.,-1.));
#8407=IFCEXTRUDEDAREASOLID(#8401,#8405,#8406,1.2);
#8408=IFCSHAPEREPRESENTATION(#11,'Body','SweptSolid',(#8407));
#8414=IFCCARTESIANPOINT((3.4964301511842004,0.08499986697744788,0.));
#8415=IFCDIRECTION((0.,0.,1.));
#8416=IFCDIRECTION((-0.99999999999992406,3.894143816296034E-07,0.));
#8417=IFCAXIS2PLACEMENT3D(#8414,#8415,#8416);
#8418=IFCLOCALPLACEMENT(#7916,#8417);
#8419=IFCCARTESIANPOINT((-1.1102230246251565E-15,8.8817841970012523E-16,0.));
#8420=IFCDIRECTION((0.,0.,1.));
#8421=IFCDIRECTION((1.,1.0587911840678754E-22,0.));
#8422=IFCAXIS2PLACEMENT3D(#8419,#8420,#8421);
#8423=IFCLOCALPLACEMENT(#8418,#8422);
#8424=IFCDOORTYPE('26ml8P74vAAAYeDUyTbx_A',$,'BED-1-2F',$,$,(#8425),(#8427,#8435,#8495),$,$,.DOOR.,.SINGLE_SWING_LEFT.,$,$);
#8425=IFCPROPERTYSET('0G5sEJ_2z3rAE_wPS7sZHS',$,'BBIM_Door',$,(#8426));
#8426=IFCPROPERTYSINGLEVALUE('Data',$,IFCTEXT('{"door_type": "SINGLE_SWING_LEFT", "overall_height": 2.09596586227417, "overall_width": 0.915377140045166, "lining_properties": {"lining_depth": 0.05000000074505806, "lining_thickness": 0.05000000074505806, "lining_offset": 0.0, "lining_to_panel_offset_x": 0.02500000037252903, "lining_to_panel_offset_y": 0.02500000037252903, "transom_thickness": 0.0, "casing_thickness": 0.0, "threshold_thickness": 0.02500000037252903, "threshold_depth": 0.10000000149011612, "threshold_offset": 0.0}, "panel_properties": {"panel_depth": 0.03500000014901161, "panel_width_ratio": 1.0}}'),$);
#8427=IFCREPRESENTATIONMAP(#8428,#10454);
#8428=IFCAXIS2PLACEMENT3D(#8429,#8430,#8431);
#8429=IFCCARTESIANPOINT((0.,0.,0.));
#8430=IFCDIRECTION((0.,0.,1.));
#8431=IFCDIRECTION((1.,0.,0.));
#8435=IFCREPRESENTATIONMAP(#8436,#10509);
#8436=IFCAXIS2PLACEMENT3D(#8437,#8438,#8439);
#8437=IFCCARTESIANPOINT((0.,0.,0.));
#8438=IFCDIRECTION((0.,0.,1.));
#8439=IFCDIRECTION((1.,0.,0.));
#8495=IFCREPRESENTATIONMAP(#8496,#10523);
#8496=IFCAXIS2PLACEMENT3D(#8497,#8498,#8499);
#8497=IFCCARTESIANPOINT((0.,0.,0.));
#8498=IFCDIRECTION((0.,0.,1.));
#8499=IFCDIRECTION((1.,0.,0.));
#8514=IFCDOOR('3eY6QzLwb9OQzKKrOUOCq8',$,'Door',$,$,#10548,#8523,$,2.0959658622741699,0.91537714004516602,$,.SINGLE_SWING_LEFT.,$);
#8515=IFCRELDEFINESBYTYPE('131Qm49n92DRxhss8PQiQP',$,$,$,(#8514),#8424);
#8516=IFCCARTESIANPOINT((0.,0.,0.));
#8517=IFCDIRECTION((1.,0.,0.));
#8518=IFCDIRECTION((0.,1.,0.));
#8519=IFCDIRECTION((0.,0.,1.));
#8520=IFCCARTESIANTRANSFORMATIONOPERATOR3D(#8517,#8518,#8516,1.,#8519);
#8521=IFCMAPPEDITEM(#8427,#8520);
#8522=IFCSHAPEREPRESENTATION(#18,'Profile','MappedRepresentation',(#8521));
#8523=IFCPRODUCTDEFINITIONSHAPE($,$,(#8522,#8530,#8537));
#8524=IFCCARTESIANPOINT((0.,0.,0.));
#8525=IFCDIRECTION((1.,0.,0.));
#8526=IFCDIRECTION((0.,1.,0.));
#8527=IFCDIRECTION((0.,0.,1.));
#8528=IFCCARTESIANTRANSFORMATIONOPERATOR3D(#8525,#8526,#8524,1.,#8527);
#8529=IFCMAPPEDITEM(#8435,#8528);
#8530=IFCSHAPEREPRESENTATION(#11,'Body','MappedRepresentation',(#8529));
#8531=IFCCARTESIANPOINT((0.,0.,0.));
#8532=IFCDIRECTION((1.,0.,0.));
#8533=IFCDIRECTION((0.,1.,0.));
#8534=IFCDIRECTION((0.,0.,1.));
#8535=IFCCARTESIANTRANSFORMATIONOPERATOR3D(#8532,#8533,#8531,1.,#8534);
#8536=IFCMAPPEDITEM(#8495,#8535);
#8537=IFCSHAPEREPRESENTATION(#24,'Body','MappedRepresentation',(#8536));
#8538=IFCOPENINGELEMENT('2afP6bZr9AFQ57ia6H0VnI',$,'Opening',$,$,#10543,#8566,$,.OPENING.);
#8554=IFCCARTESIANPOINT((0.,0.,0.));
#8555=IFCDIRECTION((1.,0.,0.));
#8556=IFCDIRECTION((0.,0.,1.));
#8557=IFCAXIS2PLACEMENT3D(#8554,#8556,#8555);
#8558=IFCREPRESENTATIONMAP(#8557,#10533);
#8559=IFCCARTESIANPOINT((0.,0.,0.));
#8560=IFCDIRECTION((1.,0.,0.));
#8561=IFCDIRECTION((0.,1.,0.));
#8562=IFCDIRECTION((0.,0.,1.));
#8563=IFCCARTESIANTRANSFORMATIONOPERATOR3D(#8560,#8561,#8559,1.,#8562);
#8564=IFCMAPPEDITEM(#8558,#8563);
#8565=IFCSHAPEREPRESENTATION(#11,'Body','MappedRepresentation',(#8564));
#8566=IFCPRODUCTDEFINITIONSHAPE($,$,(#8565));
#8567=IFCRELVOIDSELEMENT('0z3Y91$JX0wPpNXvJ2IgO4',$,$,$,#7867,#8538);
#8573=IFCRELFILLSELEMENT('3rJOjTEPb6Qhmv$FqYV5iT',$,$,$,#8538,#8514);
#8597=IFCCARTESIANPOINTLIST2D(((0.,0.),(0.,2.0959658622741699),(0.91537714004516602,2.0959658622741699),(0.91537714004516602,0.),(0.89037713967263699,0.),(0.89037713967263699,2.0709658619016409),(0.02500000037252903,2.0709658619016409),(0.02500000037252903,0.)));
#8598=IFCINDEXEDPOLYCURVE(#8597,(IFCLINEINDEX((1,2,3,4,5,6,7,8,1))),$);
#8599=IFCARBITRARYCLOSEDPROFILEDEF(.AREA.,$,#8598);
#8600=IFCCARTESIANPOINT((0.,0.02500000037252903,0.));
#8601=IFCDIRECTION((0.,-1.,0.));
#8602=IFCDIRECTION((1.,0.,0.));
#8603=IFCAXIS2PLACEMENT3D(#8600,#8601,#8602);
#8604=IFCDIRECTION((0.,0.,-1.));
#8605=IFCEXTRUDEDAREASOLID(#8599,#8603,#8604,0.02500000037252903);
#8606=IFCCARTESIANPOINTLIST2D(((0.,0.),(0.,2.0959658622741699),(0.91537714004516602,2.0959658622741699),(0.91537714004516602,0.),(0.86537713930010796,0.),(0.86537713930010796,2.0459658615291119),(0.05000000074505806,2.0459658615291119),(0.05000000074505806,0.)));
#8607=IFCINDEXEDPOLYCURVE(#8606,(IFCLINEINDEX((1,2,3,4,5,6,7,8,1))),$);
#8608=IFCARBITRARYCLOSEDPROFILEDEF(.AREA.,$,#8607);
#8609=IFCCARTESIANPOINT((0.,0.,0.));
#8610=IFCDIRECTION((0.,-1.,0.));
#8611=IFCDIRECTION((1.,0.,0.));
#8612=IFCAXIS2PLACEMENT3D(#8609,#8610,#8611);
#8613=IFCDIRECTION((0.,0.,-1.));
#8614=IFCEXTRUDEDAREASOLID(#8608,#8612,#8613,0.02500000037252903);
#8615=IFCCARTESIANPOINTLIST2D(((0.,0.),(0.8153771385550499,0.),(0.8153771385550499,0.10000000149011612),(0.,0.10000000149011612)));
#8616=IFCINDEXEDPOLYCURVE(#8615,(IFCLINEINDEX((1,2,3,4,1))),$);
#8617=IFCARBITRARYCLOSEDPROFILEDEF(.AREA.,$,#8616);
#8618=IFCCARTESIANPOINT((0.05000000074505806,0.,0.));
#8619=IFCDIRECTION((0.,0.,1.));
#8620=IFCDIRECTION((1.,0.,0.));
#8621=IFCAXIS2PLACEMENT3D(#8618,#8619,#8620);
#8622=IFCDIRECTION((0.,0.,1.));
#8623=IFCEXTRUDEDAREASOLID(#8617,#8621,#8622,0.02500000037252903);
#8624=IFCCARTESIANPOINTLIST2D(((0.,0.),(0.86537713930010796,0.),(0.86537713930010796,0.035000000149011612),(0.,0.035000000149011612)));
#8625=IFCINDEXEDPOLYCURVE(#8624,(IFCLINEINDEX((1,2,3,4,1))),$);
#8626=IFCARBITRARYCLOSEDPROFILEDEF(.AREA.,$,#8625);
#8627=IFCCARTESIANPOINT((0.02500000037252903,0.02500000037252903,0.02500000037252903));
#8628=IFCDIRECTION((0.,0.,1.));
#8629=IFCDIRECTION((1.,0.,0.));
#8630=IFCAXIS2PLACEMENT3D(#8627,#8628,#8629);
#8631=IFCDIRECTION((0.,0.,1.));
#8632=IFCEXTRUDEDAREASOLID(#8626,#8630,#8631,2.0459658615291119);
#8633=IFCCARTESIANPOINTLIST2D(((0.,0.),(0.,-0.040000000000000001),(-0.11999999999999988,-0.040000000000000001),(-0.11999999999999988,-0.02),(-0.020000000000000018,-0.02),(-0.020000000000000018,0.)));
#8634=IFCINDEXEDPOLYCURVE(#8633,(IFCLINEINDEX((1,2,3,4,5,6,1))),$);
#8635=IFCARBITRARYCLOSEDPROFILEDEF(.AREA.,$,#8634);
#8636=IFCCARTESIANPOINT((0.84037713967263694,0.02500000037252903,1.015000000372529));
#8637=IFCDIRECTION((0.,0.,1.));
#8638=IFCDIRECTION((1.,0.,0.));
#8639=IFCAXIS2PLACEMENT3D(#8636,#8637,#8638);
#8640=IFCDIRECTION((0.,0.,1.));
#8641=IFCEXTRUDEDAREASOLID(#8635,#8639,#8640,0.02);
#8642=IFCEXTRUDEDAREASOLID(#8643,#8646,#8650,0.02);
#8643=IFCARBITRARYCLOSEDPROFILEDEF(.AREA.,$,#8644);
#8644=IFCINDEXEDPOLYCURVE(#8645,(IFCLINEINDEX((1,2,3,4,5,6,1))),$);
#8645=IFCCARTESIANPOINTLIST2D(((0.,0.),(0.,0.040000000000000008),(-0.11999999999999988,0.040000000000000008),(-0.11999999999999988,0.020000000000000004),(-0.020000000000000018,0.020000000000000004),(-0.020000000000000018,0.)));
#8646=IFCAXIS2PLACEMENT3D(#8647,#8648,#8649);
#8647=IFCCARTESIANPOINT((0.84037713967263694,0.060000000521540642,1.015000000372529));
#8648=IFCDIRECTION((0.,0.,1.));
#8649=IFCDIRECTION((1.,0.,0.));
#8650=IFCDIRECTION((0.,0.,1.));
#8652=IFCSHAPEREPRESENTATION(#11,'Body','SweptSolid',(#8614,#10463,#10472,#8605,#10481,#8623));
#8653=IFCSHAPEASPECT((#8652),'Lining',$,.T.,#8523);
#8654=IFCSHAPEREPRESENTATION(#11,'Body','SweptSolid',(#10500,#8632,#10490,#8641,#8642,#10499));
#8655=IFCSHAPEASPECT((#8654),'Framing',$,.T.,#8523);
#8695=IFCDOORTYPE('3oH$jjtqnE2fzQyr6c4B4b',$,'MASTER''S-2F',$,$,(#8696),(#8698,#8706,#8766),$,$,.DOOR.,.SINGLE_SWING_LEFT.,$,$);
#8696=IFCPROPERTYSET('1JGeC7xNj1BQeBSWLu1GQH',$,'BBIM_Door',$,(#8697));
#8697=IFCPROPERTYSINGLEVALUE('Data',$,IFCTEXT('{"door_type": "SINGLE_SWING_LEFT", "overall_height": 2.09596586227417, "overall_width": 2.016486644744873, "lining_properties": {"lining_depth": 0.05000000074505806, "lining_thickness": 0.05000000074505806, "lining_offset": 0.0, "lining_to_panel_offset_x": 0.02500000037252903, "lining_to_panel_offset_y": 0.02500000037252903, "transom_thickness": 0.0, "casing_thickness": 0.0, "threshold_thickness": 0.02500000037252903, "threshold_depth": 0.10000000149011612, "threshold_offset": 0.0}, "panel_properties": {"panel_depth": 0.03500000014901161, "panel_width_ratio": 1.0}}'),$);
#8698=IFCREPRESENTATIONMAP(#8699,#10744);
#8699=IFCAXIS2PLACEMENT3D(#8700,#8701,#8702);
#8700=IFCCARTESIANPOINT((0.,0.,0.));
#8701=IFCDIRECTION((0.,0.,1.));
#8702=IFCDIRECTION((1.,0.,0.));
#8706=IFCREPRESENTATIONMAP(#8707,#10799);
#8707=IFCAXIS2PLACEMENT3D(#8708,#8709,#8710);
#8708=IFCCARTESIANPOINT((0.,0.,0.));
#8709=IFCDIRECTION((0.,0.,1.));
#8710=IFCDIRECTION((1.,0.,0.));
#8766=IFCREPRESENTATIONMAP(#8767,#10817);
#8767=IFCAXIS2PLACEMENT3D(#8768,#8769,#8770);
#8768=IFCCARTESIANPOINT((0.,0.,0.));
#8769=IFCDIRECTION((0.,0.,1.));
#8770=IFCDIRECTION((1.,0.,0.));
#8785=IFCDOOR('0vqp2GHObFEx_NdRUBm5F2',$,'Door',$,$,#10857,#8794,$,2.0959658622741699,2.016486644744873,$,.SINGLE_SWING_RIGHT.,$);
#8786=IFCRELDEFINESBYTYPE('3X5v91Bh5EAPbjcKwRWlai',$,$,$,(#10633,#8785),#8695);
#8787=IFCCARTESIANPOINT((0.,0.,0.));
#8788=IFCDIRECTION((1.,0.,0.));
#8789=IFCDIRECTION((0.,1.,0.));
#8790=IFCDIRECTION((0.,0.,1.));
#8791=IFCCARTESIANTRANSFORMATIONOPERATOR3D(#8788,#8789,#8787,1.,#8790);
#8792=IFCMAPPEDITEM(#8698,#8791);
#8793=IFCSHAPEREPRESENTATION(#18,'Profile','MappedRepresentation',(#8792));
#8794=IFCPRODUCTDEFINITIONSHAPE($,$,(#8793,#8801,#8808));
#8795=IFCCARTESIANPOINT((0.,0.,0.));
#8796=IFCDIRECTION((1.,0.,0.));
#8797=IFCDIRECTION((0.,1.,0.));
#8798=IFCDIRECTION((0.,0.,1.));
#8799=IFCCARTESIANTRANSFORMATIONOPERATOR3D(#8796,#8797,#8795,1.,#8798);
#8800=IFCMAPPEDITEM(#8706,#8799);
#8801=IFCSHAPEREPRESENTATION(#11,'Body','MappedRepresentation',(#8800));
#8802=IFCCARTESIANPOINT((0.,0.,0.));
#8803=IFCDIRECTION((1.,0.,0.));
#8804=IFCDIRECTION((0.,1.,0.));
#8805=IFCDIRECTION((0.,0.,1.));
#8806=IFCCARTESIANTRANSFORMATIONOPERATOR3D(#8803,#8804,#8802,1.,#8805);
#8807=IFCMAPPEDITEM(#8766,#8806);
#8808=IFCSHAPEREPRESENTATION(#24,'Body','MappedRepresentation',(#8807));
#8809=IFCOPENINGELEMENT('2JfuIXIbr4gxlPfJikzal6',$,'Opening',$,$,#10852,#8837,$,.OPENING.);
#8825=IFCCARTESIANPOINT((0.,0.,0.));
#8826=IFCDIRECTION((1.,0.,0.));
#8827=IFCDIRECTION((0.,0.,1.));
#8828=IFCAXIS2PLACEMENT3D(#8825,#8827,#8826);
#8829=IFCREPRESENTATIONMAP(#8828,#10827);
#8830=IFCCARTESIANPOINT((0.,0.,0.));
#8831=IFCDIRECTION((1.,0.,0.));
#8832=IFCDIRECTION((0.,1.,0.));
#8833=IFCDIRECTION((0.,0.,1.));
#8834=IFCCARTESIANTRANSFORMATIONOPERATOR3D(#8831,#8832,#8830,1.,#8833);
#8835=IFCMAPPEDITEM(#8829,#8834);
#8836=IFCSHAPEREPRESENTATION(#11,'Body','MappedRepresentation',(#8835));
#8837=IFCPRODUCTDEFINITIONSHAPE($,$,(#8836));
#8838=IFCRELVOIDSELEMENT('2wSXsj4PnAveUUAFBuAAT_',$,$,$,#7867,#8809);
#8844=IFCRELFILLSELEMENT('2ta2Fv6BT9zv$jjZuL1x6V',$,$,$,#8809,#8785);
#8868=IFCCARTESIANPOINTLIST2D(((0.,0.),(0.,2.0959658622741699),(0.85258382558822632,2.0959658622741699),(0.85258382558822632,0.),(0.82758382521569729,0.),(0.82758382521569729,2.0709658619016409),(0.02500000037252903,2.0709658619016409),(0.02500000037252903,0.)));
#8869=IFCINDEXEDPOLYCURVE(#8868,(IFCLINEINDEX((1,2,3,4,5,6,7,8,1))),$);
#8870=IFCARBITRARYCLOSEDPROFILEDEF(.AREA.,$,#8869);
#8871=IFCCARTESIANPOINT((0.,0.02500000037252903,0.));
#8872=IFCDIRECTION((0.,-1.,0.));
#8873=IFCDIRECTION((1.,0.,0.));
#8874=IFCAXIS2PLACEMENT3D(#8871,#8872,#8873);
#8875=IFCDIRECTION((0.,0.,-1.));
#8876=IFCEXTRUDEDAREASOLID(#8870,#8874,#8875,0.02500000037252903);
#8877=IFCCARTESIANPOINTLIST2D(((0.,0.),(0.,2.0959658622741699),(0.85258382558822632,2.0959658622741699),(0.85258382558822632,0.),(0.80258382484316826,0.),(0.80258382484316826,2.0459658615291119),(0.05000000074505806,2.0459658615291119),(0.05000000074505806,0.)));
#8878=IFCINDEXEDPOLYCURVE(#8877,(IFCLINEINDEX((1,2,3,4,5,6,7,8,1))),$);
#8879=IFCARBITRARYCLOSEDPROFILEDEF(.AREA.,$,#8878);
#8880=IFCCARTESIANPOINT((0.,0.,0.));
#8881=IFCDIRECTION((0.,-1.,0.));
#8882=IFCDIRECTION((1.,0.,0.));
#8883=IFCAXIS2PLACEMENT3D(#8880,#8881,#8882);
#8884=IFCDIRECTION((0.,0.,-1.));
#8885=IFCEXTRUDEDAREASOLID(#8879,#8883,#8884,0.02500000037252903);
#8886=IFCCARTESIANPOINTLIST2D(((0.,0.),(0.7525838240981102,0.),(0.7525838240981102,0.10000000149011612),(0.,0.10000000149011612)));
#8887=IFCINDEXEDPOLYCURVE(#8886,(IFCLINEINDEX((1,2,3,4,1))),$);
#8888=IFCARBITRARYCLOSEDPROFILEDEF(.AREA.,$,#8887);
#8889=IFCCARTESIANPOINT((0.05000000074505806,0.,0.));
#8890=IFCDIRECTION((0.,0.,1.));
#8891=IFCDIRECTION((1.,0.,0.));
#8892=IFCAXIS2PLACEMENT3D(#8889,#8890,#8891);
#8893=IFCDIRECTION((0.,0.,1.));
#8894=IFCEXTRUDEDAREASOLID(#8888,#8892,#8893,0.02500000037252903);
#8895=IFCCARTESIANPOINTLIST2D(((0.,0.),(0.80258382484316826,0.),(0.80258382484316826,0.035000000149011612),(0.,0.035000000149011612)));
#8896=IFCINDEXEDPOLYCURVE(#8895,(IFCLINEINDEX((1,2,3,4,1))),$);
#8897=IFCARBITRARYCLOSEDPROFILEDEF(.AREA.,$,#8896);
#8898=IFCCARTESIANPOINT((0.02500000037252903,0.02500000037252903,0.02500000037252903));
#8899=IFCDIRECTION((0.,0.,1.));
#8900=IFCDIRECTION((1.,0.,0.));
#8901=IFCAXIS2PLACEMENT3D(#8898,#8899,#8900);
#8902=IFCDIRECTION((0.,0.,1.));
#8903=IFCEXTRUDEDAREASOLID(#8897,#8901,#8902,2.0459658615291119);
#8904=IFCCARTESIANPOINTLIST2D(((0.,0.),(0.,-0.040000000000000001),(0.12,-0.040000000000000001),(0.12,-0.02),(0.02,-0.02),(0.02,0.)));
#8905=IFCINDEXEDPOLYCURVE(#8904,(IFCLINEINDEX((1,2,3,4,5,6,1))),$);
#8906=IFCARBITRARYCLOSEDPROFILEDEF(.AREA.,$,#8905);
#8907=IFCCARTESIANPOINT((0.075000000372529033,0.02500000037252903,1.015000000372529));
#8908=IFCDIRECTION((0.,0.,1.));
#8909=IFCDIRECTION((1.,0.,0.));
#8910=IFCAXIS2PLACEMENT3D(#8907,#8908,#8909);
#8911=IFCDIRECTION((0.,0.,1.));
#8912=IFCEXTRUDEDAREASOLID(#8906,#8910,#8911,0.02);
#8913=IFCEXTRUDEDAREASOLID(#8914,#8917,#8921,0.02);
#8914=IFCARBITRARYCLOSEDPROFILEDEF(.AREA.,$,#8915);
#8915=IFCINDEXEDPOLYCURVE(#8916,(IFCLINEINDEX((1,2,3,4,5,6,1))),$);
#8916=IFCCARTESIANPOINTLIST2D(((0.,0.),(0.,0.040000000000000008),(0.11999999999999998,0.040000000000000008),(0.11999999999999998,0.020000000000000004),(0.020000000000000004,0.020000000000000004),(0.020000000000000004,0.)));
#8917=IFCAXIS2PLACEMENT3D(#8918,#8919,#8920);
#8918=IFCCARTESIANPOINT((0.075000000372529033,0.060000000521540642,1.015000000372529));
#8919=IFCDIRECTION((0.,0.,1.));
#8920=IFCDIRECTION((1.,0.,0.));
#8921=IFCDIRECTION((0.,0.,1.));
#8923=IFCSHAPEREPRESENTATION(#11,'Body','SweptSolid',(#9107,#9186,#9010,#9195,#8894,#9098,#10375,#9001,#8876,#8885,#9089,#8992,#10366,#10384,#9204));
#8924=IFCSHAPEASPECT((#8923),'Lining',$,.T.,#8794);
#8925=IFCSHAPEREPRESENTATION(#11,'Body','SweptSolid',(#9116,#9029,#8913,#9126,#10402,#10403,#9125,#10393,#9028,#9213,#8912,#9222,#9019,#9223,#8903));
#8926=IFCSHAPEASPECT((#8925),'Framing',$,.T.,#8794);
#8984=IFCCARTESIANPOINTLIST2D(((0.,0.),(0.,2.0959658622741699),(0.85258382558822632,2.0959658622741699),(0.85258382558822632,0.),(0.82758382521569729,0.),(0.82758382521569729,2.0709658619016409),(0.02500000037252903,2.0709658619016409),(0.02500000037252903,0.)));
#8985=IFCINDEXEDPOLYCURVE(#8984,(IFCLINEINDEX((1,2,3,4,5,6,7,8,1))),$);
#8986=IFCARBITRARYCLOSEDPROFILEDEF(.AREA.,$,#8985);
#8987=IFCCARTESIANPOINT((0.,0.02500000037252903,0.));
#8988=IFCDIRECTION((0.,-1.,0.));
#8989=IFCDIRECTION((1.,0.,0.));
#8990=IFCAXIS2PLACEMENT3D(#8987,#8988,#8989);
#8991=IFCDIRECTION((0.,0.,-1.));
#8992=IFCEXTRUDEDAREASOLID(#8986,#8990,#8991,0.02500000037252903);
#8993=IFCCARTESIANPOINTLIST2D(((0.,0.),(0.,2.0959658622741699),(0.85258382558822632,2.0959658622741699),(0.85258382558822632,0.),(0.80258382484316826,0.),(0.80258382484316826,2.0459658615291119),(0.05000000074505806,2.0459658615291119),(0.05000000074505806,0.)));
#8994=IFCINDEXEDPOLYCURVE(#8993,(IFCLINEINDEX((1,2,3,4,5,6,7,8,1))),$);
#8995=IFCARBITRARYCLOSEDPROFILEDEF(.AREA.,$,#8994);
#8996=IFCCARTESIANPOINT((0.,0.,0.));
#8997=IFCDIRECTION((0.,-1.,0.));
#8998=IFCDIRECTION((1.,0.,0.));
#8999=IFCAXIS2PLACEMENT3D(#8996,#8997,#8998);
#9000=IFCDIRECTION((0.,0.,-1.));
#9001=IFCEXTRUDEDAREASOLID(#8995,#8999,#9000,0.02500000037252903);
#9002=IFCCARTESIANPOINTLIST2D(((0.,0.),(0.7525838240981102,0.),(0.7525838240981102,0.10000000149011612),(0.,0.10000000149011612)));
#9003=IFCINDEXEDPOLYCURVE(#9002,(IFCLINEINDEX((1,2,3,4,1))),$);
#9004=IFCARBITRARYCLOSEDPROFILEDEF(.AREA.,$,#9003);
#9005=IFCCARTESIANPOINT((0.05000000074505806,0.,0.));
#9006=IFCDIRECTION((0.,0.,1.));
#9007=IFCDIRECTION((1.,0.,0.));
#9008=IFCAXIS2PLACEMENT3D(#9005,#9006,#9007);
#9009=IFCDIRECTION((0.,0.,1.));
#9010=IFCEXTRUDEDAREASOLID(#9004,#9008,#9009,0.02500000037252903);
#9011=IFCCARTESIANPOINTLIST2D(((0.,0.),(0.80258382484316826,0.),(0.80258382484316826,0.035000000149011612),(0.,0.035000000149011612)));
#9012=IFCINDEXEDPOLYCURVE(#9011,(IFCLINEINDEX((1,2,3,4,1))),$);
#9013=IFCARBITRARYCLOSEDPROFILEDEF(.AREA.,$,#9012);
#9014=IFCCARTESIANPOINT((0.02500000037252903,0.02500000037252903,0.02500000037252903));
#9015=IFCDIRECTION((0.,0.,1.));
#9016=IFCDIRECTION((1.,0.,0.));
#9017=IFCAXIS2PLACEMENT3D(#9014,#9015,#9016);
#9018=IFCDIRECTION((0.,0.,1.));
#9019=IFCEXTRUDEDAREASOLID(#9013,#9017,#9018,2.0459658615291119);
#9020=IFCCARTESIANPOINTLIST2D(((0.,0.),(0.,-0.040000000000000001),(0.12,-0.040000000000000001),(0.12,-0.02),(0.02,-0.02),(0.02,0.)));
#9021=IFCINDEXEDPOLYCURVE(#9020,(IFCLINEINDEX((1,2,3,4,5,6,1))),$);
#9022=IFCARBITRARYCLOSEDPROFILEDEF(.AREA.,$,#9021);
#9023=IFCCARTESIANPOINT((0.075000000372529033,0.02500000037252903,1.015000000372529));
#9024=IFCDIRECTION((0.,0.,1.));
#9025=IFCDIRECTION((1.,0.,0.));
#9026=IFCAXIS2PLACEMENT3D(#9023,#9024,#9025);
#9027=IFCDIRECTION((0.,0.,1.));
#9028=IFCEXTRUDEDAREASOLID(#9022,#9026,#9027,0.02);
#9029=IFCEXTRUDEDAREASOLID(#9030,#9033,#9037,0.02);
#9030=IFCARBITRARYCLOSEDPROFILEDEF(.AREA.,$,#9031);
#9031=IFCINDEXEDPOLYCURVE(#9032,(IFCLINEINDEX((1,2,3,4,5,6,1))),$);
#9032=IFCCARTESIANPOINTLIST2D(((0.,0.),(0.,0.040000000000000008),(0.11999999999999998,0.040000000000000008),(0.11999999999999998,0.020000000000000004),(0.020000000000000004,0.020000000000000004),(0.020000000000000004,0.)));
#9033=IFCAXIS2PLACEMENT3D(#9034,#9035,#9036);
#9034=IFCCARTESIANPOINT((0.075000000372529033,0.060000000521540642,1.015000000372529));
#9035=IFCDIRECTION((0.,0.,1.));
#9036=IFCDIRECTION((1.,0.,0.));
#9037=IFCDIRECTION((0.,0.,1.));
#9081=IFCCARTESIANPOINTLIST2D(((0.,0.),(0.,2.0959658622741699),(0.85258382558822632,2.0959658622741699),(0.85258382558822632,0.),(0.82758382521569729,0.),(0.82758382521569729,2.0709658619016409),(0.02500000037252903,2.0709658619016409),(0.02500000037252903,0.)));
#9082=IFCINDEXEDPOLYCURVE(#9081,(IFCLINEINDEX((1,2,3,4,5,6,7,8,1))),$);
#9083=IFCARBITRARYCLOSEDPROFILEDEF(.AREA.,$,#9082);
#9084=IFCCARTESIANPOINT((0.,0.02500000037252903,0.));
#9085=IFCDIRECTION((0.,-1.,0.));
#9086=IFCDIRECTION((1.,0.,0.));
#9087=IFCAXIS2PLACEMENT3D(#9084,#9085,#9086);
#9088=IFCDIRECTION((0.,0.,-1.));
#9089=IFCEXTRUDEDAREASOLID(#9083,#9087,#9088,0.02500000037252903);
#9090=IFCCARTESIANPOINTLIST2D(((0.,0.),(0.,2.0959658622741699),(0.85258382558822632,2.0959658622741699),(0.85258382558822632,0.),(0.80258382484316826,0.),(0.80258382484316826,2.0459658615291119),(0.05000000074505806,2.0459658615291119),(0.05000000074505806,0.)));
#9091=IFCINDEXEDPOLYCURVE(#9090,(IFCLINEINDEX((1,2,3,4,5,6,7,8,1))),$);
#9092=IFCARBITRARYCLOSEDPROFILEDEF(.AREA.,$,#9091);
#9093=IFCCARTESIANPOINT((0.,0.,0.));
#9094=IFCDIRECTION((0.,-1.,0.));
#9095=IFCDIRECTION((1.,0.,0.));
#9096=IFCAXIS2PLACEMENT3D(#9093,#9094,#9095);
#9097=IFCDIRECTION((0.,0.,-1.));
#9098=IFCEXTRUDEDAREASOLID(#9092,#9096,#9097,0.02500000037252903);
#9099=IFCCARTESIANPOINTLIST2D(((0.,0.),(0.7525838240981102,0.),(0.7525838240981102,0.10000000149011612),(0.,0.10000000149011612)));
#9100=IFCINDEXEDPOLYCURVE(#9099,(IFCLINEINDEX((1,2,3,4,1))),$);
#9101=IFCARBITRARYCLOSEDPROFILEDEF(.AREA.,$,#9100);
#9102=IFCCARTESIANPOINT((0.05000000074505806,0.,0.));
#9103=IFCDIRECTION((0.,0.,1.));
#9104=IFCDIRECTION((1.,0.,0.));
#9105=IFCAXIS2PLACEMENT3D(#9102,#9103,#9104);
#9106=IFCDIRECTION((0.,0.,1.));
#9107=IFCEXTRUDEDAREASOLID(#9101,#9105,#9106,0.02500000037252903);
#9108=IFCCARTESIANPOINTLIST2D(((0.,0.),(0.80258382484316826,0.),(0.80258382484316826,0.035000000149011612),(0.,0.035000000149011612)));
#9109=IFCINDEXEDPOLYCURVE(#9108,(IFCLINEINDEX((1,2,3,4,1))),$);
#9110=IFCARBITRARYCLOSEDPROFILEDEF(.AREA.,$,#9109);
#9111=IFCCARTESIANPOINT((0.02500000037252903,0.02500000037252903,0.02500000037252903));
#9112=IFCDIRECTION((0.,0.,1.));
#9113=IFCDIRECTION((1.,0.,0.));
#9114=IFCAXIS2PLACEMENT3D(#9111,#9112,#9113);
#9115=IFCDIRECTION((0.,0.,1.));
#9116=IFCEXTRUDEDAREASOLID(#9110,#9114,#9115,2.0459658615291119);
#9117=IFCCARTESIANPOINTLIST2D(((0.,0.),(0.,-0.040000000000000001),(0.12,-0.040000000000000001),(0.12,-0.02),(0.02,-0.02),(0.02,0.)));
#9118=IFCINDEXEDPOLYCURVE(#9117,(IFCLINEINDEX((1,2,3,4,5,6,1))),$);
#9119=IFCARBITRARYCLOSEDPROFILEDEF(.AREA.,$,#9118);
#9120=IFCCARTESIANPOINT((0.075000000372529033,0.02500000037252903,1.015000000372529));
#9121=IFCDIRECTION((0.,0.,1.));
#9122=IFCDIRECTION((1.,0.,0.));
#9123=IFCAXIS2PLACEMENT3D(#9120,#9121,#9122);
#9124=IFCDIRECTION((0.,0.,1.));
#9125=IFCEXTRUDEDAREASOLID(#9119,#9123,#9124,0.02);
#9126=IFCEXTRUDEDAREASOLID(#9127,#9130,#9134,0.02);
#9127=IFCARBITRARYCLOSEDPROFILEDEF(.AREA.,$,#9128);
#9128=IFCINDEXEDPOLYCURVE(#9129,(IFCLINEINDEX((1,2,3,4,5,6,1))),$);
#9129=IFCCARTESIANPOINTLIST2D(((0.,0.),(0.,0.040000000000000008),(0.11999999999999998,0.040000000000000008),(0.11999999999999998,0.020000000000000004),(0.020000000000000004,0.020000000000000004),(0.020000000000000004,0.)));
#9130=IFCAXIS2PLACEMENT3D(#9131,#9132,#9133);
#9131=IFCCARTESIANPOINT((0.075000000372529033,0.060000000521540642,1.015000000372529));
#9132=IFCDIRECTION((0.,0.,1.));
#9133=IFCDIRECTION((1.,0.,0.));
#9134=IFCDIRECTION((0.,0.,1.));
#9178=IFCCARTESIANPOINTLIST2D(((0.,0.),(0.,2.0959658622741699),(0.85258382558822632,2.0959658622741699),(0.85258382558822632,0.),(0.82758382521569729,0.),(0.82758382521569729,2.0709658619016409),(0.02500000037252903,2.0709658619016409),(0.02500000037252903,0.)));
#9179=IFCINDEXEDPOLYCURVE(#9178,(IFCLINEINDEX((1,2,3,4,5,6,7,8,1))),$);
#9180=IFCARBITRARYCLOSEDPROFILEDEF(.AREA.,$,#9179);
#9181=IFCCARTESIANPOINT((0.,0.02500000037252903,0.));
#9182=IFCDIRECTION((0.,-1.,0.));
#9183=IFCDIRECTION((1.,0.,0.));
#9184=IFCAXIS2PLACEMENT3D(#9181,#9182,#9183);
#9185=IFCDIRECTION((0.,0.,-1.));
#9186=IFCEXTRUDEDAREASOLID(#9180,#9184,#9185,0.02500000037252903);
#9187=IFCCARTESIANPOINTLIST2D(((0.,0.),(0.,2.0959658622741699),(0.85258382558822632,2.0959658622741699),(0.85258382558822632,0.),(0.80258382484316826,0.),(0.80258382484316826,2.0459658615291119),(0.05000000074505806,2.0459658615291119),(0.05000000074505806,0.)));
#9188=IFCINDEXEDPOLYCURVE(#9187,(IFCLINEINDEX((1,2,3,4,5,6,7,8,1))),$);
#9189=IFCARBITRARYCLOSEDPROFILEDEF(.AREA.,$,#9188);
#9190=IFCCARTESIANPOINT((0.,0.,0.));
#9191=IFCDIRECTION((0.,-1.,0.));
#9192=IFCDIRECTION((1.,0.,0.));
#9193=IFCAXIS2PLACEMENT3D(#9190,#9191,#9192);
#9194=IFCDIRECTION((0.,0.,-1.));
#9195=IFCEXTRUDEDAREASOLID(#9189,#9193,#9194,0.02500000037252903);
#9196=IFCCARTESIANPOINTLIST2D(((0.,0.),(0.7525838240981102,0.),(0.7525838240981102,0.10000000149011612),(0.,0.10000000149011612)));
#9197=IFCINDEXEDPOLYCURVE(#9196,(IFCLINEINDEX((1,2,3,4,1))),$);
#9198=IFCARBITRARYCLOSEDPROFILEDEF(.AREA.,$,#9197);
#9199=IFCCARTESIANPOINT((0.05000000074505806,0.,0.));
#9200=IFCDIRECTION((0.,0.,1.));
#9201=IFCDIRECTION((1.,0.,0.));
#9202=IFCAXIS2PLACEMENT3D(#9199,#9200,#9201);
#9203=IFCDIRECTION((0.,0.,1.));
#9204=IFCEXTRUDEDAREASOLID(#9198,#9202,#9203,0.02500000037252903);
#9205=IFCCARTESIANPOINTLIST2D(((0.,0.),(0.80258382484316826,0.),(0.80258382484316826,0.035000000149011612),(0.,0.035000000149011612)));
#9206=IFCINDEXEDPOLYCURVE(#9205,(IFCLINEINDEX((1,2,3,4,1))),$);
#9207=IFCARBITRARYCLOSEDPROFILEDEF(.AREA.,$,#9206);
#9208=IFCCARTESIANPOINT((0.02500000037252903,0.02500000037252903,0.02500000037252903));
#9209=IFCDIRECTION((0.,0.,1.));
#9210=IFCDIRECTION((1.,0.,0.));
#9211=IFCAXIS2PLACEMENT3D(#9208,#9209,#9210);
#9212=IFCDIRECTION((0.,0.,1.));
#9213=IFCEXTRUDEDAREASOLID(#9207,#9211,#9212,2.0459658615291119);
#9214=IFCCARTESIANPOINTLIST2D(((0.,0.),(0.,-0.040000000000000001),(-0.11999999999999988,-0.040000000000000001),(-0.11999999999999988,-0.02),(-0.020000000000000018,-0.02),(-0.020000000000000018,0.)));
#9215=IFCINDEXEDPOLYCURVE(#9214,(IFCLINEINDEX((1,2,3,4,5,6,1))),$);
#9216=IFCARBITRARYCLOSEDPROFILEDEF(.AREA.,$,#9215);
#9217=IFCCARTESIANPOINT((0.77758382521569724,0.02500000037252903,1.015000000372529));
#9218=IFCDIRECTION((0.,0.,1.));
#9219=IFCDIRECTION((1.,0.,0.));
#9220=IFCAXIS2PLACEMENT3D(#9217,#9218,#9219);
#9221=IFCDIRECTION((0.,0.,1.));
#9222=IFCEXTRUDEDAREASOLID(#9216,#9220,#9221,0.02);
#9223=IFCEXTRUDEDAREASOLID(#9224,#9227,#9231,0.02);
#9224=IFCARBITRARYCLOSEDPROFILEDEF(.AREA.,$,#9225);
#9225=IFCINDEXEDPOLYCURVE(#9226,(IFCLINEINDEX((1,2,3,4,5,6,1))),$);
#9226=IFCCARTESIANPOINTLIST2D(((0.,0.),(0.,0.040000000000000008),(-0.11999999999999988,0.040000000000000008),(-0.11999999999999988,0.020000000000000004),(-0.020000000000000018,0.020000000000000004),(-0.020000000000000018,0.)));
#9227=IFCAXIS2PLACEMENT3D(#9228,#9229,#9230);
#9228=IFCCARTESIANPOINT((0.77758382521569724,0.060000000521540642,1.015000000372529));
#9229=IFCDIRECTION((0.,0.,1.));
#9230=IFCDIRECTION((1.,0.,0.));
#9231=IFCDIRECTION((0.,0.,1.));
#9272=IFCDOORTYPE('01lKmhGiP6PhXtI_P7Z2$H',$,'BED-2-2F',$,$,(#9273),(#9275,#9283,#9343),$,$,.DOOR.,.SINGLE_SWING_LEFT.,$,$);
#9273=IFCPROPERTYSET('38kr9mAqT4ifztO8htyqyH',$,'BBIM_Door',$,(#9274));
#9274=IFCPROPERTYSINGLEVALUE('Data',$,IFCTEXT('{"door_type": "SINGLE_SWING_RIGHT", "overall_height": 2.09596586227417, "overall_width": 0.9061781764030457, "lining_properties": {"lining_depth": 0.05000000074505806, "lining_thickness": 0.05000000074505806, "lining_offset": 0.0, "lining_to_panel_offset_x": 0.02500000037252903, "lining_to_panel_offset_y": 0.02500000037252903, "transom_thickness": 0.0, "casing_thickness": 0.0, "threshold_thickness": 0.02500000037252903, "threshold_depth": 0.10000000149011612, "threshold_offset": 0.0}, "panel_properties": {"panel_depth": 0.03500000014901161, "panel_width_ratio": 1.0}}'),$);
#9275=IFCREPRESENTATIONMAP(#9276,#10260);
#9276=IFCAXIS2PLACEMENT3D(#9277,#9278,#9279);
#9277=IFCCARTESIANPOINT((0.,0.,0.));
#9278=IFCDIRECTION((0.,0.,1.));
#9279=IFCDIRECTION((1.,0.,0.));
#9283=IFCREPRESENTATIONMAP(#9284,#10315);
#9284=IFCAXIS2PLACEMENT3D(#9285,#9286,#9287);
#9285=IFCCARTESIANPOINT((0.,0.,0.));
#9286=IFCDIRECTION((0.,0.,1.));
#9287=IFCDIRECTION((1.,0.,0.));
#9343=IFCREPRESENTATIONMAP(#9344,#10329);
#9344=IFCAXIS2PLACEMENT3D(#9345,#9346,#9347);
#9345=IFCCARTESIANPOINT((0.,0.,0.));
#9346=IFCDIRECTION((0.,0.,1.));
#9347=IFCDIRECTION((1.,0.,0.));
#9362=IFCDOOR('2Gfw5_U7zAgQDcOtB5QHIs',$,'Door',$,$,#10354,#9371,$,2.0959658622741699,0.90617817640304565,$,.SINGLE_SWING_RIGHT.,$);
#9363=IFCRELDEFINESBYTYPE('3T2aKH9XT0yh7aNWcorqfp',$,$,$,(#9362),#9272);
#9364=IFCCARTESIANPOINT((0.,0.,0.));
#9365=IFCDIRECTION((1.,0.,0.));
#9366=IFCDIRECTION((0.,1.,0.));
#9367=IFCDIRECTION((0.,0.,1.));
#9368=IFCCARTESIANTRANSFORMATIONOPERATOR3D(#9365,#9366,#9364,1.,#9367);
#9369=IFCMAPPEDITEM(#9275,#9368);
#9370=IFCSHAPEREPRESENTATION(#18,'Profile','MappedRepresentation',(#9369));
#9371=IFCPRODUCTDEFINITIONSHAPE($,$,(#9370,#9378,#9385));
#9372=IFCCARTESIANPOINT((0.,0.,0.));
#9373=IFCDIRECTION((1.,0.,0.));
#9374=IFCDIRECTION((0.,1.,0.));
#9375=IFCDIRECTION((0.,0.,1.));
#9376=IFCCARTESIANTRANSFORMATIONOPERATOR3D(#9373,#9374,#9372,1.,#9375);
#9377=IFCMAPPEDITEM(#9283,#9376);
#9378=IFCSHAPEREPRESENTATION(#11,'Body','MappedRepresentation',(#9377));
#9379=IFCCARTESIANPOINT((0.,0.,0.));
#9380=IFCDIRECTION((1.,0.,0.));
#9381=IFCDIRECTION((0.,1.,0.));
#9382=IFCDIRECTION((0.,0.,1.));
#9383=IFCCARTESIANTRANSFORMATIONOPERATOR3D(#9380,#9381,#9379,1.,#9382);
#9384=IFCMAPPEDITEM(#9343,#9383);
#9385=IFCSHAPEREPRESENTATION(#24,'Body','MappedRepresentation',(#9384));
#9386=IFCOPENINGELEMENT('1U_8tWNrb5IfMX1W3PvKkB',$,'Opening',$,$,#10349,#9414,$,.OPENING.);
#9402=IFCCARTESIANPOINT((0.,0.,0.));
#9403=IFCDIRECTION((1.,0.,0.));
#9404=IFCDIRECTION((0.,0.,1.));
#9405=IFCAXIS2PLACEMENT3D(#9402,#9404,#9403);
#9406=IFCREPRESENTATIONMAP(#9405,#10339);
#9407=IFCCARTESIANPOINT((0.,0.,0.));
#9408=IFCDIRECTION((1.,0.,0.));
#9409=IFCDIRECTION((0.,1.,0.));
#9410=IFCDIRECTION((0.,0.,1.));
#9411=IFCCARTESIANTRANSFORMATIONOPERATOR3D(#9408,#9409,#9407,1.,#9410);
#9412=IFCMAPPEDITEM(#9406,#9411);
#9413=IFCSHAPEREPRESENTATION(#11,'Body','MappedRepresentation',(#9412));
#9414=IFCPRODUCTDEFINITIONSHAPE($,$,(#9413));
#9415=IFCRELVOIDSELEMENT('3vIVx27EX0bQ1XZ8LyRys0',$,$,$,#8040,#9386);
#9421=IFCRELFILLSELEMENT('19zc_K$R94GfgIKuhWFLrO',$,$,$,#9386,#9362);
#9475=IFCCARTESIANPOINTLIST2D(((0.,0.),(0.,2.0959658622741699),(0.90617817640304565,2.0959658622741699),(0.90617817640304565,0.),(0.88117817603051662,0.),(0.88117817603051662,2.0709658619016409),(0.02500000037252903,2.0709658619016409),(0.02500000037252903,0.)));
#9476=IFCINDEXEDPOLYCURVE(#9475,(IFCLINEINDEX((1,2,3,4,5,6,7,8,1))),$);
#9477=IFCARBITRARYCLOSEDPROFILEDEF(.AREA.,$,#9476);
#9478=IFCCARTESIANPOINT((0.,0.02500000037252903,0.));
#9479=IFCDIRECTION((0.,-1.,0.));
#9480=IFCDIRECTION((1.,0.,0.));
#9481=IFCAXIS2PLACEMENT3D(#9478,#9479,#9480);
#9482=IFCDIRECTION((0.,0.,-1.));
#9483=IFCEXTRUDEDAREASOLID(#9477,#9481,#9482,0.02500000037252903);
#9484=IFCCARTESIANPOINTLIST2D(((0.,0.),(0.,2.0959658622741699),(0.90617817640304565,2.0959658622741699),(0.90617817640304565,0.),(0.85617817565798759,0.),(0.85617817565798759,2.0459658615291119),(0.05000000074505806,2.0459658615291119),(0.05000000074505806,0.)));
#9485=IFCINDEXEDPOLYCURVE(#9484,(IFCLINEINDEX((1,2,3,4,5,6,7,8,1))),$);
#9486=IFCARBITRARYCLOSEDPROFILEDEF(.AREA.,$,#9485);
#9487=IFCCARTESIANPOINT((0.,0.,0.));
#9488=IFCDIRECTION((0.,-1.,0.));
#9489=IFCDIRECTION((1.,0.,0.));
#9490=IFCAXIS2PLACEMENT3D(#9487,#9488,#9489);
#9491=IFCDIRECTION((0.,0.,-1.));
#9492=IFCEXTRUDEDAREASOLID(#9486,#9490,#9491,0.02500000037252903);
#9493=IFCCARTESIANPOINTLIST2D(((0.,0.),(0.80617817491292953,0.),(0.80617817491292953,0.10000000149011612),(0.,0.10000000149011612)));
#9494=IFCINDEXEDPOLYCURVE(#9493,(IFCLINEINDEX((1,2,3,4,1))),$);
#9495=IFCARBITRARYCLOSEDPROFILEDEF(.AREA.,$,#9494);
#9496=IFCCARTESIANPOINT((0.05000000074505806,0.,0.));
#9497=IFCDIRECTION((0.,0.,1.));
#9498=IFCDIRECTION((1.,0.,0.));
#9499=IFCAXIS2PLACEMENT3D(#9496,#9497,#9498);
#9500=IFCDIRECTION((0.,0.,1.));
#9501=IFCEXTRUDEDAREASOLID(#9495,#9499,#9500,0.02500000037252903);
#9502=IFCCARTESIANPOINTLIST2D(((0.,0.),(0.85617817565798759,0.),(0.85617817565798759,0.035000000149011612),(0.,0.035000000149011612)));
#9503=IFCINDEXEDPOLYCURVE(#9502,(IFCLINEINDEX((1,2,3,4,1))),$);
#9504=IFCARBITRARYCLOSEDPROFILEDEF(.AREA.,$,#9503);
#9505=IFCCARTESIANPOINT((0.02500000037252903,0.02500000037252903,0.02500000037252903));
#9506=IFCDIRECTION((0.,0.,1.));
#9507=IFCDIRECTION((1.,0.,0.));
#9508=IFCAXIS2PLACEMENT3D(#9505,#9506,#9507);
#9509=IFCDIRECTION((0.,0.,1.));
#9510=IFCEXTRUDEDAREASOLID(#9504,#9508,#9509,2.0459658615291119);
#9511=IFCCARTESIANPOINTLIST2D(((0.,0.),(0.,-0.040000000000000001),(0.12,-0.040000000000000001),(0.12,-0.02),(0.02,-0.02),(0.02,0.)));
#9512=IFCINDEXEDPOLYCURVE(#9511,(IFCLINEINDEX((1,2,3,4,5,6,1))),$);
#9513=IFCARBITRARYCLOSEDPROFILEDEF(.AREA.,$,#9512);
#9514=IFCCARTESIANPOINT((0.075000000372529033,0.02500000037252903,1.015000000372529));
#9515=IFCDIRECTION((0.,0.,1.));
#9516=IFCDIRECTION((1.,0.,0.));
#9517=IFCAXIS2PLACEMENT3D(#9514,#9515,#9516);
#9518=IFCDIRECTION((0.,0.,1.));
#9519=IFCEXTRUDEDAREASOLID(#9513,#9517,#9518,0.02);
#9520=IFCEXTRUDEDAREASOLID(#9521,#9524,#9528,0.02);
#9521=IFCARBITRARYCLOSEDPROFILEDEF(.AREA.,$,#9522);
#9522=IFCINDEXEDPOLYCURVE(#9523,(IFCLINEINDEX((1,2,3,4,5,6,1))),$);
#9523=IFCCARTESIANPOINTLIST2D(((0.,0.),(0.,0.040000000000000008),(0.11999999999999998,0.040000000000000008),(0.11999999999999998,0.020000000000000004),(0.020000000000000004,0.020000000000000004),(0.020000000000000004,0.)));
#9524=IFCAXIS2PLACEMENT3D(#9525,#9526,#9527);
#9525=IFCCARTESIANPOINT((0.075000000372529033,0.060000000521540642,1.015000000372529));
#9526=IFCDIRECTION((0.,0.,1.));
#9527=IFCDIRECTION((1.,0.,0.));
#9528=IFCDIRECTION((0.,0.,1.));
#9530=IFCSHAPEREPRESENTATION(#11,'Body','SweptSolid',(#10166,#10278,#9608,#10157,#10287,#10269,#9492,#9599,#10175,#9483,#9501,#9617));
#9531=IFCSHAPEASPECT((#9530),'Lining',$,.T.,#9371);
#9532=IFCSHAPEREPRESENTATION(#11,'Body','SweptSolid',(#10193,#9520,#9510,#9635,#9636,#10194,#10184,#9626,#10305,#10306,#9519,#10296));
#9533=IFCSHAPEASPECT((#9532),'Framing',$,.T.,#9371);
#9591=IFCCARTESIANPOINTLIST2D(((0.,0.),(0.,2.0959658622741699),(0.90617817640304565,2.0959658622741699),(0.90617817640304565,0.),(0.88117817603051662,0.),(0.88117817603051662,2.0709658619016409),(0.02500000037252903,2.0709658619016409),(0.02500000037252903,0.)));
#9592=IFCINDEXEDPOLYCURVE(#9591,(IFCLINEINDEX((1,2,3,4,5,6,7,8,1))),$);
#9593=IFCARBITRARYCLOSEDPROFILEDEF(.AREA.,$,#9592);
#9594=IFCCARTESIANPOINT((0.,0.02500000037252903,0.));
#9595=IFCDIRECTION((0.,-1.,0.));
#9596=IFCDIRECTION((1.,0.,0.));
#9597=IFCAXIS2PLACEMENT3D(#9594,#9595,#9596);
#9598=IFCDIRECTION((0.,0.,-1.));
#9599=IFCEXTRUDEDAREASOLID(#9593,#9597,#9598,0.02500000037252903);
#9600=IFCCARTESIANPOINTLIST2D(((0.,0.),(0.,2.0959658622741699),(0.90617817640304565,2.0959658622741699),(0.90617817640304565,0.),(0.85617817565798759,0.),(0.85617817565798759,2.0459658615291119),(0.05000000074505806,2.0459658615291119),(0.05000000074505806,0.)));
#9601=IFCINDEXEDPOLYCURVE(#9600,(IFCLINEINDEX((1,2,3,4,5,6,7,8,1))),$);
#9602=IFCARBITRARYCLOSEDPROFILEDEF(.AREA.,$,#9601);
#9603=IFCCARTESIANPOINT((0.,0.,0.));
#9604=IFCDIRECTION((0.,-1.,0.));
#9605=IFCDIRECTION((1.,0.,0.));
#9606=IFCAXIS2PLACEMENT3D(#9603,#9604,#9605);
#9607=IFCDIRECTION((0.,0.,-1.));
#9608=IFCEXTRUDEDAREASOLID(#9602,#9606,#9607,0.02500000037252903);
#9609=IFCCARTESIANPOINTLIST2D(((0.,0.),(0.80617817491292953,0.),(0.80617817491292953,0.10000000149011612),(0.,0.10000000149011612)));
#9610=IFCINDEXEDPOLYCURVE(#9609,(IFCLINEINDEX((1,2,3,4,1))),$);
#9611=IFCARBITRARYCLOSEDPROFILEDEF(.AREA.,$,#9610);
#9612=IFCCARTESIANPOINT((0.05000000074505806,0.,0.));
#9613=IFCDIRECTION((0.,0.,1.));
#9614=IFCDIRECTION((1.,0.,0.));
#9615=IFCAXIS2PLACEMENT3D(#9612,#9613,#9614);
#9616=IFCDIRECTION((0.,0.,1.));
#9617=IFCEXTRUDEDAREASOLID(#9611,#9615,#9616,0.02500000037252903);
#9618=IFCCARTESIANPOINTLIST2D(((0.,0.),(0.85617817565798759,0.),(0.85617817565798759,0.035000000149011612),(0.,0.035000000149011612)));
#9619=IFCINDEXEDPOLYCURVE(#9618,(IFCLINEINDEX((1,2,3,4,1))),$);
#9620=IFCARBITRARYCLOSEDPROFILEDEF(.AREA.,$,#9619);
#9621=IFCCARTESIANPOINT((0.02500000037252903,0.02500000037252903,0.02500000037252903));
#9622=IFCDIRECTION((0.,0.,1.));
#9623=IFCDIRECTION((1.,0.,0.));
#9624=IFCAXIS2PLACEMENT3D(#9621,#9622,#9623);
#9625=IFCDIRECTION((0.,0.,1.));
#9626=IFCEXTRUDEDAREASOLID(#9620,#9624,#9625,2.0459658615291119);
#9627=IFCCARTESIANPOINTLIST2D(((0.,0.),(0.,-0.040000000000000001),(-0.11999999999999988,-0.040000000000000001),(-0.11999999999999988,-0.02),(-0.020000000000000018,-0.02),(-0.020000000000000018,0.)));
#9628=IFCINDEXEDPOLYCURVE(#9627,(IFCLINEINDEX((1,2,3,4,5,6,1))),$);
#9629=IFCARBITRARYCLOSEDPROFILEDEF(.AREA.,$,#9628);
#9630=IFCCARTESIANPOINT((0.83117817603051658,0.02500000037252903,1.015000000372529));
#9631=IFCDIRECTION((0.,0.,1.));
#9632=IFCDIRECTION((1.,0.,0.));
#9633=IFCAXIS2PLACEMENT3D(#9630,#9631,#9632);
#9634=IFCDIRECTION((0.,0.,1.));
#9635=IFCEXTRUDEDAREASOLID(#9629,#9633,#9634,0.02);
#9636=IFCEXTRUDEDAREASOLID(#9637,#9640,#9644,0.02);
#9637=IFCARBITRARYCLOSEDPROFILEDEF(.AREA.,$,#9638);
#9638=IFCINDEXEDPOLYCURVE(#9639,(IFCLINEINDEX((1,2,3,4,5,6,1))),$);
#9639=IFCCARTESIANPOINTLIST2D(((0.,0.),(0.,0.040000000000000008),(-0.11999999999999988,0.040000000000000008),(-0.11999999999999988,0.020000000000000004),(-0.020000000000000018,0.020000000000000004),(-0.020000000000000018,0.)));
#9640=IFCAXIS2PLACEMENT3D(#9641,#9642,#9643);
#9641=IFCCARTESIANPOINT((0.83117817603051658,0.060000000521540642,1.015000000372529));
#9642=IFCDIRECTION((0.,0.,1.));
#9643=IFCDIRECTION((1.,0.,0.));
#9644=IFCDIRECTION((0.,0.,1.));
#9782=IFCDOORTYPE('2tJJVtJYP63vakgmXaLukE',$,'BED 2 BALCONY - 2F',$,$,(#9783),(#9785,#9793,#9853),$,$,.DOOR.,.SINGLE_SWING_LEFT.,$,$);
#9783=IFCPROPERTYSET('1QRSgQoVXA8RtcgUnL7JjD',$,'BBIM_Door',$,(#9784));
#9784=IFCPROPERTYSINGLEVALUE('Data',$,IFCTEXT('{"door_type": "SINGLE_SWING_LEFT", "overall_height": 2.09596586227417, "overall_width": 0.9161030650138855, "lining_properties": {"lining_depth": 0.05000000074505806, "lining_thickness": 0.05000000074505806, "lining_offset": 0.0, "lining_to_panel_offset_x": 0.02500000037252903, "lining_to_panel_offset_y": 0.02500000037252903, "transom_thickness": 0.0, "casing_thickness": 0.0, "threshold_thickness": 0.02500000037252903, "threshold_depth": 0.10000000149011612, "threshold_offset": 0.0}, "panel_properties": {"panel_depth": 0.03500000014901161, "panel_width_ratio": 1.0}}'),$);
#9785=IFCREPRESENTATIONMAP(#9786,#10047);
#9786=IFCAXIS2PLACEMENT3D(#9787,#9788,#9789);
#9787=IFCCARTESIANPOINT((0.,0.,0.));
#9788=IFCDIRECTION((0.,0.,1.));
#9789=IFCDIRECTION((1.,0.,0.));
#9793=IFCREPRESENTATIONMAP(#9794,#10102);
#9794=IFCAXIS2PLACEMENT3D(#9795,#9796,#9797);
#9795=IFCCARTESIANPOINT((0.,0.,0.));
#9796=IFCDIRECTION((0.,0.,1.));
#9797=IFCDIRECTION((1.,0.,0.));
#9853=IFCREPRESENTATIONMAP(#9854,#10120);
#9854=IFCAXIS2PLACEMENT3D(#9855,#9856,#9857);
#9855=IFCCARTESIANPOINT((0.,0.,0.));
#9856=IFCDIRECTION((0.,0.,1.));
#9857=IFCDIRECTION((1.,0.,0.));
#9965=IFCDOOR('1rxmihGaLCwPfh09omcnak',$,'Door',$,$,#10145,#9974,$,2.0959658622741699,0.9161030650138855,$,.SINGLE_SWING_LEFT.,$);
#9966=IFCRELDEFINESBYTYPE('130rLft$LDqfFYYSbJ5bMN',$,$,$,(#9965),#9782);
#9967=IFCCARTESIANPOINT((0.,0.,0.));
#9968=IFCDIRECTION((1.,0.,0.));
#9969=IFCDIRECTION((0.,1.,0.));
#9970=IFCDIRECTION((0.,0.,1.));
#9971=IFCCARTESIANTRANSFORMATIONOPERATOR3D(#9968,#9969,#9967,1.,#9970);
#9972=IFCMAPPEDITEM(#9785,#9971);
#9973=IFCSHAPEREPRESENTATION(#18,'Profile','MappedRepresentation',(#9972));
#9974=IFCPRODUCTDEFINITIONSHAPE($,$,(#9973,#9981,#9988));
#9975=IFCCARTESIANPOINT((0.,0.,0.));
#9976=IFCDIRECTION((1.,0.,0.));
#9977=IFCDIRECTION((0.,1.,0.));
#9978=IFCDIRECTION((0.,0.,1.));
#9979=IFCCARTESIANTRANSFORMATIONOPERATOR3D(#9976,#9977,#9975,1.,#9978);
#9980=IFCMAPPEDITEM(#9793,#9979);
#9981=IFCSHAPEREPRESENTATION(#11,'Body','MappedRepresentation',(#9980));
#9982=IFCCARTESIANPOINT((0.,0.,0.));
#9983=IFCDIRECTION((1.,0.,0.));
#9984=IFCDIRECTION((0.,1.,0.));
#9985=IFCDIRECTION((0.,0.,1.));
#9986=IFCCARTESIANTRANSFORMATIONOPERATOR3D(#9983,#9984,#9982,1.,#9985);
#9987=IFCMAPPEDITEM(#9853,#9986);
#9988=IFCSHAPEREPRESENTATION(#24,'Body','MappedRepresentation',(#9987));
#9989=IFCOPENINGELEMENT('1CrfPBluX2oRIBvkh_R$0G',$,'Opening',$,$,#10140,#10017,$,.OPENING.);
#10005=IFCCARTESIANPOINT((0.,0.,0.));
#10006=IFCDIRECTION((1.,0.,0.));
#10007=IFCDIRECTION((0.,0.,1.));
#10008=IFCAXIS2PLACEMENT3D(#10005,#10007,#10006);
#10009=IFCREPRESENTATIONMAP(#10008,#10130);
#10010=IFCCARTESIANPOINT((0.,0.,0.));
#10011=IFCDIRECTION((1.,0.,0.));
#10012=IFCDIRECTION((0.,1.,0.));
#10013=IFCDIRECTION((0.,0.,1.));
#10014=IFCCARTESIANTRANSFORMATIONOPERATOR3D(#10011,#10012,#10010,1.,#10013);
#10015=IFCMAPPEDITEM(#10009,#10014);
#10016=IFCSHAPEREPRESENTATION(#11,'Body','MappedRepresentation',(#10015));
#10017=IFCPRODUCTDEFINITIONSHAPE($,$,(#10016));
#10018=IFCRELVOIDSELEMENT('2Dq8kgIsz3_By_G1bFH5tz',$,$,$,#7352,#9989);
#10024=IFCRELFILLSELEMENT('3yd7QjOi5BBep9p_1oBK4r',$,$,$,#9989,#9965);
#10045=IFCCARTESIANPOINTLIST3D(((0.,0.,0.),(0.9161030650138855,0.,0.),(0.9161030650138855,0.,2.0959658622741699),(0.,0.,2.0959658622741699)));
#10046=IFCINDEXEDPOLYCURVE(#10045,(IFCLINEINDEX((1,2,3,4,1))),$);
#10047=IFCSHAPEREPRESENTATION(#18,'Profile','Curve3D',(#10046));
#10048=IFCCARTESIANPOINTLIST2D(((0.,0.),(0.,2.0959658622741699),(0.9161030650138855,2.0959658622741699),(0.9161030650138855,0.),(0.89110306464135647,0.),(0.89110306464135647,2.0709658619016409),(0.02500000037252903,2.0709658619016409),(0.02500000037252903,0.)));
#10049=IFCINDEXEDPOLYCURVE(#10048,(IFCLINEINDEX((1,2,3,4,5,6,7,8,1))),$);
#10050=IFCARBITRARYCLOSEDPROFILEDEF(.AREA.,$,#10049);
#10051=IFCCARTESIANPOINT((0.,0.02500000037252903,0.));
#10052=IFCDIRECTION((0.,-1.,0.));
#10053=IFCDIRECTION((1.,0.,0.));
#10054=IFCAXIS2PLACEMENT3D(#10051,#10052,#10053);
#10055=IFCDIRECTION((0.,0.,-1.));
#10056=IFCEXTRUDEDAREASOLID(#10050,#10054,#10055,0.02500000037252903);
#10057=IFCCARTESIANPOINTLIST2D(((0.,0.),(0.,2.0959658622741699),(0.9161030650138855,2.0959658622741699),(0.9161030650138855,0.),(0.86610306426882744,0.),(0.86610306426882744,2.0459658615291119),(0.05000000074505806,2.0459658615291119),(0.05000000074505806,0.)));
#10058=IFCINDEXEDPOLYCURVE(#10057,(IFCLINEINDEX((1,2,3,4,5,6,7,8,1))),$);
#10059=IFCARBITRARYCLOSEDPROFILEDEF(.AREA.,$,#10058);
#10060=IFCCARTESIANPOINT((0.,0.,0.));
#10061=IFCDIRECTION((0.,-1.,0.));
#10062=IFCDIRECTION((1.,0.,0.));
#10063=IFCAXIS2PLACEMENT3D(#10060,#10061,#10062);
#10064=IFCDIRECTION((0.,0.,-1.));
#10065=IFCEXTRUDEDAREASOLID(#10059,#10063,#10064,0.02500000037252903);
#10066=IFCCARTESIANPOINTLIST2D(((0.,0.),(0.81610306352376938,0.),(0.81610306352376938,0.10000000149011612),(0.,0.10000000149011612)));
#10067=IFCINDEXEDPOLYCURVE(#10066,(IFCLINEINDEX((1,2,3,4,1))),$);
#10068=IFCARBITRARYCLOSEDPROFILEDEF(.AREA.,$,#10067);
#10069=IFCCARTESIANPOINT((0.05000000074505806,0.,0.));
#10070=IFCDIRECTION((0.,0.,1.));
#10071=IFCDIRECTION((1.,0.,0.));
#10072=IFCAXIS2PLACEMENT3D(#10069,#10070,#10071);
#10073=IFCDIRECTION((0.,0.,1.));
#10074=IFCEXTRUDEDAREASOLID(#10068,#10072,#10073,0.02500000037252903);
#10075=IFCCARTESIANPOINTLIST2D(((0.,0.),(0.86610306426882744,0.),(0.86610306426882744,0.035000000149011612),(0.,0.035000000149011612)));
#10076=IFCINDEXEDPOLYCURVE(#10075,(IFCLINEINDEX((1,2,3,4,1))),$);
#10077=IFCARBITRARYCLOSEDPROFILEDEF(.AREA.,$,#10076);
#10078=IFCCARTESIANPOINT((0.02500000037252903,0.02500000037252903,0.02500000037252903));
#10079=IFCDIRECTION((0.,0.,1.));
#10080=IFCDIRECTION((1.,0.,0.));
#10081=IFCAXIS2PLACEMENT3D(#10078,#10079,#10080);
#10082=IFCDIRECTION((0.,0.,1.));
#10083=IFCEXTRUDEDAREASOLID(#10077,#10081,#10082,2.0459658615291119);
#10084=IFCCARTESIANPOINTLIST2D(((0.,0.),(0.,-0.040000000000000001),(-0.11999999999999988,-0.040000000000000001),(-0.11999999999999988,-0.02),(-0.020000000000000018,-0.02),(-0.020000000000000018,0.)));
#10085=IFCINDEXEDPOLYCURVE(#10084,(IFCLINEINDEX((1,2,3,4,5,6,1))),$);
#10086=IFCARBITRARYCLOSEDPROFILEDEF(.AREA.,$,#10085);
#10087=IFCCARTESIANPOINT((0.84110306464135642,0.02500000037252903,1.015000000372529));
#10088=IFCDIRECTION((0.,0.,1.));
#10089=IFCDIRECTION((1.,0.,0.));
#10090=IFCAXIS2PLACEMENT3D(#10087,#10088,#10089);
#10091=IFCDIRECTION((0.,0.,1.));
#10092=IFCEXTRUDEDAREASOLID(#10086,#10090,#10091,0.02);
#10093=IFCEXTRUDEDAREASOLID(#10094,#10097,#10101,0.02);
#10094=IFCARBITRARYCLOSEDPROFILEDEF(.AREA.,$,#10095);
#10095=IFCINDEXEDPOLYCURVE(#10096,(IFCLINEINDEX((1,2,3,4,5,6,1))),$);
#10096=IFCCARTESIANPOINTLIST2D(((0.,0.),(0.,0.040000000000000008),(-0.11999999999999988,0.040000000000000008),(-0.11999999999999988,0.020000000000000004),(-0.020000000000000018,0.020000000000000004),(-0.020000000000000018,0.)));
#10097=IFCAXIS2PLACEMENT3D(#10098,#10099,#10100);
#10098=IFCCARTESIANPOINT((0.84110306464135642,0.060000000521540642,1.015000000372529));
#10099=IFCDIRECTION((0.,0.,1.));
#10100=IFCDIRECTION((1.,0.,0.));
#10101=IFCDIRECTION((0.,0.,1.));
#10102=IFCSHAPEREPRESENTATION(#11,'Body','SweptSolid',(#10056,#10065,#10083,#10092,#10093,#10074));
#10103=IFCSHAPEREPRESENTATION(#11,'Body','SweptSolid',(#10056,#10065,#10074));
#10104=IFCSHAPEASPECT((#10103),'Lining',$,.T.,#9974);
#10105=IFCSHAPEREPRESENTATION(#11,'Body','SweptSolid',(#10083,#10092,#10093));
#10106=IFCSHAPEASPECT((#10105),'Framing',$,.T.,#9974);
#10107=IFCCARTESIANPOINTLIST2D(((0.,0.),(0.,0.05000000074505806),(0.02500000037252903,0.05000000074505806),(0.02500000037252903,0.02500000037252903),(0.05000000074505806,0.02500000037252903),(0.05000000074505806,0.)));
#10108=IFCINDEXEDPOLYCURVE(#10107,(IFCLINEINDEX((1,2,3,4,5,6,1))),$);
#10109=IFCINDEXEDPOLYCURVE(#10110,(IFCLINEINDEX((1,2,3,4,5,6,1))),$);
#10110=IFCCARTESIANPOINTLIST2D(((0.9161030650138855,0.),(0.9161030650138855,0.05000000074505806),(0.89110306464135647,0.05000000074505806),(0.89110306464135647,0.02500000037252903),(0.86610306426882744,0.02500000037252903),(0.86610306426882744,0.)));
#10111=IFCDIRECTION((1.,0.));
#10112=IFCCARTESIANPOINT((0.060000000521540642,0.05000000074505806));
#10113=IFCAXIS2PLACEMENT2D(#10112,#10111);
#10114=IFCELLIPSE(#10113,0.83110306411981583,0.86610306426882744);
#10115=IFCCARTESIANPOINT((0.89110306464135647,0.05000000074505806));
#10116=IFCCARTESIANPOINT((0.060000000521540642,0.9161030650138855));
#10117=IFCTRIMMEDCURVE(#10114,(#10115),(#10116),.T.,.CARTESIAN.);
#10118=IFCCARTESIANPOINTLIST2D(((0.02500000037252903,0.05000000074505806),(0.060000000521540642,0.05000000074505806),(0.060000000521540642,0.9161030650138855),(0.02500000037252903,0.9161030650138855)));
#10119=IFCINDEXEDPOLYCURVE(#10118,(IFCLINEINDEX((1,2,3,4,1))),$);
#10120=IFCSHAPEREPRESENTATION(#24,'Body','Curve2D',(#10108,#10109,#10117,#10119));
#10121=IFCCARTESIANPOINTLIST2D(((0.,0.),(0.9161030650138855,0.),(0.9161030650138855,2.0959658622741699),(0.,2.0959658622741699)));
#10122=IFCINDEXEDPOLYCURVE(#10121,(IFCLINEINDEX((1,2,3,4,1))),$);
#10123=IFCARBITRARYCLOSEDPROFILEDEF(.AREA.,$,#10122);
#10124=IFCCARTESIANPOINT((0.,-0.60000002384185791,0.));
#10125=IFCDIRECTION((0.,-1.,0.));
#10126=IFCDIRECTION((1.,0.,0.));
#10127=IFCAXIS2PLACEMENT3D(#10124,#10125,#10126);
#10128=IFCDIRECTION((0.,0.,-1.));
#10129=IFCEXTRUDEDAREASOLID(#10123,#10127,#10128,1.2);
#10130=IFCSHAPEREPRESENTATION(#11,'Body','SweptSolid',(#10129));
#10136=IFCCARTESIANPOINT((0.20753386616717623,4.273572287161187E-07,0.));
#10137=IFCDIRECTION((0.,0.,1.));
#10138=IFCDIRECTION((0.99999999999998479,-1.7484555314694642E-07,0.));
#10139=IFCAXIS2PLACEMENT3D(#10136,#10137,#10138);
#10140=IFCLOCALPLACEMENT(#7363,#10139);
#10141=IFCCARTESIANPOINT((5.5511151231257827E-17,0.,0.));
#10142=IFCDIRECTION((0.,0.,1.));
#10143=IFCDIRECTION((1.,0.,0.));
#10144=IFCAXIS2PLACEMENT3D(#10141,#10142,#10143);
#10145=IFCLOCALPLACEMENT(#10140,#10144);
#10149=IFCCARTESIANPOINTLIST2D(((0.,0.),(0.,2.0959658622741699),(0.90617817640304565,2.0959658622741699),(0.90617817640304565,0.),(0.88117817603051662,0.),(0.88117817603051662,2.0709658619016409),(0.02500000037252903,2.0709658619016409),(0.02500000037252903,0.)));
#10150=IFCINDEXEDPOLYCURVE(#10149,(IFCLINEINDEX((1,2,3,4,5,6,7,8,1))),$);
#10151=IFCARBITRARYCLOSEDPROFILEDEF(.AREA.,$,#10150);
#10152=IFCCARTESIANPOINT((0.,0.02500000037252903,0.));
#10153=IFCDIRECTION((0.,-1.,0.));
#10154=IFCDIRECTION((1.,0.,0.));
#10155=IFCAXIS2PLACEMENT3D(#10152,#10153,#10154);
#10156=IFCDIRECTION((0.,0.,-1.));
#10157=IFCEXTRUDEDAREASOLID(#10151,#10155,#10156,0.02500000037252903);
#10158=IFCCARTESIANPOINTLIST2D(((0.,0.),(0.,2.0959658622741699),(0.90617817640304565,2.0959658622741699),(0.90617817640304565,0.),(0.85617817565798759,0.),(0.85617817565798759,2.0459658615291119),(0.05000000074505806,2.0459658615291119),(0.05000000074505806,0.)));
#10159=IFCINDEXEDPOLYCURVE(#10158,(IFCLINEINDEX((1,2,3,4,5,6,7,8,1))),$);
#10160=IFCARBITRARYCLOSEDPROFILEDEF(.AREA.,$,#10159);
#10161=IFCCARTESIANPOINT((0.,0.,0.));
#10162=IFCDIRECTION((0.,-1.,0.));
#10163=IFCDIRECTION((1.,0.,0.));
#10164=IFCAXIS2PLACEMENT3D(#10161,#10162,#10163);
#10165=IFCDIRECTION((0.,0.,-1.));
#10166=IFCEXTRUDEDAREASOLID(#10160,#10164,#10165,0.02500000037252903);
#10167=IFCCARTESIANPOINTLIST2D(((0.,0.),(0.80617817491292953,0.),(0.80617817491292953,0.10000000149011612),(0.,0.10000000149011612)));
#10168=IFCINDEXEDPOLYCURVE(#10167,(IFCLINEINDEX((1,2,3,4,1))),$);
#10169=IFCARBITRARYCLOSEDPROFILEDEF(.AREA.,$,#10168);
#10170=IFCCARTESIANPOINT((0.05000000074505806,0.,0.));
#10171=IFCDIRECTION((0.,0.,1.));
#10172=IFCDIRECTION((1.,0.,0.));
#10173=IFCAXIS2PLACEMENT3D(#10170,#10171,#10172);
#10174=IFCDIRECTION((0.,0.,1.));
#10175=IFCEXTRUDEDAREASOLID(#10169,#10173,#10174,0.02500000037252903);
#10176=IFCCARTESIANPOINTLIST2D(((0.,0.),(0.85617817565798759,0.),(0.85617817565798759,0.035000000149011612),(0.,0.035000000149011612)));
#10177=IFCINDEXEDPOLYCURVE(#10176,(IFCLINEINDEX((1,2,3,4,1))),$);
#10178=IFCARBITRARYCLOSEDPROFILEDEF(.AREA.,$,#10177);
#10179=IFCCARTESIANPOINT((0.02500000037252903,0.02500000037252903,0.02500000037252903));
#10180=IFCDIRECTION((0.,0.,1.));
#10181=IFCDIRECTION((1.,0.,0.));
#10182=IFCAXIS2PLACEMENT3D(#10179,#10180,#10181);
#10183=IFCDIRECTION((0.,0.,1.));
#10184=IFCEXTRUDEDAREASOLID(#10178,#10182,#10183,2.0459658615291119);
#10185=IFCCARTESIANPOINTLIST2D(((0.,0.),(0.,-0.040000000000000001),(0.12,-0.040000000000000001),(0.12,-0.02),(0.02,-0.02),(0.02,0.)));
#10186=IFCINDEXEDPOLYCURVE(#10185,(IFCLINEINDEX((1,2,3,4,5,6,1))),$);
#10187=IFCARBITRARYCLOSEDPROFILEDEF(.AREA.,$,#10186);
#10188=IFCCARTESIANPOINT((0.075000000372529033,0.02500000037252903,1.015000000372529));
#10189=IFCDIRECTION((0.,0.,1.));
#10190=IFCDIRECTION((1.,0.,0.));
#10191=IFCAXIS2PLACEMENT3D(#10188,#10189,#10190);
#10192=IFCDIRECTION((0.,0.,1.));
#10193=IFCEXTRUDEDAREASOLID(#10187,#10191,#10192,0.02);
#10194=IFCEXTRUDEDAREASOLID(#10195,#10198,#10202,0.02);
#10195=IFCARBITRARYCLOSEDPROFILEDEF(.AREA.,$,#10196);
#10196=IFCINDEXEDPOLYCURVE(#10197,(IFCLINEINDEX((1,2,3,4,5,6,1))),$);
#10197=IFCCARTESIANPOINTLIST2D(((0.,0.),(0.,0.040000000000000008),(0.11999999999999998,0.040000000000000008),(0.11999999999999998,0.020000000000000004),(0.020000000000000004,0.020000000000000004),(0.020000000000000004,0.)));
#10198=IFCAXIS2PLACEMENT3D(#10199,#10200,#10201);
#10199=IFCCARTESIANPOINT((0.075000000372529033,0.060000000521540642,1.015000000372529));
#10200=IFCDIRECTION((0.,0.,1.));
#10201=IFCDIRECTION((1.,0.,0.));
#10202=IFCDIRECTION((0.,0.,1.));
#10258=IFCCARTESIANPOINTLIST3D(((0.,0.,0.),(0.90617817640304565,0.,0.),(0.90617817640304565,0.,2.0959658622741699),(0.,0.,2.0959658622741699)));
#10259=IFCINDEXEDPOLYCURVE(#10258,(IFCLINEINDEX((1,2,3,4,1))),$);
#10260=IFCSHAPEREPRESENTATION(#18,'Profile','Curve3D',(#10259));
#10261=IFCCARTESIANPOINTLIST2D(((0.,0.),(0.,2.0959658622741699),(0.90617817640304565,2.0959658622741699),(0.90617817640304565,0.),(0.88117817603051662,0.),(0.88117817603051662,2.0709658619016409),(0.02500000037252903,2.0709658619016409),(0.02500000037252903,0.)));
#10262=IFCINDEXEDPOLYCURVE(#10261,(IFCLINEINDEX((1,2,3,4,5,6,7,8,1))),$);
#10263=IFCARBITRARYCLOSEDPROFILEDEF(.AREA.,$,#10262);
#10264=IFCCARTESIANPOINT((0.,0.02500000037252903,0.));
#10265=IFCDIRECTION((0.,-1.,0.));
#10266=IFCDIRECTION((1.,0.,0.));
#10267=IFCAXIS2PLACEMENT3D(#10264,#10265,#10266);
#10268=IFCDIRECTION((0.,0.,-1.));
#10269=IFCEXTRUDEDAREASOLID(#10263,#10267,#10268,0.02500000037252903);
#10270=IFCCARTESIANPOINTLIST2D(((0.,0.),(0.,2.0959658622741699),(0.90617817640304565,2.0959658622741699),(0.90617817640304565,0.),(0.85617817565798759,0.),(0.85617817565798759,2.0459658615291119),(0.05000000074505806,2.0459658615291119),(0.05000000074505806,0.)));
#10271=IFCINDEXEDPOLYCURVE(#10270,(IFCLINEINDEX((1,2,3,4,5,6,7,8,1))),$);
#10272=IFCARBITRARYCLOSEDPROFILEDEF(.AREA.,$,#10271);
#10273=IFCCARTESIANPOINT((0.,0.,0.));
#10274=IFCDIRECTION((0.,-1.,0.));
#10275=IFCDIRECTION((1.,0.,0.));
#10276=IFCAXIS2PLACEMENT3D(#10273,#10274,#10275);
#10277=IFCDIRECTION((0.,0.,-1.));
#10278=IFCEXTRUDEDAREASOLID(#10272,#10276,#10277,0.02500000037252903);
#10279=IFCCARTESIANPOINTLIST2D(((0.,0.),(0.80617817491292953,0.),(0.80617817491292953,0.10000000149011612),(0.,0.10000000149011612)));
#10280=IFCINDEXEDPOLYCURVE(#10279,(IFCLINEINDEX((1,2,3,4,1))),$);
#10281=IFCARBITRARYCLOSEDPROFILEDEF(.AREA.,$,#10280);
#10282=IFCCARTESIANPOINT((0.05000000074505806,0.,0.));
#10283=IFCDIRECTION((0.,0.,1.));
#10284=IFCDIRECTION((1.,0.,0.));
#10285=IFCAXIS2PLACEMENT3D(#10282,#10283,#10284);
#10286=IFCDIRECTION((0.,0.,1.));
#10287=IFCEXTRUDEDAREASOLID(#10281,#10285,#10286,0.02500000037252903);
#10288=IFCCARTESIANPOINTLIST2D(((0.,0.),(0.85617817565798759,0.),(0.85617817565798759,0.035000000149011612),(0.,0.035000000149011612)));
#10289=IFCINDEXEDPOLYCURVE(#10288,(IFCLINEINDEX((1,2,3,4,1))),$);
#10290=IFCARBITRARYCLOSEDPROFILEDEF(.AREA.,$,#10289);
#10291=IFCCARTESIANPOINT((0.02500000037252903,0.02500000037252903,0.02500000037252903));
#10292=IFCDIRECTION((0.,0.,1.));
#10293=IFCDIRECTION((1.,0.,0.));
#10294=IFCAXIS2PLACEMENT3D(#10291,#10292,#10293);
#10295=IFCDIRECTION((0.,0.,1.));
#10296=IFCEXTRUDEDAREASOLID(#10290,#10294,#10295,2.0459658615291119);
#10297=IFCCARTESIANPOINTLIST2D(((0.,0.),(0.,-0.040000000000000001),(0.12,-0.040000000000000001),(0.12,-0.02),(0.02,-0.02),(0.02,0.)));
#10298=IFCINDEXEDPOLYCURVE(#10297,(IFCLINEINDEX((1,2,3,4,5,6,1))),$);
#10299=IFCARBITRARYCLOSEDPROFILEDEF(.AREA.,$,#10298);
#10300=IFCCARTESIANPOINT((0.075000000372529033,0.02500000037252903,1.015000000372529));
#10301=IFCDIRECTION((0.,0.,1.));
#10302=IFCDIRECTION((1.,0.,0.));
#10303=IFCAXIS2PLACEMENT3D(#10300,#10301,#10302);
#10304=IFCDIRECTION((0.,0.,1.));
#10305=IFCEXTRUDEDAREASOLID(#10299,#10303,#10304,0.02);
#10306=IFCEXTRUDEDAREASOLID(#10307,#10310,#10314,0.02);
#10307=IFCARBITRARYCLOSEDPROFILEDEF(.AREA.,$,#10308);
#10308=IFCINDEXEDPOLYCURVE(#10309,(IFCLINEINDEX((1,2,3,4,5,6,1))),$);
#10309=IFCCARTESIANPOINTLIST2D(((0.,0.),(0.,0.040000000000000008),(0.11999999999999998,0.040000000000000008),(0.11999999999999998,0.020000000000000004),(0.020000000000000004,0.020000000000000004),(0.020000000000000004,0.)));
#10310=IFCAXIS2PLACEMENT3D(#10311,#10312,#10313);
#10311=IFCCARTESIANPOINT((0.075000000372529033,0.060000000521540642,1.015000000372529));
#10312=IFCDIRECTION((0.,0.,1.));
#10313=IFCDIRECTION((1.,0.,0.));
#10314=IFCDIRECTION((0.,0.,1.));
#10315=IFCSHAPEREPRESENTATION(#11,'Body','SweptSolid',(#10269,#10278,#10296,#10305,#10306,#10287));
#10316=IFCCARTESIANPOINTLIST2D(((0.,0.),(0.,0.05000000074505806),(0.02500000037252903,0.05000000074505806),(0.02500000037252903,0.02500000037252903),(0.05000000074505806,0.02500000037252903),(0.05000000074505806,0.)));
#10317=IFCINDEXEDPOLYCURVE(#10316,(IFCLINEINDEX((1,2,3,4,5,6,1))),$);
#10318=IFCINDEXEDPOLYCURVE(#10319,(IFCLINEINDEX((1,2,3,4,5,6,1))),$);
#10319=IFCCARTESIANPOINTLIST2D(((0.90617817640304565,0.),(0.90617817640304565,0.05000000074505806),(0.88117817603051662,0.05000000074505806),(0.88117817603051662,0.02500000037252903),(0.85617817565798759,0.02500000037252903),(0.85617817565798759,0.)));
#10320=IFCDIRECTION((1.,0.));
#10321=IFCCARTESIANPOINT((0.84617817588150501,0.05000000074505806));
#10322=IFCAXIS2PLACEMENT2D(#10321,#10320);
#10323=IFCELLIPSE(#10322,0.82117817550897598,0.85617817565798759);
#10324=IFCCARTESIANPOINT((0.84617817588150501,0.90617817640304565));
#10325=IFCCARTESIANPOINT((0.02500000037252903,0.05000000074505806));
#10326=IFCTRIMMEDCURVE(#10323,(#10324),(#10325),.T.,.CARTESIAN.);
#10327=IFCCARTESIANPOINTLIST2D(((0.88117817603051662,0.05000000074505806),(0.84617817588150501,0.05000000074505806),(0.84617817588150501,0.90617817640304565),(0.88117817603051662,0.90617817640304565)));
#10328=IFCINDEXEDPOLYCURVE(#10327,(IFCLINEINDEX((1,2,3,4,1))),$);
#10329=IFCSHAPEREPRESENTATION(#24,'Body','Curve2D',(#10317,#10318,#10326,#10328));
#10330=IFCCARTESIANPOINTLIST2D(((0.,0.),(0.90617817640304565,0.),(0.90617817640304565,2.0959658622741699),(0.,2.0959658622741699)));
#10331=IFCINDEXEDPOLYCURVE(#10330,(IFCLINEINDEX((1,2,3,4,1))),$);
#10332=IFCARBITRARYCLOSEDPROFILEDEF(.AREA.,$,#10331);
#10333=IFCCARTESIANPOINT((0.,-0.60000002384185791,0.));
#10334=IFCDIRECTION((0.,-1.,0.));
#10335=IFCDIRECTION((1.,0.,0.));
#10336=IFCAXIS2PLACEMENT3D(#10333,#10334,#10335);
#10337=IFCDIRECTION((0.,0.,-1.));
#10338=IFCEXTRUDEDAREASOLID(#10332,#10336,#10337,1.2);
#10339=IFCSHAPEREPRESENTATION(#11,'Body','SweptSolid',(#10338));
#10345=IFCCARTESIANPOINT((2.7116582393646649,6.7388146118840808E-08,0.));
#10346=IFCDIRECTION((0.,0.,1.));
#10347=IFCDIRECTION((0.99999999999888378,-1.4940844863517663E-06,0.));
#10348=IFCAXIS2PLACEMENT3D(#10345,#10346,#10347);
#10349=IFCLOCALPLACEMENT(#8051,#10348);
#10350=IFCCARTESIANPOINT((0.,5.5511151231257827E-17,0.));
#10351=IFCDIRECTION((0.,0.,1.));
#10352=IFCDIRECTION((0.99999999999999989,6.3527471044072525E-22,0.));
#10353=IFCAXIS2PLACEMENT3D(#10350,#10351,#10352);
#10354=IFCLOCALPLACEMENT(#10349,#10353);
#10358=IFCCARTESIANPOINTLIST2D(((0.,0.),(0.,2.0959658622741699),(0.85258382558822632,2.0959658622741699),(0.85258382558822632,0.),(0.82758382521569729,0.),(0.82758382521569729,2.0709658619016409),(0.02500000037252903,2.0709658619016409),(0.02500000037252903,0.)));
#10359=IFCINDEXEDPOLYCURVE(#10358,(IFCLINEINDEX((1,2,3,4,5,6,7,8,1))),$);
#10360=IFCARBITRARYCLOSEDPROFILEDEF(.AREA.,$,#10359);
#10361=IFCCARTESIANPOINT((0.,0.02500000037252903,0.));
#10362=IFCDIRECTION((0.,-1.,0.));
#10363=IFCDIRECTION((1.,0.,0.));
#10364=IFCAXIS2PLACEMENT3D(#10361,#10362,#10363);
#10365=IFCDIRECTION((0.,0.,-1.));
#10366=IFCEXTRUDEDAREASOLID(#10360,#10364,#10365,0.02500000037252903);
#10367=IFCCARTESIANPOINTLIST2D(((0.,0.),(0.,2.0959658622741699),(0.85258382558822632,2.0959658622741699),(0.85258382558822632,0.),(0.80258382484316826,0.),(0.80258382484316826,2.0459658615291119),(0.05000000074505806,2.0459658615291119),(0.05000000074505806,0.)));
#10368=IFCINDEXEDPOLYCURVE(#10367,(IFCLINEINDEX((1,2,3,4,5,6,7,8,1))),$);
#10369=IFCARBITRARYCLOSEDPROFILEDEF(.AREA.,$,#10368);
#10370=IFCCARTESIANPOINT((0.,0.,0.));
#10371=IFCDIRECTION((0.,-1.,0.));
#10372=IFCDIRECTION((1.,0.,0.));
#10373=IFCAXIS2PLACEMENT3D(#10370,#10371,#10372);
#10374=IFCDIRECTION((0.,0.,-1.));
#10375=IFCEXTRUDEDAREASOLID(#10369,#10373,#10374,0.02500000037252903);
#10376=IFCCARTESIANPOINTLIST2D(((0.,0.),(0.7525838240981102,0.),(0.7525838240981102,0.10000000149011612),(0.,0.10000000149011612)));
#10377=IFCINDEXEDPOLYCURVE(#10376,(IFCLINEINDEX((1,2,3,4,1))),$);
#10378=IFCARBITRARYCLOSEDPROFILEDEF(.AREA.,$,#10377);
#10379=IFCCARTESIANPOINT((0.05000000074505806,0.,0.));
#10380=IFCDIRECTION((0.,0.,1.));
#10381=IFCDIRECTION((1.,0.,0.));
#10382=IFCAXIS2PLACEMENT3D(#10379,#10380,#10381);
#10383=IFCDIRECTION((0.,0.,1.));
#10384=IFCEXTRUDEDAREASOLID(#10378,#10382,#10383,0.02500000037252903);
#10385=IFCCARTESIANPOINTLIST2D(((0.,0.),(0.80258382484316826,0.),(0.80258382484316826,0.035000000149011612),(0.,0.035000000149011612)));
#10386=IFCINDEXEDPOLYCURVE(#10385,(IFCLINEINDEX((1,2,3,4,1))),$);
#10387=IFCARBITRARYCLOSEDPROFILEDEF(.AREA.,$,#10386);
#10388=IFCCARTESIANPOINT((0.02500000037252903,0.02500000037252903,0.02500000037252903));
#10389=IFCDIRECTION((0.,0.,1.));
#10390=IFCDIRECTION((1.,0.,0.));
#10391=IFCAXIS2PLACEMENT3D(#10388,#10389,#10390);
#10392=IFCDIRECTION((0.,0.,1.));
#10393=IFCEXTRUDEDAREASOLID(#10387,#10391,#10392,2.0459658615291119);
#10394=IFCCARTESIANPOINTLIST2D(((0.,0.),(0.,-0.040000000000000001),(0.12,-0.040000000000000001),(0.12,-0.02),(0.02,-0.02),(0.02,0.)));
#10395=IFCINDEXEDPOLYCURVE(#10394,(IFCLINEINDEX((1,2,3,4,5,6,1))),$);
#10396=IFCARBITRARYCLOSEDPROFILEDEF(.AREA.,$,#10395);
#10397=IFCCARTESIANPOINT((0.075000000372529033,0.02500000037252903,1.015000000372529));
#10398=IFCDIRECTION((0.,0.,1.));
#10399=IFCDIRECTION((1.,0.,0.));
#10400=IFCAXIS2PLACEMENT3D(#10397,#10398,#10399);
#10401=IFCDIRECTION((0.,0.,1.));
#10402=IFCEXTRUDEDAREASOLID(#10396,#10400,#10401,0.02);
#10403=IFCEXTRUDEDAREASOLID(#10404,#10407,#10411,0.02);
#10404=IFCARBITRARYCLOSEDPROFILEDEF(.AREA.,$,#10405);
#10405=IFCINDEXEDPOLYCURVE(#10406,(IFCLINEINDEX((1,2,3,4,5,6,1))),$);
#10406=IFCCARTESIANPOINTLIST2D(((0.,0.),(0.,0.040000000000000008),(0.11999999999999998,0.040000000000000008),(0.11999999999999998,0.020000000000000004),(0.020000000000000004,0.020000000000000004),(0.020000000000000004,0.)));
#10407=IFCAXIS2PLACEMENT3D(#10408,#10409,#10410);
#10408=IFCCARTESIANPOINT((0.075000000372529033,0.060000000521540642,1.015000000372529));
#10409=IFCDIRECTION((0.,0.,1.));
#10410=IFCDIRECTION((1.,0.,0.));
#10411=IFCDIRECTION((0.,0.,1.));
#10452=IFCCARTESIANPOINTLIST3D(((0.,0.,0.),(0.91537714004516602,0.,0.),(0.91537714004516602,0.,2.0959658622741699),(0.,0.,2.0959658622741699)));
#10453=IFCINDEXEDPOLYCURVE(#10452,(IFCLINEINDEX((1,2,3,4,1))),$);
#10454=IFCSHAPEREPRESENTATION(#18,'Profile','Curve3D',(#10453));
#10455=IFCCARTESIANPOINTLIST2D(((0.,0.),(0.,2.0959658622741699),(0.91537714004516602,2.0959658622741699),(0.91537714004516602,0.),(0.89037713967263699,0.),(0.89037713967263699,2.0709658619016409),(0.02500000037252903,2.0709658619016409),(0.02500000037252903,0.)));
#10456=IFCINDEXEDPOLYCURVE(#10455,(IFCLINEINDEX((1,2,3,4,5,6,7,8,1))),$);
#10457=IFCARBITRARYCLOSEDPROFILEDEF(.AREA.,$,#10456);
#10458=IFCCARTESIANPOINT((0.,0.02500000037252903,0.));
#10459=IFCDIRECTION((0.,-1.,0.));
#10460=IFCDIRECTION((1.,0.,0.));
#10461=IFCAXIS2PLACEMENT3D(#10458,#10459,#10460);
#10462=IFCDIRECTION((0.,0.,-1.));
#10463=IFCEXTRUDEDAREASOLID(#10457,#10461,#10462,0.02500000037252903);
#10464=IFCCARTESIANPOINTLIST2D(((0.,0.),(0.,2.0959658622741699),(0.91537714004516602,2.0959658622741699),(0.91537714004516602,0.),(0.86537713930010796,0.),(0.86537713930010796,2.0459658615291119),(0.05000000074505806,2.0459658615291119),(0.05000000074505806,0.)));
#10465=IFCINDEXEDPOLYCURVE(#10464,(IFCLINEINDEX((1,2,3,4,5,6,7,8,1))),$);
#10466=IFCARBITRARYCLOSEDPROFILEDEF(.AREA.,$,#10465);
#10467=IFCCARTESIANPOINT((0.,0.,0.));
#10468=IFCDIRECTION((0.,-1.,0.));
#10469=IFCDIRECTION((1.,0.,0.));
#10470=IFCAXIS2PLACEMENT3D(#10467,#10468,#10469);
#10471=IFCDIRECTION((0.,0.,-1.));
#10472=IFCEXTRUDEDAREASOLID(#10466,#10470,#10471,0.02500000037252903);
#10473=IFCCARTESIANPOINTLIST2D(((0.,0.),(0.8153771385550499,0.),(0.8153771385550499,0.10000000149011612),(0.,0.10000000149011612)));
#10474=IFCINDEXEDPOLYCURVE(#10473,(IFCLINEINDEX((1,2,3,4,1))),$);
#10475=IFCARBITRARYCLOSEDPROFILEDEF(.AREA.,$,#10474);
#10476=IFCCARTESIANPOINT((0.05000000074505806,0.,0.));
#10477=IFCDIRECTION((0.,0.,1.));
#10478=IFCDIRECTION((1.,0.,0.));
#10479=IFCAXIS2PLACEMENT3D(#10476,#10477,#10478);
#10480=IFCDIRECTION((0.,0.,1.));
#10481=IFCEXTRUDEDAREASOLID(#10475,#10479,#10480,0.02500000037252903);
#10482=IFCCARTESIANPOINTLIST2D(((0.,0.),(0.86537713930010796,0.),(0.86537713930010796,0.035000000149011612),(0.,0.035000000149011612)));
#10483=IFCINDEXEDPOLYCURVE(#10482,(IFCLINEINDEX((1,2,3,4,1))),$);
#10484=IFCARBITRARYCLOSEDPROFILEDEF(.AREA.,$,#10483);
#10485=IFCCARTESIANPOINT((0.02500000037252903,0.02500000037252903,0.02500000037252903));
#10486=IFCDIRECTION((0.,0.,1.));
#10487=IFCDIRECTION((1.,0.,0.));
#10488=IFCAXIS2PLACEMENT3D(#10485,#10486,#10487);
#10489=IFCDIRECTION((0.,0.,1.));
#10490=IFCEXTRUDEDAREASOLID(#10484,#10488,#10489,2.0459658615291119);
#10491=IFCCARTESIANPOINTLIST2D(((0.,0.),(0.,-0.040000000000000001),(-0.11999999999999988,-0.040000000000000001),(-0.11999999999999988,-0.02),(-0.020000000000000018,-0.02),(-0.020000000000000018,0.)));
#10492=IFCINDEXEDPOLYCURVE(#10491,(IFCLINEINDEX((1,2,3,4,5,6,1))),$);
#10493=IFCARBITRARYCLOSEDPROFILEDEF(.AREA.,$,#10492);
#10494=IFCCARTESIANPOINT((0.84037713967263694,0.02500000037252903,1.015000000372529));
#10495=IFCDIRECTION((0.,0.,1.));
#10496=IFCDIRECTION((1.,0.,0.));
#10497=IFCAXIS2PLACEMENT3D(#10494,#10495,#10496);
#10498=IFCDIRECTION((0.,0.,1.));
#10499=IFCEXTRUDEDAREASOLID(#10493,#10497,#10498,0.02);
#10500=IFCEXTRUDEDAREASOLID(#10501,#10504,#10508,0.02);
#10501=IFCARBITRARYCLOSEDPROFILEDEF(.AREA.,$,#10502);
#10502=IFCINDEXEDPOLYCURVE(#10503,(IFCLINEINDEX((1,2,3,4,5,6,1))),$);
#10503=IFCCARTESIANPOINTLIST2D(((0.,0.),(0.,0.040000000000000008),(-0.11999999999999988,0.040000000000000008),(-0.11999999999999988,0.020000000000000004),(-0.020000000000000018,0.020000000000000004),(-0.020000000000000018,0.)));
#10504=IFCAXIS2PLACEMENT3D(#10505,#10506,#10507);
#10505=IFCCARTESIANPOINT((0.84037713967263694,0.060000000521540642,1.015000000372529));
#10506=IFCDIRECTION((0.,0.,1.));
#10507=IFCDIRECTION((1.,0.,0.));
#10508=IFCDIRECTION((0.,0.,1.));
#10509=IFCSHAPEREPRESENTATION(#11,'Body','SweptSolid',(#10463,#10472,#10490,#10499,#10500,#10481));
#10510=IFCCARTESIANPOINTLIST2D(((0.,0.),(0.,0.05000000074505806),(0.02500000037252903,0.05000000074505806),(0.02500000037252903,0.02500000037252903),(0.05000000074505806,0.02500000037252903),(0.05000000074505806,0.)));
#10511=IFCINDEXEDPOLYCURVE(#10510,(IFCLINEINDEX((1,2,3,4,5,6,1))),$);
#10512=IFCINDEXEDPOLYCURVE(#10513,(IFCLINEINDEX((1,2,3,4,5,6,1))),$);
#10513=IFCCARTESIANPOINTLIST2D(((0.91537714004516602,0.),(0.91537714004516602,0.05000000074505806),(0.89037713967263699,0.05000000074505806),(0.89037713967263699,0.02500000037252903),(0.86537713930010796,0.02500000037252903),(0.86537713930010796,0.)));
#10514=IFCDIRECTION((1.,0.));
#10515=IFCCARTESIANPOINT((0.060000000521540642,0.05000000074505806));
#10516=IFCAXIS2PLACEMENT2D(#10515,#10514);
#10517=IFCELLIPSE(#10516,0.83037713915109634,0.86537713930010796);
#10518=IFCCARTESIANPOINT((0.89037713967263699,0.05000000074505806));
#10519=IFCCARTESIANPOINT((0.060000000521540642,0.91537714004516602));
#10520=IFCTRIMMEDCURVE(#10517,(#10518),(#10519),.T.,.CARTESIAN.);
#10521=IFCCARTESIANPOINTLIST2D(((0.02500000037252903,0.05000000074505806),(0.060000000521540642,0.05000000074505806),(0.060000000521540642,0.91537714004516602),(0.02500000037252903,0.91537714004516602)));
#10522=IFCINDEXEDPOLYCURVE(#10521,(IFCLINEINDEX((1,2,3,4,1))),$);
#10523=IFCSHAPEREPRESENTATION(#24,'Body','Curve2D',(#10511,#10512,#10520,#10522));
#10524=IFCCARTESIANPOINTLIST2D(((0.,0.),(0.91537714004516602,0.),(0.91537714004516602,2.0959658622741699),(0.,2.0959658622741699)));
#10525=IFCINDEXEDPOLYCURVE(#10524,(IFCLINEINDEX((1,2,3,4,1))),$);
#10526=IFCARBITRARYCLOSEDPROFILEDEF(.AREA.,$,#10525);
#10527=IFCCARTESIANPOINT((0.,-0.60000002384185791,0.));
#10528=IFCDIRECTION((0.,-1.,0.));
#10529=IFCDIRECTION((1.,0.,0.));
#10530=IFCAXIS2PLACEMENT3D(#10527,#10528,#10529);
#10531=IFCDIRECTION((0.,0.,-1.));
#10532=IFCEXTRUDEDAREASOLID(#10526,#10530,#10531,1.2);
#10533=IFCSHAPEREPRESENTATION(#11,'Body','SweptSolid',(#10532));
#10539=IFCCARTESIANPOINT((2.6799445011457288,0.084999907385547191,0.));
#10540=IFCDIRECTION((0.,0.,1.));
#10541=IFCDIRECTION((-0.99999999999999956,3.1664280912557796E-08,0.));
#10542=IFCAXIS2PLACEMENT3D(#10539,#10540,#10541);
#10543=IFCLOCALPLACEMENT(#7947,#10542);
#10544=IFCCARTESIANPOINT((-4.4408920985006262E-16,0.,0.));
#10545=IFCDIRECTION((0.,0.,1.));
#10546=IFCDIRECTION((1.,0.,0.));
#10547=IFCAXIS2PLACEMENT3D(#10544,#10545,#10546);
#10548=IFCLOCALPLACEMENT(#10543,#10547);
#10549=IFCDOORTYPE('2do5HhwD98vxEd7oK93two',$,'MASTER''S BALCONY -2F',$,$,(#10550),(#10552,#10560,#10611,#10623),$,$,.DOOR.,.SINGLE_SWING_LEFT.,$,$);
#10550=IFCPROPERTYSET('2KmC0G53H9GxSaJrYKlHQi',$,'BBIM_Door',$,(#10551));
#10551=IFCPROPERTYSINGLEVALUE('Data',$,IFCTEXT('{"door_type": "SLIDING_TO_RIGHT", "overall_height": 2.09596586227417, "overall_width": 1.4552454948425293, "lining_properties": {"lining_depth": 0.05000000074505806, "lining_thickness": 0.05000000074505806, "lining_offset": 0.0, "transom_thickness": 0.0, "casing_thickness": 0.0, "threshold_thickness": 0.02500000037252903, "threshold_depth": 0.10000000149011612, "threshold_offset": 0.0}, "panel_properties": {"panel_depth": 0.03500000014901161, "panel_width_ratio": 1.0}}'),$);
#10552=IFCREPRESENTATIONMAP(#10553,#10557);
#10553=IFCAXIS2PLACEMENT3D(#10554,#10555,#10556);
#10554=IFCCARTESIANPOINT((0.,0.,0.));
#10555=IFCDIRECTION((0.,0.,1.));
#10556=IFCDIRECTION((1.,0.,0.));
#10557=IFCSHAPEREPRESENTATION(#18,'Profile','Curve3D',(#10558));
#10558=IFCINDEXEDPOLYCURVE(#10559,(IFCLINEINDEX((1,2,3,4,1))),$);
#10559=IFCCARTESIANPOINTLIST3D(((0.,0.,0.),(1.4552454948425293,0.,0.),(1.4552454948425293,0.,2.0959658622741699),(0.,0.,2.0959658622741699)));
#10560=IFCREPRESENTATIONMAP(#10561,#10565);
#10561=IFCAXIS2PLACEMENT3D(#10562,#10563,#10564);
#10562=IFCCARTESIANPOINT((0.,0.,0.));
#10563=IFCDIRECTION((0.,0.,1.));
#10564=IFCDIRECTION((1.,0.,0.));
#10565=IFCSHAPEREPRESENTATION(#11,'Body','SweptSolid',(#10566,#10575,#10584,#10593,#10602));
#10566=IFCEXTRUDEDAREASOLID(#10567,#10570,#10574,0.05000000074505806);
#10567=IFCARBITRARYCLOSEDPROFILEDEF(.AREA.,$,#10568);
#10568=IFCINDEXEDPOLYCURVE(#10569,(IFCLINEINDEX((1,2,3,4,5,6,7,8,1))),$);
#10569=IFCCARTESIANPOINTLIST2D(((0.,0.),(0.,2.0959658622741699),(1.4552454948425293,2.0959658622741699),(1.4552454948425293,0.),(1.4052454940974712,0.),(1.4052454940974712,2.0459658615291119),(0.05000000074505806,2.0459658615291119),(0.05000000074505806,0.)));
#10570=IFCAXIS2PLACEMENT3D(#10571,#10572,#10573);
#10571=IFCCARTESIANPOINT((0.,0.,0.));
#10572=IFCDIRECTION((0.,-1.,0.));
#10573=IFCDIRECTION((1.,0.,0.));
#10574=IFCDIRECTION((0.,0.,-1.));
#10575=IFCEXTRUDEDAREASOLID(#10576,#10579,#10583,2.0209658611565828);
#10576=IFCARBITRARYCLOSEDPROFILEDEF(.AREA.,$,#10577);
#10577=IFCINDEXEDPOLYCURVE(#10578,(IFCLINEINDEX((1,2,3,4,1))),$);
#10578=IFCCARTESIANPOINTLIST2D(((0.,0.),(1.3552454933524132,0.),(1.3552454933524132,0.035000000149011612),(0.,0.035000000149011612)));
#10579=IFCAXIS2PLACEMENT3D(#10580,#10581,#10582);
#10580=IFCCARTESIANPOINT((0.05000000074505806,-0.035000000149011612,0.02500000037252903));
#10581=IFCDIRECTION((0.,0.,1.));
#10582=IFCDIRECTION((1.,0.,0.));
#10583=IFCDIRECTION((0.,0.,1.));
#10584=IFCEXTRUDEDAREASOLID(#10585,#10588,#10592,0.02);
#10585=IFCARBITRARYCLOSEDPROFILEDEF(.AREA.,$,#10586);
#10586=IFCINDEXEDPOLYCURVE(#10587,(IFCLINEINDEX((1,2,3,4,5,6,1))),$);
#10587=IFCCARTESIANPOINTLIST2D(((0.,0.),(0.,-0.040000000000000001),(0.12,-0.040000000000000001),(0.12,-0.02),(0.02,-0.02),(0.02,0.)));
#10588=IFCAXIS2PLACEMENT3D(#10589,#10590,#10591);
#10589=IFCCARTESIANPOINT((0.10000000074505806,-0.035000000149011612,1.015000000372529));
#10590=IFCDIRECTION((0.,0.,1.));
#10591=IFCDIRECTION((1.,0.,0.));
#10592=IFCDIRECTION((0.,0.,1.));
#10593=IFCEXTRUDEDAREASOLID(#10594,#10597,#10601,0.02);
#10594=IFCARBITRARYCLOSEDPROFILEDEF(.AREA.,$,#10595);
#10595=IFCINDEXEDPOLYCURVE(#10596,(IFCLINEINDEX((1,2,3,4,5,6,1))),$);
#10596=IFCCARTESIANPOINTLIST2D(((0.,0.),(0.,0.040000000000000008),(0.11999999999999998,0.040000000000000008),(0.11999999999999998,0.020000000000000004),(0.020000000000000004,0.020000000000000004),(0.020000000000000004,0.)));
#10597=IFCAXIS2PLACEMENT3D(#10598,#10599,#10600);
#10598=IFCCARTESIANPOINT((0.10000000074505806,0.,1.015000000372529));
#10599=IFCDIRECTION((0.,0.,1.));
#10600=IFCDIRECTION((1.,0.,0.));
#10601=IFCDIRECTION((0.,0.,1.));
#10602=IFCEXTRUDEDAREASOLID(#10603,#10606,#10610,0.02500000037252903);
#10603=IFCARBITRARYCLOSEDPROFILEDEF(.AREA.,$,#10604);
#10604=IFCINDEXEDPOLYCURVE(#10605,(IFCLINEINDEX((1,2,3,4,1))),$);
#10605=IFCCARTESIANPOINTLIST2D(((0.,0.),(1.3552454933524132,0.),(1.3552454933524132,0.10000000149011612),(0.,0.10000000149011612)));
#10606=IFCAXIS2PLACEMENT3D(#10607,#10608,#10609);
#10607=IFCCARTESIANPOINT((0.05000000074505806,0.,0.));
#10608=IFCDIRECTION((0.,0.,1.));
#10609=IFCDIRECTION((1.,0.,0.));
#10610=IFCDIRECTION((0.,0.,1.));
#10611=IFCREPRESENTATIONMAP(#10612,#10616);
#10612=IFCAXIS2PLACEMENT3D(#10613,#10614,#10615);
#10613=IFCCARTESIANPOINT((0.,0.,0.));
#10614=IFCDIRECTION((0.,0.,1.));
#10615=IFCDIRECTION((1.,0.,0.));
#10616=IFCSHAPEREPRESENTATION(#24,'Body','Curve2D',(#10617,#10619,#10621));
#10617=IFCINDEXEDPOLYCURVE(#10618,(IFCLINEINDEX((1,2,3,4,1))),$);
#10618=IFCCARTESIANPOINTLIST2D(((0.,0.),(0.05000000074505806,0.),(0.05000000074505806,0.05000000074505806),(0.,0.05000000074505806)));
#10619=IFCINDEXEDPOLYCURVE(#10620,(IFCLINEINDEX((1,2,3,4,1))),$);
#10620=IFCCARTESIANPOINTLIST2D(((1.4552454948425293,0.),(1.4052454940974712,0.),(1.4052454940974712,0.05000000074505806),(1.4552454948425293,0.05000000074505806)));
#10621=IFCINDEXEDPOLYCURVE(#10622,(IFCLINEINDEX((1,2,3,4,1))),$);
#10622=IFCCARTESIANPOINTLIST2D(((2.0828682407736778,-0.035000000149011612),(0.72762274742126465,-0.035000000149011612),(0.72762274742126465,0.),(2.0828682407736778,0.)));
#10623=IFCREPRESENTATIONMAP(#10624,#10628);
#10624=IFCAXIS2PLACEMENT3D(#10625,#10626,#10627);
#10625=IFCCARTESIANPOINT((0.,0.,0.));
#10626=IFCDIRECTION((0.,0.,1.));
#10627=IFCDIRECTION((1.,0.,0.));
#10628=IFCSHAPEREPRESENTATION(#25,'Annotation','Curve2D',(#10629,#10631));
#10629=IFCINDEXEDPOLYCURVE(#10630,$,$);
#10630=IFCCARTESIANPOINTLIST2D(((0.52433592341840263,-0.081587428267465345),(0.93090957142412667,-0.081587428267465345)));
#10631=IFCINDEXEDPOLYCURVE(#10632,$,$);
#10632=IFCCARTESIANPOINTLIST2D(((0.55433592341840265,-0.050529142855162856),(0.52433592341840263,-0.081587428267465345),(0.55433592341840265,-0.11264571367976783)));
#10633=IFCDOOR('1rYSiKFPP1xwm$q$iI5uMh',$,'Door',$,$,#10842,#10641,$,2.0959658622741699,2.016486644744873,$,.SINGLE_SWING_LEFT.,$);
#10634=IFCCARTESIANPOINT((0.,0.,0.));
#10635=IFCDIRECTION((1.,0.,0.));
#10636=IFCDIRECTION((0.,1.,0.));
#10637=IFCDIRECTION((0.,0.,1.));
#10638=IFCCARTESIANTRANSFORMATIONOPERATOR3D(#10635,#10636,#10634,1.,#10637);
#10639=IFCMAPPEDITEM(#8698,#10638);
#10640=IFCSHAPEREPRESENTATION(#18,'Profile','MappedRepresentation',(#10639));
#10641=IFCPRODUCTDEFINITIONSHAPE($,$,(#10640,#10648,#10655));
#10642=IFCCARTESIANPOINT((0.,0.,0.));
#10643=IFCDIRECTION((1.,0.,0.));
#10644=IFCDIRECTION((0.,1.,0.));
#10645=IFCDIRECTION((0.,0.,1.));
#10646=IFCCARTESIANTRANSFORMATIONOPERATOR3D(#10643,#10644,#10642,1.,#10645);
#10647=IFCMAPPEDITEM(#8706,#10646);
#10648=IFCSHAPEREPRESENTATION(#11,'Body','MappedRepresentation',(#10647));
#10649=IFCCARTESIANPOINT((0.,0.,0.));
#10650=IFCDIRECTION((1.,0.,0.));
#10651=IFCDIRECTION((0.,1.,0.));
#10652=IFCDIRECTION((0.,0.,1.));
#10653=IFCCARTESIANTRANSFORMATIONOPERATOR3D(#10650,#10651,#10649,1.,#10652);
#10654=IFCMAPPEDITEM(#8766,#10653);
#10655=IFCSHAPEREPRESENTATION(#24,'Body','MappedRepresentation',(#10654));
#10656=IFCOPENINGELEMENT('1qsBWYa214gQEqgBjmV_kv',$,'Opening',$,$,#10837,#10669,$,.OPENING.);
#10662=IFCCARTESIANPOINT((0.,0.,0.));
#10663=IFCDIRECTION((1.,0.,0.));
#10664=IFCDIRECTION((0.,1.,0.));
#10665=IFCDIRECTION((0.,0.,1.));
#10666=IFCCARTESIANTRANSFORMATIONOPERATOR3D(#10663,#10664,#10662,1.,#10665);
#10667=IFCMAPPEDITEM(#8829,#10666);
#10668=IFCSHAPEREPRESENTATION(#11,'Body','MappedRepresentation',(#10667));
#10669=IFCPRODUCTDEFINITIONSHAPE($,$,(#10668));
#10670=IFCRELVOIDSELEMENT('1NmCJ4PrrEdASxD5Je_jp9',$,$,$,#7302,#10656);
#10676=IFCRELFILLSELEMENT('02Wj4c6M167xHovHhqIMnw',$,$,$,#10656,#10633);
#10742=IFCCARTESIANPOINTLIST3D(((0.,0.,0.),(2.016486644744873,0.,0.),(2.016486644744873,0.,2.0959658622741699),(0.,0.,2.0959658622741699)));
#10743=IFCINDEXEDPOLYCURVE(#10742,(IFCLINEINDEX((1,2,3,4,1))),$);
#10744=IFCSHAPEREPRESENTATION(#18,'Profile','Curve3D',(#10743));
#10745=IFCCARTESIANPOINTLIST2D(((0.,0.),(0.,2.0959658622741699),(2.016486644744873,2.0959658622741699),(2.016486644744873,0.),(1.991486644372344,0.),(1.991486644372344,2.0709658619016409),(0.02500000037252903,2.0709658619016409),(0.02500000037252903,0.)));
#10746=IFCINDEXEDPOLYCURVE(#10745,(IFCLINEINDEX((1,2,3,4,5,6,7,8,1))),$);
#10747=IFCARBITRARYCLOSEDPROFILEDEF(.AREA.,$,#10746);
#10748=IFCCARTESIANPOINT((0.,0.02500000037252903,0.));
#10749=IFCDIRECTION((0.,-1.,0.));
#10750=IFCDIRECTION((1.,0.,0.));
#10751=IFCAXIS2PLACEMENT3D(#10748,#10749,#10750);
#10752=IFCDIRECTION((0.,0.,-1.));
#10753=IFCEXTRUDEDAREASOLID(#10747,#10751,#10752,0.02500000037252903);
#10754=IFCCARTESIANPOINTLIST2D(((0.,0.),(0.,2.0959658622741699),(2.016486644744873,2.0959658622741699),(2.016486644744873,0.),(1.966486643999815,0.),(1.966486643999815,2.0459658615291119),(0.05000000074505806,2.0459658615291119),(0.05000000074505806,0.)));
#10755=IFCINDEXEDPOLYCURVE(#10754,(IFCLINEINDEX((1,2,3,4,5,6,7,8,1))),$);
#10756=IFCARBITRARYCLOSEDPROFILEDEF(.AREA.,$,#10755);
#10757=IFCCARTESIANPOINT((0.,0.,0.));
#10758=IFCDIRECTION((0.,-1.,0.));
#10759=IFCDIRECTION((1.,0.,0.));
#10760=IFCAXIS2PLACEMENT3D(#10757,#10758,#10759);
#10761=IFCDIRECTION((0.,0.,-1.));
#10762=IFCEXTRUDEDAREASOLID(#10756,#10760,#10761,0.02500000037252903);
#10763=IFCCARTESIANPOINTLIST2D(((0.,0.),(1.9164866432547569,0.),(1.9164866432547569,0.10000000149011612),(0.,0.10000000149011612)));
#10764=IFCINDEXEDPOLYCURVE(#10763,(IFCLINEINDEX((1,2,3,4,1))),$);
#10765=IFCARBITRARYCLOSEDPROFILEDEF(.AREA.,$,#10764);
#10766=IFCCARTESIANPOINT((0.05000000074505806,0.,0.));
#10767=IFCDIRECTION((0.,0.,1.));
#10768=IFCDIRECTION((1.,0.,0.));
#10769=IFCAXIS2PLACEMENT3D(#10766,#10767,#10768);
#10770=IFCDIRECTION((0.,0.,1.));
#10771=IFCEXTRUDEDAREASOLID(#10765,#10769,#10770,0.02500000037252903);
#10772=IFCCARTESIANPOINTLIST2D(((0.,0.),(1.966486643999815,0.),(1.966486643999815,0.035000000149011612),(0.,0.035000000149011612)));
#10773=IFCINDEXEDPOLYCURVE(#10772,(IFCLINEINDEX((1,2,3,4,1))),$);
#10774=IFCARBITRARYCLOSEDPROFILEDEF(.AREA.,$,#10773);
#10775=IFCCARTESIANPOINT((0.02500000037252903,0.02500000037252903,0.02500000037252903));
#10776=IFCDIRECTION((0.,0.,1.));
#10777=IFCDIRECTION((1.,0.,0.));
#10778=IFCAXIS2PLACEMENT3D(#10775,#10776,#10777);
#10779=IFCDIRECTION((0.,0.,1.));
#10780=IFCEXTRUDEDAREASOLID(#10774,#10778,#10779,2.0459658615291119);
#10781=IFCCARTESIANPOINTLIST2D(((0.,0.),(0.,-0.040000000000000001),(-0.11999999999999988,-0.040000000000000001),(-0.11999999999999988,-0.02),(-0.020000000000000018,-0.02),(-0.020000000000000018,0.)));
#10782=IFCINDEXEDPOLYCURVE(#10781,(IFCLINEINDEX((1,2,3,4,5,6,1))),$);
#10783=IFCARBITRARYCLOSEDPROFILEDEF(.AREA.,$,#10782);
#10784=IFCCARTESIANPOINT((1.941486644372344,0.02500000037252903,1.015000000372529));
#10785=IFCDIRECTION((0.,0.,1.));
#10786=IFCDIRECTION((1.,0.,0.));
#10787=IFCAXIS2PLACEMENT3D(#10784,#10785,#10786);
#10788=IFCDIRECTION((0.,0.,1.));
#10789=IFCEXTRUDEDAREASOLID(#10783,#10787,#10788,0.02);
#10790=IFCEXTRUDEDAREASOLID(#10791,#10794,#10798,0.02);
#10791=IFCARBITRARYCLOSEDPROFILEDEF(.AREA.,$,#10792);
#10792=IFCINDEXEDPOLYCURVE(#10793,(IFCLINEINDEX((1,2,3,4,5,6,1))),$);
#10793=IFCCARTESIANPOINTLIST2D(((0.,0.),(0.,0.040000000000000008),(-0.11999999999999988,0.040000000000000008),(-0.11999999999999988,0.020000000000000004),(-0.020000000000000018,0.020000000000000004),(-0.020000000000000018,0.)));
#10794=IFCAXIS2PLACEMENT3D(#10795,#10796,#10797);
#10795=IFCCARTESIANPOINT((1.941486644372344,0.060000000521540642,1.015000000372529));
#10796=IFCDIRECTION((0.,0.,1.));
#10797=IFCDIRECTION((1.,0.,0.));
#10798=IFCDIRECTION((0.,0.,1.));
#10799=IFCSHAPEREPRESENTATION(#11,'Body','SweptSolid',(#10753,#10762,#10780,#10789,#10790,#10771));
#10800=IFCSHAPEREPRESENTATION(#11,'Body','SweptSolid',(#10753,#10762,#10771));
#10801=IFCSHAPEASPECT((#10800),'Lining',$,.T.,#10641);
#10802=IFCSHAPEREPRESENTATION(#11,'Body','SweptSolid',(#10780,#10789,#10790));
#10803=IFCSHAPEASPECT((#10802),'Framing',$,.T.,#10641);
#10804=IFCCARTESIANPOINTLIST2D(((0.,0.),(0.,0.05000000074505806),(0.02500000037252903,0.05000000074505806),(0.02500000037252903,0.02500000037252903),(0.05000000074505806,0.02500000037252903),(0.05000000074505806,0.)));
#10805=IFCINDEXEDPOLYCURVE(#10804,(IFCLINEINDEX((1,2,3,4,5,6,1))),$);
#10806=IFCINDEXEDPOLYCURVE(#10807,(IFCLINEINDEX((1,2,3,4,5,6,1))),$);
#10807=IFCCARTESIANPOINTLIST2D(((2.016486644744873,0.),(2.016486644744873,0.05000000074505806),(1.991486644372344,0.05000000074505806),(1.991486644372344,0.02500000037252903),(1.966486643999815,0.02500000037252903),(1.966486643999815,0.)));
#10808=IFCDIRECTION((1.,0.));
#10809=IFCCARTESIANPOINT((0.060000000521540642,0.05000000074505806));
#10810=IFCAXIS2PLACEMENT2D(#10809,#10808);
#10811=IFCELLIPSE(#10810,1.9314866438508034,1.966486643999815);
#10812=IFCCARTESIANPOINT((1.991486644372344,0.05000000074505806));
#10813=IFCCARTESIANPOINT((0.060000000521540642,2.016486644744873));
#10814=IFCTRIMMEDCURVE(#10811,(#10812),(#10813),.T.,.CARTESIAN.);
#10815=IFCCARTESIANPOINTLIST2D(((0.02500000037252903,0.05000000074505806),(0.060000000521540642,0.05000000074505806),(0.060000000521540642,2.016486644744873),(0.02500000037252903,2.016486644744873)));
#10816=IFCINDEXEDPOLYCURVE(#10815,(IFCLINEINDEX((1,2,3,4,1))),$);
#10817=IFCSHAPEREPRESENTATION(#24,'Body','Curve2D',(#10805,#10806,#10814,#10816));
#10818=IFCCARTESIANPOINTLIST2D(((0.,0.),(2.016486644744873,0.),(2.016486644744873,2.0959658622741699),(0.,2.0959658622741699)));
#10819=IFCINDEXEDPOLYCURVE(#10818,(IFCLINEINDEX((1,2,3,4,1))),$);
#10820=IFCARBITRARYCLOSEDPROFILEDEF(.AREA.,$,#10819);
#10821=IFCCARTESIANPOINT((0.,-0.60000002384185791,0.));
#10822=IFCDIRECTION((0.,-1.,0.));
#10823=IFCDIRECTION((1.,0.,0.));
#10824=IFCAXIS2PLACEMENT3D(#10821,#10822,#10823);
#10825=IFCDIRECTION((0.,0.,-1.));
#10826=IFCEXTRUDEDAREASOLID(#10820,#10824,#10825,1.2);
#10827=IFCSHAPEREPRESENTATION(#11,'Body','SweptSolid',(#10826));
#10833=IFCCARTESIANPOINT((1.371857343245976,0.015000820159912109,0.));
#10834=IFCDIRECTION((0.,0.,1.));
#10835=IFCDIRECTION((0.99999999999954525,-9.5367431640581632E-07,0.));
#10836=IFCAXIS2PLACEMENT3D(#10833,#10834,#10835);
#10837=IFCLOCALPLACEMENT(#7606,#10836);
#10838=IFCCARTESIANPOINT((4.4408920985006262E-16,0.,0.));
#10839=IFCDIRECTION((0.,0.,1.));
#10840=IFCDIRECTION((1.,0.,0.));
#10841=IFCAXIS2PLACEMENT3D(#10838,#10839,#10840);
#10842=IFCLOCALPLACEMENT(#10837,#10841);
#10848=IFCCARTESIANPOINT((3.8563126008109476,0.10000094997141223,0.));
#10849=IFCDIRECTION((0.,0.,1.));
#10850=IFCDIRECTION((-0.99999999999999956,3.1664280912557796E-08,0.));
#10851=IFCAXIS2PLACEMENT3D(#10848,#10849,#10850);
#10852=IFCLOCALPLACEMENT(#7947,#10851);
#10853=IFCCARTESIANPOINT((-8.8817841970012523E-16,0.,0.));
#10854=IFCDIRECTION((0.,0.,1.));
#10855=IFCDIRECTION((1.,0.,0.));
#10856=IFCAXIS2PLACEMENT3D(#10853,#10854,#10855);
#10857=IFCLOCALPLACEMENT(#10852,#10856);
#10858=IFCWINDOWTYPE('1Q_CRN8AXCEus5BaypZQ$K',$,'BED 1 - 1 - 2F',$,$,(#10859),(#10861,#10869,#10917),$,$,.WINDOW.,.SINGLE_PANEL.,$,$);
#10859=IFCPROPERTYSET('2wY59cHj1DWvPJ4JVHr7dh',$,'BBIM_Window',$,(#10860));
#10860=IFCPROPERTYSINGLEVALUE('Data',$,IFCTEXT('{"window_type": "SINGLE_PANEL", "overall_height": 0.8999999761581421, "overall_width": 0.8007841110229492, "lining_properties": {"lining_depth": 0.05000000074505806, "lining_thickness": 0.05000000074505806, "lining_offset": 0.05000000074505806, "lining_to_panel_offset_x": 0.02500000037252903, "lining_to_panel_offset_y": 0.02500000037252903}, "panel_properties": {"frame_depth": [0.03500000014901161, 0.03500000014901161, 0.03500000014901161], "frame_thickness": [0.03500000014901161, 0.03500000014901161, 0.03500000014901161]}}'),$);
#10861=IFCREPRESENTATIONMAP(#10862,#11021);
#10862=IFCAXIS2PLACEMENT3D(#10863,#10864,#10865);
#10863=IFCCARTESIANPOINT((0.,0.,0.));
#10864=IFCDIRECTION((0.,0.,1.));
#10865=IFCDIRECTION((1.,0.,0.));
#10869=IFCREPRESENTATIONMAP(#10870,#11064);
#10870=IFCAXIS2PLACEMENT3D(#10871,#10872,#10873);
#10871=IFCCARTESIANPOINT((0.,0.,0.));
#10872=IFCDIRECTION((0.,0.,1.));
#10873=IFCDIRECTION((1.,0.,0.));
#10917=IFCREPRESENTATIONMAP(#10918,#11087);
#10918=IFCAXIS2PLACEMENT3D(#10919,#10920,#10921);
#10919=IFCCARTESIANPOINT((0.,0.,0.));
#10920=IFCDIRECTION((0.,0.,1.));
#10921=IFCDIRECTION((1.,0.,0.));
#10939=IFCWINDOW('3h2bf5_0f90BzmKAd1LEzR',$,'Window',$,$,#11112,#10948,$,0.89999997615814209,0.80078411102294922,$,.SINGLE_PANEL.,$);
#10940=IFCRELDEFINESBYTYPE('1LQiDdly1FhOy8dW3VlFeR',$,$,$,(#10939),#10858);
#10941=IFCCARTESIANPOINT((0.,0.,0.));
#10942=IFCDIRECTION((1.,0.,0.));
#10943=IFCDIRECTION((0.,1.,0.));
#10944=IFCDIRECTION((0.,0.,1.));
#10945=IFCCARTESIANTRANSFORMATIONOPERATOR3D(#10942,#10943,#10941,1.,#10944);
#10946=IFCMAPPEDITEM(#10861,#10945);
#10947=IFCSHAPEREPRESENTATION(#18,'Profile','MappedRepresentation',(#10946));
#10948=IFCPRODUCTDEFINITIONSHAPE($,$,(#10947,#10955,#10962));
#10949=IFCCARTESIANPOINT((0.,0.,0.));
#10950=IFCDIRECTION((1.,0.,0.));
#10951=IFCDIRECTION((0.,1.,0.));
#10952=IFCDIRECTION((0.,0.,1.));
#10953=IFCCARTESIANTRANSFORMATIONOPERATOR3D(#10950,#10951,#10949,1.,#10952);
#10954=IFCMAPPEDITEM(#10869,#10953);
#10955=IFCSHAPEREPRESENTATION(#11,'Body','MappedRepresentation',(#10954));
#10956=IFCCARTESIANPOINT((0.,0.,0.));
#10957=IFCDIRECTION((1.,0.,0.));
#10958=IFCDIRECTION((0.,1.,0.));
#10959=IFCDIRECTION((0.,0.,1.));
#10960=IFCCARTESIANTRANSFORMATIONOPERATOR3D(#10957,#10958,#10956,1.,#10959);
#10961=IFCMAPPEDITEM(#10917,#10960);
#10962=IFCSHAPEREPRESENTATION(#24,'Body','MappedRepresentation',(#10961));
#10963=IFCOPENINGELEMENT('3bcfWLSEr2CRu3woWEfusZ',$,'Opening',$,$,#11107,#10991,$,.OPENING.);
#10979=IFCCARTESIANPOINT((0.,0.,0.));
#10980=IFCDIRECTION((1.,0.,0.));
#10981=IFCDIRECTION((0.,0.,1.));
#10982=IFCAXIS2PLACEMENT3D(#10979,#10981,#10980);
#10983=IFCREPRESENTATIONMAP(#10982,#11097);
#10984=IFCCARTESIANPOINT((0.,0.,0.));
#10985=IFCDIRECTION((1.,0.,0.));
#10986=IFCDIRECTION((0.,1.,0.));
#10987=IFCDIRECTION((0.,0.,1.));
#10988=IFCCARTESIANTRANSFORMATIONOPERATOR3D(#10985,#10986,#10984,1.,#10987);
#10989=IFCMAPPEDITEM(#10983,#10988);
#10990=IFCSHAPEREPRESENTATION(#11,'Body','MappedRepresentation',(#10989));
#10991=IFCPRODUCTDEFINITIONSHAPE($,$,(#10990));
#10992=IFCRELVOIDSELEMENT('1O9HVNuOb5swqn$7JqBKh5',$,$,$,#7277,#10963);
#10998=IFCRELFILLSELEMENT('3hOj4Usk94eAx64Ur4as1z',$,$,$,#10963,#10939);
#11019=IFCCARTESIANPOINTLIST3D(((0.,0.,0.),(0.80078411102294922,0.,0.),(0.80078411102294922,0.,0.89999997615814209),(0.,0.,0.89999997615814209)));
#11020=IFCINDEXEDPOLYCURVE(#11019,(IFCLINEINDEX((1,2,3,4,1))),$);
#11021=IFCSHAPEREPRESENTATION(#18,'Profile','Curve3D',(#11020));
#11022=IFCCARTESIANPOINTLIST2D(((0.,0.),(0.80078411102294922,0.),(0.80078411102294922,0.89999997615814209),(0.,0.89999997615814209)));
#11023=IFCINDEXEDPOLYCURVE(#11022,(IFCLINEINDEX((1,2,3,4,1))),$);
#11024=IFCCARTESIANPOINTLIST2D(((0.02500000037252903,0.02500000037252903),(0.77578411065042019,0.02500000037252903),(0.77578411065042019,0.87499997578561306),(0.02500000037252903,0.87499997578561306)));
#11025=IFCINDEXEDPOLYCURVE(#11024,(IFCLINEINDEX((1,2,3,4,1))),$);
#11026=IFCARBITRARYPROFILEDEFWITHVOIDS(.AREA.,$,#11023,(#11025));
#11027=IFCCARTESIANPOINT((0.,0.090000001713633537,0.));
#11028=IFCDIRECTION((0.,-1.,0.));
#11029=IFCDIRECTION((1.,0.,0.));
#11030=IFCAXIS2PLACEMENT3D(#11027,#11028,#11029);
#11031=IFCDIRECTION((0.,0.,-1.));
#11032=IFCEXTRUDEDAREASOLID(#11026,#11030,#11031,0.0099999997764825821);
#11033=IFCCARTESIANPOINTLIST2D(((0.,0.),(0.80078411102294922,0.),(0.80078411102294922,0.89999997615814209),(0.,0.89999997615814209)));
#11034=IFCINDEXEDPOLYCURVE(#11033,(IFCLINEINDEX((1,2,3,4,1))),$);
#11035=IFCCARTESIANPOINTLIST2D(((0.05000000074505806,0.05000000074505806),(0.75078411027789116,0.05000000074505806),(0.75078411027789116,0.84999997541308403),(0.05000000074505806,0.84999997541308403)));
#11036=IFCINDEXEDPOLYCURVE(#11035,(IFCLINEINDEX((1,2,3,4,1))),$);
#11037=IFCARBITRARYPROFILEDEFWITHVOIDS(.AREA.,$,#11034,(#11036));
#11038=IFCCARTESIANPOINT((0.,0.05000000074505806,0.));
#11039=IFCDIRECTION((0.,-1.,0.));
#11040=IFCDIRECTION((1.,0.,0.));
#11041=IFCAXIS2PLACEMENT3D(#11038,#11039,#11040);
#11042=IFCDIRECTION((0.,0.,-1.));
#11043=IFCEXTRUDEDAREASOLID(#11037,#11041,#11042,0.040000000968575478);
#11044=IFCCARTESIANPOINTLIST2D(((0.,0.),(0.75078411027789116,0.),(0.75078411027789116,0.84999997541308403),(0.,0.84999997541308403)));
#11045=IFCINDEXEDPOLYCURVE(#11044,(IFCLINEINDEX((1,2,3,4,1))),$);
#11046=IFCCARTESIANPOINTLIST2D(((0.035000000149011612,0.035000000149011612),(0.71578411012887955,0.035000000149011612),(0.71578411012887955,0.81499997526407242),(0.035000000149011612,0.81499997526407242)));
#11047=IFCINDEXEDPOLYCURVE(#11046,(IFCLINEINDEX((1,2,3,4,1))),$);
#11048=IFCARBITRARYPROFILEDEFWITHVOIDS(.AREA.,$,#11045,(#11047));
#11049=IFCCARTESIANPOINT((0.02500000037252903,0.090000001713633537,0.02500000037252903));
#11050=IFCDIRECTION((0.,-1.,0.));
#11051=IFCDIRECTION((1.,0.,0.));
#11052=IFCAXIS2PLACEMENT3D(#11049,#11050,#11051);
#11053=IFCDIRECTION((0.,0.,-1.));
#11054=IFCEXTRUDEDAREASOLID(#11048,#11052,#11053,0.035000000149011612);
#11055=IFCINDEXEDPOLYCURVE(#11056,(IFCLINEINDEX((1,2,3,4,1))),$);
#11056=IFCCARTESIANPOINTLIST2D(((0.035000000149011612,0.035000000149011612),(0.71578411012887955,0.035000000149011612),(0.71578411012887955,0.81499997526407242),(0.035000000149011612,0.81499997526407242)));
#11057=IFCARBITRARYCLOSEDPROFILEDEF(.AREA.,$,#11055);
#11058=IFCCARTESIANPOINT((0.02500000037252903,0.10250000178813934,0.02500000037252903));
#11059=IFCDIRECTION((0.,-1.,0.));
#11060=IFCDIRECTION((1.,0.,0.));
#11061=IFCAXIS2PLACEMENT3D(#11058,#11059,#11060);
#11062=IFCDIRECTION((0.,0.,-1.));
#11063=IFCEXTRUDEDAREASOLID(#11057,#11061,#11062,0.01);
#11064=IFCSHAPEREPRESENTATION(#11,'Body','SweptSolid',(#11032,#11043,#11054,#11063));
#11065=IFCSHAPEREPRESENTATION(#11,'Body','SweptSolid',(#11032,#11043));
#11066=IFCSHAPEASPECT((#11065),'Lining',$,.T.,#10948);
#11067=IFCSHAPEREPRESENTATION(#11,'Body','SweptSolid',(#11054));
#11068=IFCSHAPEASPECT((#11067),'Framing',$,.T.,#10948);
#11069=IFCSHAPEREPRESENTATION(#11,'Body','SweptSolid',(#11063));
#11070=IFCSHAPEASPECT((#11069),'Glazing',$,.T.,#10948);
#11071=IFCCARTESIANPOINTLIST2D(((0.05000000074505806,0.05000000074505806),(0.75078411027789116,0.05000000074505806)));
#11072=IFCINDEXEDPOLYCURVE(#11071,$,$);
#11073=IFCCARTESIANPOINTLIST2D(((0.,0.10000000149011612),(0.02500000037252903,0.10000000149011612),(0.02500000037252903,0.090000001713633537),(0.05000000074505806,0.090000001713633537),(0.05000000074505806,0.05000000074505806),(0.,0.05000000074505806)));
#11074=IFCINDEXEDPOLYCURVE(#11073,(IFCLINEINDEX((1,2,3,4,5,6,1))),$);
#11075=IFCCARTESIANPOINTLIST2D(((0.80078411102294922,0.10000000149011612),(0.77578411065042019,0.10000000149011612),(0.77578411065042019,0.090000001713633537),(0.75078411027789116,0.090000001713633537),(0.75078411027789116,0.05000000074505806),(0.80078411102294922,0.05000000074505806)));
#11076=IFCINDEXEDPOLYCURVE(#11075,(IFCLINEINDEX((1,2,3,4,5,6,1))),$);
#11077=IFCCARTESIANPOINTLIST2D(((0.02500000037252903,0.090000001713633537),(0.060000000521540642,0.090000001713633537),(0.060000000521540642,0.12500000186264515),(0.02500000037252903,0.12500000186264515)));
#11078=IFCINDEXEDPOLYCURVE(#11077,(IFCLINEINDEX((1,2,3,4,1))),$);
#11079=IFCINDEXEDPOLYCURVE(#11080,(IFCLINEINDEX((1,2,3,4,1))),$);
#11080=IFCCARTESIANPOINTLIST2D(((0.77578411065042019,0.090000001713633537),(0.74078411050140858,0.090000001713633537),(0.74078411050140858,0.12500000186264515),(0.77578411065042019,0.12500000186264515)));
#11081=IFCCARTESIANPOINTLIST2D(((0.060000000521540642,0.090000001713633537),(0.74078411050140858,0.090000001713633537)));
#11082=IFCINDEXEDPOLYCURVE(#11081,$,$);
#11083=IFCINDEXEDPOLYCURVE(#11084,$,$);
#11084=IFCCARTESIANPOINTLIST2D(((0.060000000521540642,0.12500000186264515),(0.74078411050140858,0.12500000186264515)));
#11085=IFCINDEXEDPOLYCURVE(#11086,$,$);
#11086=IFCCARTESIANPOINTLIST2D(((0.060000000521540642,0.10750000178813934),(0.74078411050140858,0.10750000178813934)));
#11087=IFCSHAPEREPRESENTATION(#24,'Body','Curve2D',(#11072,#11074,#11076,#11078,#11079,#11082,#11083,#11085));
#11088=IFCCARTESIANPOINTLIST2D(((0.,0.),(0.80078411102294922,0.),(0.80078411102294922,0.89999997615814209),(0.,0.89999997615814209)));
#11089=IFCINDEXEDPOLYCURVE(#11088,(IFCLINEINDEX((1,2,3,4,1))),$);
#11090=IFCARBITRARYCLOSEDPROFILEDEF(.AREA.,$,#11089);
#11091=IFCCARTESIANPOINT((0.,-0.60000002384185791,0.));
#11092=IFCDIRECTION((0.,-1.,0.));
#11093=IFCDIRECTION((1.,0.,0.));
#11094=IFCAXIS2PLACEMENT3D(#11091,#11092,#11093);
#11095=IFCDIRECTION((0.,0.,-1.));
#11096=IFCEXTRUDEDAREASOLID(#11090,#11094,#11095,1.2);
#11097=IFCSHAPEREPRESENTATION(#11,'Body','SweptSolid',(#11096));
#11103=IFCCARTESIANPOINT((1.5362661569211218,3.6085231069904466E-07,1.));
#11104=IFCDIRECTION((0.,0.,1.));
#11105=IFCDIRECTION((0.99999999999999289,1.1920928244535129E-07,0.));
#11106=IFCAXIS2PLACEMENT3D(#11103,#11104,#11105);
#11107=IFCLOCALPLACEMENT(#7574,#11106);
#11108=IFCCARTESIANPOINT((0.,0.,0.));
#11109=IFCDIRECTION((0.,0.,1.));
#11110=IFCDIRECTION((1.,0.,0.));
#11111=IFCAXIS2PLACEMENT3D(#11108,#11109,#11110);
#11112=IFCLOCALPLACEMENT(#11107,#11111);
#11113=IFCWINDOWTYPE('1dhEMmbsD0ZO6HC22iy1v$',$,'BED 1 - 2 - 2F',$,$,(#11114),(#11116,#11124,#11210),$,$,.WINDOW.,.SINGLE_PANEL.,$,$);
#11114=IFCPROPERTYSET('1Sbmz3qhb2aQzk9IBJvpiy',$,'BBIM_Window',$,(#11115));
#11115=IFCPROPERTYSINGLEVALUE('Data',$,IFCTEXT('{"window_type": "DOUBLE_PANEL_VERTICAL", "overall_height": 0.8999999761581421, "overall_width": 1.208295226097107, "lining_properties": {"lining_depth": 0.05000000074505806, "lining_thickness": 0.05000000074505806, "lining_offset": 0.05000000074505806, "lining_to_panel_offset_x": 0.02500000037252903, "lining_to_panel_offset_y": 0.02500000037252903, "mullion_thickness": 0.05000000074505806, "first_mullion_offset": 0.5747082829475403}, "panel_properties": {"frame_depth": [0.03500000014901161, 0.03500000014901161, 0.03500000014901161], "frame_thickness": [0.03500000014901161, 0.03500000014901161, 0.03500000014901161]}}'),$);
#11116=IFCREPRESENTATIONMAP(#11117,#11330);
#11117=IFCAXIS2PLACEMENT3D(#11118,#11119,#11120);
#11118=IFCCARTESIANPOINT((0.,0.,0.));
#11119=IFCDIRECTION((0.,0.,1.));
#11120=IFCDIRECTION((1.,0.,0.));
#11124=IFCREPRESENTATIONMAP(#11125,#11411);
#11125=IFCAXIS2PLACEMENT3D(#11126,#11127,#11128);
#11126=IFCCARTESIANPOINT((0.,0.,0.));
#11127=IFCDIRECTION((0.,0.,1.));
#11128=IFCDIRECTION((1.,0.,0.));
#11210=IFCREPRESENTATIONMAP(#11211,#11450);
#11211=IFCAXIS2PLACEMENT3D(#11212,#11213,#11214);
#11212=IFCCARTESIANPOINT((0.,0.,0.));
#11213=IFCDIRECTION((0.,0.,1.));
#11214=IFCDIRECTION((1.,0.,0.));
#11248=IFCWINDOW('1JmKpY1Nj1bRDAdd0vSNT_',$,'Window',$,$,#11475,#11257,$,0.89999997615814209,1.2082952260971069,$,.DOUBLE_PANEL_VERTICAL.,$);
#11249=IFCRELDEFINESBYTYPE('34YIYlAZv86utlIOZbADX9',$,$,$,(#11248),#11113);
#11250=IFCCARTESIANPOINT((0.,0.,0.));
#11251=IFCDIRECTION((1.,0.,0.));
#11252=IFCDIRECTION((0.,1.,0.));
#11253=IFCDIRECTION((0.,0.,1.));
#11254=IFCCARTESIANTRANSFORMATIONOPERATOR3D(#11251,#11252,#11250,1.,#11253);
#11255=IFCMAPPEDITEM(#11116,#11254);
#11256=IFCSHAPEREPRESENTATION(#18,'Profile','MappedRepresentation',(#11255));
#11257=IFCPRODUCTDEFINITIONSHAPE($,$,(#11256,#11264,#11271));
#11258=IFCCARTESIANPOINT((0.,0.,0.));
#11259=IFCDIRECTION((1.,0.,0.));
#11260=IFCDIRECTION((0.,1.,0.));
#11261=IFCDIRECTION((0.,0.,1.));
#11262=IFCCARTESIANTRANSFORMATIONOPERATOR3D(#11259,#11260,#11258,1.,#11261);
#11263=IFCMAPPEDITEM(#11124,#11262);
#11264=IFCSHAPEREPRESENTATION(#11,'Body','MappedRepresentation',(#11263));
#11265=IFCCARTESIANPOINT((0.,0.,0.));
#11266=IFCDIRECTION((1.,0.,0.));
#11267=IFCDIRECTION((0.,1.,0.));
#11268=IFCDIRECTION((0.,0.,1.));
#11269=IFCCARTESIANTRANSFORMATIONOPERATOR3D(#11266,#11267,#11265,1.,#11268);
#11270=IFCMAPPEDITEM(#11210,#11269);
#11271=IFCSHAPEREPRESENTATION(#24,'Body','MappedRepresentation',(#11270));
#11272=IFCOPENINGELEMENT('2_4Jw$$_nByfj7H96iVXIz',$,'Opening',$,$,#11470,#11300,$,.OPENING.);
#11288=IFCCARTESIANPOINT((0.,0.,0.));
#11289=IFCDIRECTION((1.,0.,0.));
#11290=IFCDIRECTION((0.,0.,1.));
#11291=IFCAXIS2PLACEMENT3D(#11288,#11290,#11289);
#11292=IFCREPRESENTATIONMAP(#11291,#11460);
#11293=IFCCARTESIANPOINT((0.,0.,0.));
#11294=IFCDIRECTION((1.,0.,0.));
#11295=IFCDIRECTION((0.,1.,0.));
#11296=IFCDIRECTION((0.,0.,1.));
#11297=IFCCARTESIANTRANSFORMATIONOPERATOR3D(#11294,#11295,#11293,1.,#11296);
#11298=IFCMAPPEDITEM(#11292,#11297);
#11299=IFCSHAPEREPRESENTATION(#11,'Body','MappedRepresentation',(#11298));
#11300=IFCPRODUCTDEFINITIONSHAPE($,$,(#11299));
#11301=IFCRELVOIDSELEMENT('3u1_R0dzD1fhkqRwzeIaC8',$,$,$,#7252,#11272);
#11307=IFCRELFILLSELEMENT('3tTTxztTn6C84Qclr1PQ7f',$,$,$,#11272,#11248);
#11328=IFCCARTESIANPOINTLIST3D(((0.,0.,0.),(1.2082952260971069,0.,0.),(1.2082952260971069,0.,0.89999997615814209),(0.,0.,0.89999997615814209)));
#11329=IFCINDEXEDPOLYCURVE(#11328,(IFCLINEINDEX((1,2,3,4,1))),$);
#11330=IFCSHAPEREPRESENTATION(#18,'Profile','Curve3D',(#11329));
#11331=IFCCARTESIANPOINTLIST2D(((0.57470828294754028,0.),(0.,0.),(0.,0.89999997615814209),(0.57470828294754028,0.89999997615814209),(0.57470828294754028,0.87499997578561306),(0.02500000037252903,0.87499997578561306),(0.02500000037252903,0.02500000037252903),(0.57470828294754028,0.02500000037252903)));
#11332=IFCINDEXEDPOLYCURVE(#11331,(IFCLINEINDEX((1,2,3,4,5,6,7,8,1))),$);
#11333=IFCARBITRARYCLOSEDPROFILEDEF(.AREA.,$,#11332);
#11334=IFCCARTESIANPOINT((0.,0.090000001713633537,0.));
#11335=IFCDIRECTION((0.,-1.,0.));
#11336=IFCDIRECTION((1.,0.,0.));
#11337=IFCAXIS2PLACEMENT3D(#11334,#11335,#11336);
#11338=IFCDIRECTION((0.,0.,-1.));
#11339=IFCEXTRUDEDAREASOLID(#11333,#11337,#11338,0.0099999997764825821);
#11340=IFCCARTESIANPOINTLIST2D(((0.,0.),(0.57470828294754028,0.),(0.57470828294754028,0.89999997615814209),(0.,0.89999997615814209)));
#11341=IFCINDEXEDPOLYCURVE(#11340,(IFCLINEINDEX((1,2,3,4,1))),$);
#11342=IFCCARTESIANPOINTLIST2D(((0.05000000074505806,0.05000000074505806),(0.54970828257501125,0.05000000074505806),(0.54970828257501125,0.84999997541308403),(0.05000000074505806,0.84999997541308403)));
#11343=IFCINDEXEDPOLYCURVE(#11342,(IFCLINEINDEX((1,2,3,4,1))),$);
#11344=IFCARBITRARYPROFILEDEFWITHVOIDS(.AREA.,$,#11341,(#11343));
#11345=IFCCARTESIANPOINT((0.,0.05000000074505806,0.));
#11346=IFCDIRECTION((0.,-1.,0.));
#11347=IFCDIRECTION((1.,0.,0.));
#11348=IFCAXIS2PLACEMENT3D(#11345,#11346,#11347);
#11349=IFCDIRECTION((0.,0.,-1.));
#11350=IFCEXTRUDEDAREASOLID(#11344,#11348,#11349,0.040000000968575478);
#11351=IFCCARTESIANPOINTLIST2D(((0.,0.),(0.54970828257501125,0.),(0.54970828257501125,0.84999997541308403),(0.,0.84999997541308403)));
#11352=IFCINDEXEDPOLYCURVE(#11351,(IFCLINEINDEX((1,2,3,4,1))),$);
#11353=IFCCARTESIANPOINTLIST2D(((0.035000000149011612,0.035000000149011612),(0.51470828242599964,0.035000000149011612),(0.51470828242599964,0.81499997526407242),(0.035000000149011612,0.81499997526407242)));
#11354=IFCINDEXEDPOLYCURVE(#11353,(IFCLINEINDEX((1,2,3,4,1))),$);
#11355=IFCARBITRARYPROFILEDEFWITHVOIDS(.AREA.,$,#11352,(#11354));
#11356=IFCCARTESIANPOINT((0.02500000037252903,0.090000001713633537,0.02500000037252903));
#11357=IFCDIRECTION((0.,-1.,0.));
#11358=IFCDIRECTION((1.,0.,0.));
#11359=IFCAXIS2PLACEMENT3D(#11356,#11357,#11358);
#11360=IFCDIRECTION((0.,0.,-1.));
#11361=IFCEXTRUDEDAREASOLID(#11355,#11359,#11360,0.035000000149011612);
#11362=IFCINDEXEDPOLYCURVE(#11363,(IFCLINEINDEX((1,2,3,4,1))),$);
#11363=IFCCARTESIANPOINTLIST2D(((0.035000000149011612,0.035000000149011612),(0.51470828242599964,0.035000000149011612),(0.51470828242599964,0.81499997526407242),(0.035000000149011612,0.81499997526407242)));
#11364=IFCARBITRARYCLOSEDPROFILEDEF(.AREA.,$,#11362);
#11365=IFCCARTESIANPOINT((0.02500000037252903,0.10250000178813934,0.02500000037252903));
#11366=IFCDIRECTION((0.,-1.,0.));
#11367=IFCDIRECTION((1.,0.,0.));
#11368=IFCAXIS2PLACEMENT3D(#11365,#11366,#11367);
#11369=IFCDIRECTION((0.,0.,-1.));
#11370=IFCEXTRUDEDAREASOLID(#11364,#11368,#11369,0.01);
#11371=IFCCARTESIANPOINTLIST2D(((0.,0.89999997615814209),(0.63358694314956665,0.89999997615814209),(0.63358694314956665,0.),(0.,0.),(0.,0.02500000037252903),(0.60858694277703762,0.02500000037252903),(0.60858694277703762,0.87499997578561306),(0.,0.87499997578561306)));
#11372=IFCINDEXEDPOLYCURVE(#11371,(IFCLINEINDEX((1,2,3,4,5,6,7,8,1))),$);
#11373=IFCARBITRARYCLOSEDPROFILEDEF(.AREA.,$,#11372);
#11374=IFCCARTESIANPOINT((0.57470828294754028,0.090000001713633537,0.));
#11375=IFCDIRECTION((0.,-1.,0.));
#11376=IFCDIRECTION((1.,0.,0.));
#11377=IFCAXIS2PLACEMENT3D(#11374,#11375,#11376);
#11378=IFCDIRECTION((0.,0.,-1.));
#11379=IFCEXTRUDEDAREASOLID(#11373,#11377,#11378,0.0099999997764825821);
#11380=IFCCARTESIANPOINTLIST2D(((0.,0.),(0.63358694314956665,0.),(0.63358694314956665,0.89999997615814209),(0.,0.89999997615814209)));
#11381=IFCINDEXEDPOLYCURVE(#11380,(IFCLINEINDEX((1,2,3,4,1))),$);
#11382=IFCCARTESIANPOINTLIST2D(((0.02500000037252903,0.05000000074505806),(0.58358694240450859,0.05000000074505806),(0.58358694240450859,0.84999997541308403),(0.02500000037252903,0.84999997541308403)));
#11383=IFCINDEXEDPOLYCURVE(#11382,(IFCLINEINDEX((1,2,3,4,1))),$);
#11384=IFCARBITRARYPROFILEDEFWITHVOIDS(.AREA.,$,#11381,(#11383));
#11385=IFCCARTESIANPOINT((0.57470828294754028,0.05000000074505806,0.));
#11386=IFCDIRECTION((0.,-1.,0.));
#11387=IFCDIRECTION((1.,0.,0.));
#11388=IFCAXIS2PLACEMENT3D(#11385,#11386,#11387);
#11389=IFCDIRECTION((0.,0.,-1.));
#11390=IFCEXTRUDEDAREASOLID(#11384,#11388,#11389,0.040000000968575478);
#11391=IFCCARTESIANPOINTLIST2D(((0.,0.),(0.60858694277703762,0.),(0.60858694277703762,0.84999997541308403),(0.,0.84999997541308403)));
#11392=IFCINDEXEDPOLYCURVE(#11391,(IFCLINEINDEX((1,2,3,4,1))),$);
#11393=IFCCARTESIANPOINTLIST2D(((0.035000000149011612,0.035000000149011612),(0.57358694262802601,0.035000000149011612),(0.57358694262802601,0.81499997526407242),(0.035000000149011612,0.81499997526407242)));
#11394=IFCINDEXEDPOLYCURVE(#11393,(IFCLINEINDEX((1,2,3,4,1))),$);
#11395=IFCARBITRARYPROFILEDEFWITHVOIDS(.AREA.,$,#11392,(#11394));
#11396=IFCCARTESIANPOINT((0.57470828294754028,0.090000001713633537,0.02500000037252903));
#11397=IFCDIRECTION((0.,-1.,0.));
#11398=IFCDIRECTION((1.,0.,0.));
#11399=IFCAXIS2PLACEMENT3D(#11396,#11397,#11398);
#11400=IFCDIRECTION((0.,0.,-1.));
#11401=IFCEXTRUDEDAREASOLID(#11395,#11399,#11400,0.035000000149011612);
#11402=IFCINDEXEDPOLYCURVE(#11403,(IFCLINEINDEX((1,2,3,4,1))),$);
#11403=IFCCARTESIANPOINTLIST2D(((0.035000000149011612,0.035000000149011612),(0.57358694262802601,0.035000000149011612),(0.57358694262802601,0.81499997526407242),(0.035000000149011612,0.81499997526407242)));
#11404=IFCARBITRARYCLOSEDPROFILEDEF(.AREA.,$,#11402);
#11405=IFCCARTESIANPOINT((0.57470828294754028,0.10250000178813934,0.02500000037252903));
#11406=IFCDIRECTION((0.,-1.,0.));
#11407=IFCDIRECTION((1.,0.,0.));
#11408=IFCAXIS2PLACEMENT3D(#11405,#11406,#11407);
#11409=IFCDIRECTION((0.,0.,-1.));
#11410=IFCEXTRUDEDAREASOLID(#11404,#11408,#11409,0.01);
#11411=IFCSHAPEREPRESENTATION(#11,'Body','SweptSolid',(#11339,#11350,#11361,#11370,#11379,#11390,#11401,#11410));
#11412=IFCSHAPEREPRESENTATION(#11,'Body','SweptSolid',(#11339,#11350,#11379,#11390));
#11413=IFCSHAPEASPECT((#11412),'Lining',$,.T.,#11257);
#11414=IFCSHAPEREPRESENTATION(#11,'Body','SweptSolid',(#11361,#11401));
#11415=IFCSHAPEASPECT((#11414),'Framing',$,.T.,#11257);
#11416=IFCSHAPEREPRESENTATION(#11,'Body','SweptSolid',(#11370,#11410));
#11417=IFCSHAPEASPECT((#11416),'Glazing',$,.T.,#11257);
#11418=IFCCARTESIANPOINTLIST2D(((0.05000000074505806,0.05000000074505806),(0.54970828257501125,0.05000000074505806)));
#11419=IFCINDEXEDPOLYCURVE(#11418,$,$);
#11420=IFCCARTESIANPOINTLIST2D(((0.,0.10000000149011612),(0.02500000037252903,0.10000000149011612),(0.02500000037252903,0.090000001713633537),(0.05000000074505806,0.090000001713633537),(0.05000000074505806,0.05000000074505806),(0.,0.05000000074505806)));
#11421=IFCINDEXEDPOLYCURVE(#11420,(IFCLINEINDEX((1,2,3,4,5,6,1))),$);
#11422=IFCCARTESIANPOINTLIST2D(((0.57470828294754028,0.10000000149011612),(0.57470828294754028,0.10000000149011612),(0.57470828294754028,0.090000001713633537),(0.54970828257501125,0.090000001713633537),(0.54970828257501125,0.05000000074505806),(0.57470828294754028,0.05000000074505806)));
#11423=IFCINDEXEDPOLYCURVE(#11422,$,$);
#11424=IFCCARTESIANPOINTLIST2D(((0.02500000037252903,0.090000001713633537),(0.060000000521540642,0.090000001713633537),(0.060000000521540642,0.12500000186264515),(0.02500000037252903,0.12500000186264515)));
#11425=IFCINDEXEDPOLYCURVE(#11424,(IFCLINEINDEX((1,2,3,4,1))),$);
#11426=IFCINDEXEDPOLYCURVE(#11427,(IFCLINEINDEX((1,2,3,4,1))),$);
#11427=IFCCARTESIANPOINTLIST2D(((0.57470828294754028,0.090000001713633537),(0.53970828279852867,0.090000001713633537),(0.53970828279852867,0.12500000186264515),(0.57470828294754028,0.12500000186264515)));
#11428=IFCCARTESIANPOINTLIST2D(((0.060000000521540642,0.090000001713633537),(0.53970828279852867,0.090000001713633537)));
#11429=IFCINDEXEDPOLYCURVE(#11428,$,$);
#11430=IFCINDEXEDPOLYCURVE(#11431,$,$);
#11431=IFCCARTESIANPOINTLIST2D(((0.060000000521540642,0.12500000186264515),(0.53970828279852867,0.12500000186264515)));
#11432=IFCINDEXEDPOLYCURVE(#11433,$,$);
#11433=IFCCARTESIANPOINTLIST2D(((0.060000000521540642,0.10750000178813934),(0.53970828279852867,0.10750000178813934)));
#11434=IFCCARTESIANPOINTLIST2D(((0.59970828332006931,0.05000000074505806),(1.1582952253520489,0.05000000074505806)));
#11435=IFCINDEXEDPOLYCURVE(#11434,$,$);
#11436=IFCCARTESIANPOINTLIST2D(((0.57470828294754028,0.10000000149011612),(0.57470828294754028,0.10000000149011612),(0.57470828294754028,0.090000001713633537),(0.59970828332006931,0.090000001713633537),(0.59970828332006931,0.05000000074505806),(0.57470828294754028,0.05000000074505806)));
#11437=IFCINDEXEDPOLYCURVE(#11436,$,$);
#11438=IFCCARTESIANPOINTLIST2D(((1.2082952260971069,0.10000000149011612),(1.1832952257245779,0.10000000149011612),(1.1832952257245779,0.090000001713633537),(1.1582952253520489,0.090000001713633537),(1.1582952253520489,0.05000000074505806),(1.2082952260971069,0.05000000074505806)));
#11439=IFCINDEXEDPOLYCURVE(#11438,(IFCLINEINDEX((1,2,3,4,5,6,1))),$);
#11440=IFCCARTESIANPOINTLIST2D(((0.57470828294754028,0.090000001713633537),(0.6097082830965519,0.090000001713633537),(0.6097082830965519,0.12500000186264515),(0.57470828294754028,0.12500000186264515)));
#11441=IFCINDEXEDPOLYCURVE(#11440,(IFCLINEINDEX((1,2,3,4,1))),$);
#11442=IFCINDEXEDPOLYCURVE(#11443,(IFCLINEINDEX((1,2,3,4,1))),$);
#11443=IFCCARTESIANPOINTLIST2D(((1.1832952257245779,0.090000001713633537),(1.1482952255755663,0.090000001713633537),(1.1482952255755663,0.12500000186264515),(1.1832952257245779,0.12500000186264515)));
#11444=IFCCARTESIANPOINTLIST2D(((0.6097082830965519,0.090000001713633537),(1.1482952255755663,0.090000001713633537)));
#11445=IFCINDEXEDPOLYCURVE(#11444,$,$);
#11446=IFCINDEXEDPOLYCURVE(#11447,$,$);
#11447=IFCCARTESIANPOINTLIST2D(((0.6097082830965519,0.12500000186264515),(1.1482952255755663,0.12500000186264515)));
#11448=IFCINDEXEDPOLYCURVE(#11449,$,$);
#11449=IFCCARTESIANPOINTLIST2D(((0.6097082830965519,0.10750000178813934),(1.1482952255755663,0.10750000178813934)));
#11450=IFCSHAPEREPRESENTATION(#24,'Body','Curve2D',(#11419,#11421,#11423,#11425,#11426,#11429,#11430,#11432,#11435,#11437,#11439,#11441,#11442,#11445,#11446,#11448));
#11451=IFCCARTESIANPOINTLIST2D(((0.,0.),(1.2082952260971069,0.),(1.2082952260971069,0.89999997615814209),(0.,0.89999997615814209)));
#11452=IFCINDEXEDPOLYCURVE(#11451,(IFCLINEINDEX((1,2,3,4,1))),$);
#11453=IFCARBITRARYCLOSEDPROFILEDEF(.AREA.,$,#11452);
#11454=IFCCARTESIANPOINT((0.,-0.60000002384185791,0.));
#11455=IFCDIRECTION((0.,-1.,0.));
#11456=IFCDIRECTION((1.,0.,0.));
#11457=IFCAXIS2PLACEMENT3D(#11454,#11455,#11456);
#11458=IFCDIRECTION((0.,0.,-1.));
#11459=IFCEXTRUDEDAREASOLID(#11453,#11457,#11458,1.2);
#11460=IFCSHAPEREPRESENTATION(#11,'Body','SweptSolid',(#11459));
#11466=IFCCARTESIANPOINT((0.45976026356220068,4.0193518735520684E-08,1.));
#11467=IFCDIRECTION((0.,0.,1.));
#11468=IFCDIRECTION((0.99999999999995448,-3.0199159084529453E-07,0.));
#11469=IFCAXIS2PLACEMENT3D(#11466,#11467,#11468);
#11470=IFCLOCALPLACEMENT(#7263,#11469);
#11471=IFCCARTESIANPOINT((0.,0.,0.));
#11472=IFCDIRECTION((0.,0.,1.));
#11473=IFCDIRECTION((1.,-5.2939559203393771E-23,0.));
#11474=IFCAXIS2PLACEMENT3D(#11471,#11472,#11473);
#11475=IFCLOCALPLACEMENT(#11470,#11474);
#11476=IFCWINDOWTYPE('0H6FhT_ln1tgZvxbhKbyvA',$,'BATHROOM - 2F',$,$,(#11477),(#11479,#11487,#11535),$,$,.WINDOW.,.SINGLE_PANEL.,$,$);
#11477=IFCPROPERTYSET('23w6rdh9H3aRp23shgUWb0',$,'BBIM_Window',$,(#11478));
#11478=IFCPROPERTYSINGLEVALUE('Data',$,IFCTEXT('{"window_type": "DOUBLE_PANEL_VERTICAL", "overall_height": 0.8999999761581421, "overall_width": 1.2095412015914917, "lining_properties": {"lining_depth": 0.05000000074505806, "lining_thickness": 0.05000000074505806, "lining_offset": 0.05000000074505806, "lining_to_panel_offset_x": 0.02500000037252903, "lining_to_panel_offset_y": 0.02500000037252903, "mullion_thickness": 0.05000000074505806, "first_mullion_offset": 0.6140289902687073}, "panel_properties": {"frame_depth": [0.03500000014901161, 0.03500000014901161, 0.03500000014901161], "frame_thickness": [0.03500000014901161, 0.03500000014901161, 0.03500000014901161]}}'),$);
#11479=IFCREPRESENTATIONMAP(#11480,#12095);
#11480=IFCAXIS2PLACEMENT3D(#11481,#11482,#11483);
#11481=IFCCARTESIANPOINT((0.,0.,0.));
#11482=IFCDIRECTION((0.,0.,1.));
#11483=IFCDIRECTION((1.,0.,0.));
#11487=IFCREPRESENTATIONMAP(#11488,#12176);
#11488=IFCAXIS2PLACEMENT3D(#11489,#11490,#11491);
#11489=IFCCARTESIANPOINT((0.,0.,0.));
#11490=IFCDIRECTION((0.,0.,1.));
#11491=IFCDIRECTION((1.,0.,0.));
#11535=IFCREPRESENTATIONMAP(#11536,#12209);
#11536=IFCAXIS2PLACEMENT3D(#11537,#11538,#11539);
#11537=IFCCARTESIANPOINT((0.,0.,0.));
#11538=IFCDIRECTION((0.,0.,1.));
#11539=IFCDIRECTION((1.,0.,0.));
#11557=IFCWINDOW('2po1Au45113PPbL5ly09wS',$,'Window',$,$,#12249,#11566,$,0.89999997615814209,1.2095412015914917,$,.SINGLE_PANEL.,$);
#11558=IFCRELDEFINESBYTYPE('0gFF$jgOPC5eERTdYa_eeu',$,$,$,(#11866,#11557),#11476);
#11559=IFCCARTESIANPOINT((0.,0.,0.));
#11560=IFCDIRECTION((1.,0.,0.));
#11561=IFCDIRECTION((0.,1.,0.));
#11562=IFCDIRECTION((0.,0.,1.));
#11563=IFCCARTESIANTRANSFORMATIONOPERATOR3D(#11560,#11561,#11559,1.,#11562);
#11564=IFCMAPPEDITEM(#11479,#11563);
#11565=IFCSHAPEREPRESENTATION(#18,'Profile','MappedRepresentation',(#11564));
#11566=IFCPRODUCTDEFINITIONSHAPE($,$,(#11565,#11573,#11580));
#11567=IFCCARTESIANPOINT((0.,0.,0.));
#11568=IFCDIRECTION((1.,0.,0.));
#11569=IFCDIRECTION((0.,1.,0.));
#11570=IFCDIRECTION((0.,0.,1.));
#11571=IFCCARTESIANTRANSFORMATIONOPERATOR3D(#11568,#11569,#11567,1.,#11570);
#11572=IFCMAPPEDITEM(#11487,#11571);
#11573=IFCSHAPEREPRESENTATION(#11,'Body','MappedRepresentation',(#11572));
#11574=IFCCARTESIANPOINT((0.,0.,0.));
#11575=IFCDIRECTION((1.,0.,0.));
#11576=IFCDIRECTION((0.,1.,0.));
#11577=IFCDIRECTION((0.,0.,1.));
#11578=IFCCARTESIANTRANSFORMATIONOPERATOR3D(#11575,#11576,#11574,1.,#11577);
#11579=IFCMAPPEDITEM(#11535,#11578);
#11580=IFCSHAPEREPRESENTATION(#24,'Body','MappedRepresentation',(#11579));
#11581=IFCOPENINGELEMENT('1YhSUOwrD9B8L2HzEiHCWW',$,'Opening',$,$,#12244,#11609,$,.OPENING.);
#11597=IFCCARTESIANPOINT((0.,0.,0.));
#11598=IFCDIRECTION((1.,0.,0.));
#11599=IFCDIRECTION((0.,0.,1.));
#11600=IFCAXIS2PLACEMENT3D(#11597,#11599,#11598);
#11601=IFCREPRESENTATIONMAP(#11600,#12219);
#11602=IFCCARTESIANPOINT((0.,0.,0.));
#11603=IFCDIRECTION((1.,0.,0.));
#11604=IFCDIRECTION((0.,1.,0.));
#11605=IFCDIRECTION((0.,0.,1.));
#11606=IFCCARTESIANTRANSFORMATIONOPERATOR3D(#11603,#11604,#11602,1.,#11605);
#11607=IFCMAPPEDITEM(#11601,#11606);
#11608=IFCSHAPEREPRESENTATION(#11,'Body','MappedRepresentation',(#11607));
#11609=IFCPRODUCTDEFINITIONSHAPE($,$,(#11608));
#11610=IFCRELVOIDSELEMENT('2Xk$eLu6DFS845YaHe1Tl0',$,$,$,#7775,#11581);
#11616=IFCRELFILLSELEMENT('3cizO9woX9D8muiLJEWhey',$,$,$,#11581,#11557);
#11640=IFCCARTESIANPOINTLIST2D(((0.,0.),(0.5961834192276001,0.),(0.5961834192276001,0.89999997615814209),(0.,0.89999997615814209)));
#11641=IFCINDEXEDPOLYCURVE(#11640,(IFCLINEINDEX((1,2,3,4,1))),$);
#11642=IFCCARTESIANPOINTLIST2D(((0.02500000037252903,0.02500000037252903),(0.57118341885507107,0.02500000037252903),(0.57118341885507107,0.87499997578561306),(0.02500000037252903,0.87499997578561306)));
#11643=IFCINDEXEDPOLYCURVE(#11642,(IFCLINEINDEX((1,2,3,4,1))),$);
#11644=IFCARBITRARYPROFILEDEFWITHVOIDS(.AREA.,$,#11641,(#11643));
#11645=IFCCARTESIANPOINT((0.,0.090000001713633537,0.));
#11646=IFCDIRECTION((0.,-1.,0.));
#11647=IFCDIRECTION((1.,0.,0.));
#11648=IFCAXIS2PLACEMENT3D(#11645,#11646,#11647);
#11649=IFCDIRECTION((0.,0.,-1.));
#11650=IFCEXTRUDEDAREASOLID(#11644,#11648,#11649,0.0099999997764825821);
#11651=IFCCARTESIANPOINTLIST2D(((0.,0.),(0.5961834192276001,0.),(0.5961834192276001,0.89999997615814209),(0.,0.89999997615814209)));
#11652=IFCINDEXEDPOLYCURVE(#11651,(IFCLINEINDEX((1,2,3,4,1))),$);
#11653=IFCCARTESIANPOINTLIST2D(((0.05000000074505806,0.05000000074505806),(0.54618341848254204,0.05000000074505806),(0.54618341848254204,0.84999997541308403),(0.05000000074505806,0.84999997541308403)));
#11654=IFCINDEXEDPOLYCURVE(#11653,(IFCLINEINDEX((1,2,3,4,1))),$);
#11655=IFCARBITRARYPROFILEDEFWITHVOIDS(.AREA.,$,#11652,(#11654));
#11656=IFCCARTESIANPOINT((0.,0.05000000074505806,0.));
#11657=IFCDIRECTION((0.,-1.,0.));
#11658=IFCDIRECTION((1.,0.,0.));
#11659=IFCAXIS2PLACEMENT3D(#11656,#11657,#11658);
#11660=IFCDIRECTION((0.,0.,-1.));
#11661=IFCEXTRUDEDAREASOLID(#11655,#11659,#11660,0.040000000968575478);
#11662=IFCCARTESIANPOINTLIST2D(((0.,0.),(0.54618341848254204,0.),(0.54618341848254204,0.84999997541308403),(0.,0.84999997541308403)));
#11663=IFCINDEXEDPOLYCURVE(#11662,(IFCLINEINDEX((1,2,3,4,1))),$);
#11664=IFCCARTESIANPOINTLIST2D(((0.035000000149011612,0.035000000149011612),(0.51118341833353043,0.035000000149011612),(0.51118341833353043,0.81499997526407242),(0.035000000149011612,0.81499997526407242)));
#11665=IFCINDEXEDPOLYCURVE(#11664,(IFCLINEINDEX((1,2,3,4,1))),$);
#11666=IFCARBITRARYPROFILEDEFWITHVOIDS(.AREA.,$,#11663,(#11665));
#11667=IFCCARTESIANPOINT((0.02500000037252903,0.090000001713633537,0.02500000037252903));
#11668=IFCDIRECTION((0.,-1.,0.));
#11669=IFCDIRECTION((1.,0.,0.));
#11670=IFCAXIS2PLACEMENT3D(#11667,#11668,#11669);
#11671=IFCDIRECTION((0.,0.,-1.));
#11672=IFCEXTRUDEDAREASOLID(#11666,#11670,#11671,0.035000000149011612);
#11673=IFCINDEXEDPOLYCURVE(#11674,(IFCLINEINDEX((1,2,3,4,1))),$);
#11674=IFCCARTESIANPOINTLIST2D(((0.035000000149011612,0.035000000149011612),(0.51118341833353043,0.035000000149011612),(0.51118341833353043,0.81499997526407242),(0.035000000149011612,0.81499997526407242)));
#11675=IFCARBITRARYCLOSEDPROFILEDEF(.AREA.,$,#11673);
#11676=IFCCARTESIANPOINT((0.02500000037252903,0.10250000178813934,0.02500000037252903));
#11677=IFCDIRECTION((0.,-1.,0.));
#11678=IFCDIRECTION((1.,0.,0.));
#11679=IFCAXIS2PLACEMENT3D(#11676,#11677,#11678);
#11680=IFCDIRECTION((0.,0.,-1.));
#11681=IFCEXTRUDEDAREASOLID(#11675,#11679,#11680,0.01);
#11683=IFCSHAPEREPRESENTATION(#11,'Body','SweptSolid',(#11650,#11661));
#11684=IFCSHAPEASPECT((#11683),'Lining',$,.T.,#11566);
#11685=IFCSHAPEREPRESENTATION(#11,'Body','SweptSolid',(#11672));
#11686=IFCSHAPEASPECT((#11685),'Framing',$,.T.,#11566);
#11687=IFCSHAPEREPRESENTATION(#11,'Body','SweptSolid',(#11681));
#11688=IFCSHAPEASPECT((#11687),'Glazing',$,.T.,#11566);
#11731=IFCWINDOWTYPE('0XoF8iY5D5zuuWaUA8J7kL',$,'BED - 2F',$,$,(#11732),(#11734,#11742,#11828),$,$,.WINDOW.,.SINGLE_PANEL.,$,$);
#11732=IFCPROPERTYSET('1KOXhSbcTDpws$Tle6g28E',$,'BBIM_Window',$,(#11733));
#11733=IFCPROPERTYSINGLEVALUE('Data',$,IFCTEXT('{"window_type": "DOUBLE_PANEL_VERTICAL", "overall_height": 0.8999999761581421, "overall_width": 1.2082953453063965, "lining_properties": {"lining_depth": 0.05000000074505806, "lining_thickness": 0.05000000074505806, "lining_offset": 0.05000000074505806, "lining_to_panel_offset_x": 0.02500000037252903, "lining_to_panel_offset_y": 0.02500000037252903, "mullion_thickness": 0.05000000074505806, "first_mullion_offset": 0.6206567883491516}, "panel_properties": {"frame_depth": [0.03500000014901161, 0.03500000014901161, 0.03500000014901161], "frame_thickness": [0.03500000014901161, 0.03500000014901161, 0.03500000014901161]}}'),$);
#11734=IFCREPRESENTATIONMAP(#11735,#11739);
#11735=IFCAXIS2PLACEMENT3D(#11736,#11737,#11738);
#11736=IFCCARTESIANPOINT((0.,0.,0.));
#11737=IFCDIRECTION((0.,0.,1.));
#11738=IFCDIRECTION((1.,0.,0.));
#11739=IFCSHAPEREPRESENTATION(#18,'Profile','Curve3D',(#11740));
#11740=IFCINDEXEDPOLYCURVE(#11741,(IFCLINEINDEX((1,2,3,4,1))),$);
#11741=IFCCARTESIANPOINTLIST3D(((0.,0.,0.),(1.2082953453063965,0.,0.),(1.2082953453063965,0.,0.89999997615814209),(0.,0.,0.89999997615814209)));
#11742=IFCREPRESENTATIONMAP(#11743,#11747);
#11743=IFCAXIS2PLACEMENT3D(#11744,#11745,#11746);
#11744=IFCCARTESIANPOINT((0.,0.,0.));
#11745=IFCDIRECTION((0.,0.,1.));
#11746=IFCDIRECTION((1.,0.,0.));
#11747=IFCSHAPEREPRESENTATION(#11,'Body','SweptSolid',(#11748,#11757,#11768,#11779,#11788,#11797,#11808,#11819));
#11748=IFCEXTRUDEDAREASOLID(#11749,#11752,#11756,0.0099999997764825821);
#11749=IFCARBITRARYCLOSEDPROFILEDEF(.AREA.,$,#11750);
#11750=IFCINDEXEDPOLYCURVE(#11751,(IFCLINEINDEX((1,2,3,4,5,6,7,8,1))),$);
#11751=IFCCARTESIANPOINTLIST2D(((0.62065678834915161,0.),(0.,0.),(0.,0.89999997615814209),(0.62065678834915161,0.89999997615814209),(0.62065678834915161,0.87499997578561306),(0.02500000037252903,0.87499997578561306),(0.02500000037252903,0.02500000037252903),(0.62065678834915161,0.02500000037252903)));
#11752=IFCAXIS2PLACEMENT3D(#11753,#11754,#11755);
#11753=IFCCARTESIANPOINT((0.,0.090000001713633537,0.));
#11754=IFCDIRECTION((0.,-1.,0.));
#11755=IFCDIRECTION((1.,0.,0.));
#11756=IFCDIRECTION((0.,0.,-1.));
#11757=IFCEXTRUDEDAREASOLID(#11758,#11763,#11767,0.040000000968575478);
#11758=IFCARBITRARYPROFILEDEFWITHVOIDS(.AREA.,$,#11759,(#11761));
#11759=IFCINDEXEDPOLYCURVE(#11760,(IFCLINEINDEX((1,2,3,4,1))),$);
#11760=IFCCARTESIANPOINTLIST2D(((0.,0.),(0.62065678834915161,0.),(0.62065678834915161,0.89999997615814209),(0.,0.89999997615814209)));
#11761=IFCINDEXEDPOLYCURVE(#11762,(IFCLINEINDEX((1,2,3,4,1))),$);
#11762=IFCCARTESIANPOINTLIST2D(((0.05000000074505806,0.05000000074505806),(0.59565678797662258,0.05000000074505806),(0.59565678797662258,0.84999997541308403),(0.05000000074505806,0.84999997541308403)));
#11763=IFCAXIS2PLACEMENT3D(#11764,#11765,#11766);
#11764=IFCCARTESIANPOINT((0.,0.05000000074505806,0.));
#11765=IFCDIRECTION((0.,-1.,0.));
#11766=IFCDIRECTION((1.,0.,0.));
#11767=IFCDIRECTION((0.,0.,-1.));
#11768=IFCEXTRUDEDAREASOLID(#11769,#11774,#11778,0.035000000149011612);
#11769=IFCARBITRARYPROFILEDEFWITHVOIDS(.AREA.,$,#11770,(#11772));
#11770=IFCINDEXEDPOLYCURVE(#11771,(IFCLINEINDEX((1,2,3,4,1))),$);
#11771=IFCCARTESIANPOINTLIST2D(((0.,0.),(0.59565678797662258,0.),(0.59565678797662258,0.84999997541308403),(0.,0.84999997541308403)));
#11772=IFCINDEXEDPOLYCURVE(#11773,(IFCLINEINDEX((1,2,3,4,1))),$);
#11773=IFCCARTESIANPOINTLIST2D(((0.035000000149011612,0.035000000149011612),(0.56065678782761097,0.035000000149011612),(0.56065678782761097,0.81499997526407242),(0.035000000149011612,0.81499997526407242)));
#11774=IFCAXIS2PLACEMENT3D(#11775,#11776,#11777);
#11775=IFCCARTESIANPOINT((0.02500000037252903,0.090000001713633537,0.02500000037252903));
#11776=IFCDIRECTION((0.,-1.,0.));
#11777=IFCDIRECTION((1.,0.,0.));
#11778=IFCDIRECTION((0.,0.,-1.));
#11779=IFCEXTRUDEDAREASOLID(#11780,#11783,#11787,0.01);
#11780=IFCARBITRARYCLOSEDPROFILEDEF(.AREA.,$,#11781);
#11781=IFCINDEXEDPOLYCURVE(#11782,(IFCLINEINDEX((1,2,3,4,1))),$);
#11782=IFCCARTESIANPOINTLIST2D(((0.035000000149011612,0.035000000149011612),(0.56065678782761097,0.035000000149011612),(0.56065678782761097,0.81499997526407242),(0.035000000149011612,0.81499997526407242)));
#11783=IFCAXIS2PLACEMENT3D(#11784,#11785,#11786);
#11784=IFCCARTESIANPOINT((0.02500000037252903,0.10250000178813934,0.02500000037252903));
#11785=IFCDIRECTION((0.,-1.,0.));
#11786=IFCDIRECTION((1.,0.,0.));
#11787=IFCDIRECTION((0.,0.,-1.));
#11788=IFCEXTRUDEDAREASOLID(#11789,#11792,#11796,0.0099999997764825821);
#11789=IFCARBITRARYCLOSEDPROFILEDEF(.AREA.,$,#11790);
#11790=IFCINDEXEDPOLYCURVE(#11791,(IFCLINEINDEX((1,2,3,4,5,6,7,8,1))),$);
#11791=IFCCARTESIANPOINTLIST2D(((0.,0.89999997615814209),(0.58763855695724487,0.89999997615814209),(0.58763855695724487,0.),(0.,0.),(0.,0.02500000037252903),(0.56263855658471584,0.02500000037252903),(0.56263855658471584,0.87499997578561306),(0.,0.87499997578561306)));
#11792=IFCAXIS2PLACEMENT3D(#11793,#11794,#11795);
#11793=IFCCARTESIANPOINT((0.62065678834915161,0.090000001713633537,0.));
#11794=IFCDIRECTION((0.,-1.,0.));
#11795=IFCDIRECTION((1.,0.,0.));
#11796=IFCDIRECTION((0.,0.,-1.));
#11797=IFCEXTRUDEDAREASOLID(#11798,#11803,#11807,0.040000000968575478);
#11798=IFCARBITRARYPROFILEDEFWITHVOIDS(.AREA.,$,#11799,(#11801));
#11799=IFCINDEXEDPOLYCURVE(#11800,(IFCLINEINDEX((1,2,3,4,1))),$);
#11800=IFCCARTESIANPOINTLIST2D(((0.,0.),(0.58763855695724487,0.),(0.58763855695724487,0.89999997615814209),(0.,0.89999997615814209)));
#11801=IFCINDEXEDPOLYCURVE(#11802,(IFCLINEINDEX((1,2,3,4,1))),$);
#11802=IFCCARTESIANPOINTLIST2D(((0.02500000037252903,0.05000000074505806),(0.53763855621218681,0.05000000074505806),(0.53763855621218681,0.84999997541308403),(0.02500000037252903,0.84999997541308403)));
#11803=IFCAXIS2PLACEMENT3D(#11804,#11805,#11806);
#11804=IFCCARTESIANPOINT((0.62065678834915161,0.05000000074505806,0.));
#11805=IFCDIRECTION((0.,-1.,0.));
#11806=IFCDIRECTION((1.,0.,0.));
#11807=IFCDIRECTION((0.,0.,-1.));
#11808=IFCEXTRUDEDAREASOLID(#11809,#11814,#11818,0.035000000149011612);
#11809=IFCARBITRARYPROFILEDEFWITHVOIDS(.AREA.,$,#11810,(#11812));
#11810=IFCINDEXEDPOLYCURVE(#11811,(IFCLINEINDEX((1,2,3,4,1))),$);
#11811=IFCCARTESIANPOINTLIST2D(((0.,0.),(0.56263855658471584,0.),(0.56263855658471584,0.84999997541308403),(0.,0.84999997541308403)));
#11812=IFCINDEXEDPOLYCURVE(#11813,(IFCLINEINDEX((1,2,3,4,1))),$);
#11813=IFCCARTESIANPOINTLIST2D(((0.035000000149011612,0.035000000149011612),(0.52763855643570423,0.035000000149011612),(0.52763855643570423,0.81499997526407242),(0.035000000149011612,0.81499997526407242)));
#11814=IFCAXIS2PLACEMENT3D(#11815,#11816,#11817);
#11815=IFCCARTESIANPOINT((0.62065678834915161,0.090000001713633537,0.02500000037252903));
#11816=IFCDIRECTION((0.,-1.,0.));
#11817=IFCDIRECTION((1.,0.,0.));
#11818=IFCDIRECTION((0.,0.,-1.));
#11819=IFCEXTRUDEDAREASOLID(#11820,#11823,#11827,0.01);
#11820=IFCARBITRARYCLOSEDPROFILEDEF(.AREA.,$,#11821);
#11821=IFCINDEXEDPOLYCURVE(#11822,(IFCLINEINDEX((1,2,3,4,1))),$);
#11822=IFCCARTESIANPOINTLIST2D(((0.035000000149011612,0.035000000149011612),(0.52763855643570423,0.035000000149011612),(0.52763855643570423,0.81499997526407242),(0.035000000149011612,0.81499997526407242)));
#11823=IFCAXIS2PLACEMENT3D(#11824,#11825,#11826);
#11824=IFCCARTESIANPOINT((0.62065678834915161,0.10250000178813934,0.02500000037252903));
#11825=IFCDIRECTION((0.,-1.,0.));
#11826=IFCDIRECTION((1.,0.,0.));
#11827=IFCDIRECTION((0.,0.,-1.));
#11828=IFCREPRESENTATIONMAP(#11829,#11833);
#11829=IFCAXIS2PLACEMENT3D(#11830,#11831,#11832);
#11830=IFCCARTESIANPOINT((0.,0.,0.));
#11831=IFCDIRECTION((0.,0.,1.));
#11832=IFCDIRECTION((1.,0.,0.));
#11833=IFCSHAPEREPRESENTATION(#24,'Body','Curve2D',(#11834,#11836,#11838,#11840,#11842,#11844,#11846,#11848,#11850,#11852,#11854,#11856,#11858,#11860,#11862,#11864));
#11834=IFCINDEXEDPOLYCURVE(#11835,$,$);
#11835=IFCCARTESIANPOINTLIST2D(((0.05000000074505806,0.05000000074505806),(0.59565678797662258,0.05000000074505806)));
#11836=IFCINDEXEDPOLYCURVE(#11837,(IFCLINEINDEX((1,2,3,4,5,6,1))),$);
#11837=IFCCARTESIANPOINTLIST2D(((0.,0.10000000149011612),(0.02500000037252903,0.10000000149011612),(0.02500000037252903,0.090000001713633537),(0.05000000074505806,0.090000001713633537),(0.05000000074505806,0.05000000074505806),(0.,0.05000000074505806)));
#11838=IFCINDEXEDPOLYCURVE(#11839,$,$);
#11839=IFCCARTESIANPOINTLIST2D(((0.62065678834915161,0.10000000149011612),(0.62065678834915161,0.10000000149011612),(0.62065678834915161,0.090000001713633537),(0.59565678797662258,0.090000001713633537),(0.59565678797662258,0.05000000074505806),(0.62065678834915161,0.05000000074505806)));
#11840=IFCINDEXEDPOLYCURVE(#11841,(IFCLINEINDEX((1,2,3,4,1))),$);
#11841=IFCCARTESIANPOINTLIST2D(((0.02500000037252903,0.090000001713633537),(0.060000000521540642,0.090000001713633537),(0.060000000521540642,0.12500000186264515),(0.02500000037252903,0.12500000186264515)));
#11842=IFCINDEXEDPOLYCURVE(#11843,(IFCLINEINDEX((1,2,3,4,1))),$);
#11843=IFCCARTESIANPOINTLIST2D(((0.62065678834915161,0.090000001713633537),(0.58565678820014,0.090000001713633537),(0.58565678820014,0.12500000186264515),(0.62065678834915161,0.12500000186264515)));
#11844=IFCINDEXEDPOLYCURVE(#11845,$,$);
#11845=IFCCARTESIANPOINTLIST2D(((0.060000000521540642,0.090000001713633537),(0.58565678820014,0.090000001713633537)));
#11846=IFCINDEXEDPOLYCURVE(#11847,$,$);
#11847=IFCCARTESIANPOINTLIST2D(((0.060000000521540642,0.12500000186264515),(0.58565678820014,0.12500000186264515)));
#11848=IFCINDEXEDPOLYCURVE(#11849,$,$);
#11849=IFCCARTESIANPOINTLIST2D(((0.060000000521540642,0.10750000178813934),(0.58565678820014,0.10750000178813934)));
#11850=IFCINDEXEDPOLYCURVE(#11851,$,$);
#11851=IFCCARTESIANPOINTLIST2D(((0.64565678872168064,0.05000000074505806),(1.1582953445613384,0.05000000074505806)));
#11852=IFCINDEXEDPOLYCURVE(#11853,$,$);
#11853=IFCCARTESIANPOINTLIST2D(((0.62065678834915161,0.10000000149011612),(0.62065678834915161,0.10000000149011612),(0.62065678834915161,0.090000001713633537),(0.64565678872168064,0.090000001713633537),(0.64565678872168064,0.05000000074505806),(0.62065678834915161,0.05000000074505806)));
#11854=IFCINDEXEDPOLYCURVE(#11855,(IFCLINEINDEX((1,2,3,4,5,6,1))),$);
#11855=IFCCARTESIANPOINTLIST2D(((1.2082953453063965,0.10000000149011612),(1.1832953449338675,0.10000000149011612),(1.1832953449338675,0.090000001713633537),(1.1582953445613384,0.090000001713633537),(1.1582953445613384,0.05000000074505806),(1.2082953453063965,0.05000000074505806)));
#11856=IFCINDEXEDPOLYCURVE(#11857,(IFCLINEINDEX((1,2,3,4,1))),$);
#11857=IFCCARTESIANPOINTLIST2D(((0.62065678834915161,0.090000001713633537),(0.65565678849816322,0.090000001713633537),(0.65565678849816322,0.12500000186264515),(0.62065678834915161,0.12500000186264515)));
#11858=IFCINDEXEDPOLYCURVE(#11859,(IFCLINEINDEX((1,2,3,4,1))),$);
#11859=IFCCARTESIANPOINTLIST2D(((1.1832953449338675,0.090000001713633537),(1.1482953447848558,0.090000001713633537),(1.1482953447848558,0.12500000186264515),(1.1832953449338675,0.12500000186264515)));
#11860=IFCINDEXEDPOLYCURVE(#11861,$,$);
#11861=IFCCARTESIANPOINTLIST2D(((0.65565678849816322,0.090000001713633537),(1.1482953447848558,0.090000001713633537)));
#11862=IFCINDEXEDPOLYCURVE(#11863,$,$);
#11863=IFCCARTESIANPOINTLIST2D(((0.65565678849816322,0.12500000186264515),(1.1482953447848558,0.12500000186264515)));
#11864=IFCINDEXEDPOLYCURVE(#11865,$,$);
#11865=IFCCARTESIANPOINTLIST2D(((0.65565678849816322,0.10750000178813934),(1.1482953447848558,0.10750000178813934)));
#11866=IFCWINDOW('0_y7xe6WX16QWyQlISpBbq',$,'Window',$,$,#12234,#11874,$,0.89999997615814209,1.2095412015914917,$,.DOUBLE_PANEL_VERTICAL.,$);
#11867=IFCCARTESIANPOINT((0.,0.,0.));
#11868=IFCDIRECTION((1.,0.,0.));
#11869=IFCDIRECTION((0.,1.,0.));
#11870=IFCDIRECTION((0.,0.,1.));
#11871=IFCCARTESIANTRANSFORMATIONOPERATOR3D(#11868,#11869,#11867,1.,#11870);
#11872=IFCMAPPEDITEM(#11479,#11871);
#11873=IFCSHAPEREPRESENTATION(#18,'Profile','MappedRepresentation',(#11872));
#11874=IFCPRODUCTDEFINITIONSHAPE($,$,(#11873,#11881,#11888));
#11875=IFCCARTESIANPOINT((0.,0.,0.));
#11876=IFCDIRECTION((1.,0.,0.));
#11877=IFCDIRECTION((0.,1.,0.));
#11878=IFCDIRECTION((0.,0.,1.));
#11879=IFCCARTESIANTRANSFORMATIONOPERATOR3D(#11876,#11877,#11875,1.,#11878);
#11880=IFCMAPPEDITEM(#11487,#11879);
#11881=IFCSHAPEREPRESENTATION(#11,'Body','MappedRepresentation',(#11880));
#11882=IFCCARTESIANPOINT((0.,0.,0.));
#11883=IFCDIRECTION((1.,0.,0.));
#11884=IFCDIRECTION((0.,1.,0.));
#11885=IFCDIRECTION((0.,0.,1.));
#11886=IFCCARTESIANTRANSFORMATIONOPERATOR3D(#11883,#11884,#11882,1.,#11885);
#11887=IFCMAPPEDITEM(#11535,#11886);
#11888=IFCSHAPEREPRESENTATION(#24,'Body','MappedRepresentation',(#11887));
#11889=IFCOPENINGELEMENT('1e8TgIkQDFaBxEYogCRk8a',$,'Opening',$,$,#12229,#11902,$,.OPENING.);
#11895=IFCCARTESIANPOINT((0.,0.,0.));
#11896=IFCDIRECTION((1.,0.,0.));
#11897=IFCDIRECTION((0.,1.,0.));
#11898=IFCDIRECTION((0.,0.,1.));
#11899=IFCCARTESIANTRANSFORMATIONOPERATOR3D(#11896,#11897,#11895,1.,#11898);
#11900=IFCMAPPEDITEM(#11601,#11899);
#11901=IFCSHAPEREPRESENTATION(#11,'Body','MappedRepresentation',(#11900));
#11902=IFCPRODUCTDEFINITIONSHAPE($,$,(#11901));
#11903=IFCRELVOIDSELEMENT('2p1VcfIkD3fh$FssOAcH8p',$,$,$,#7402,#11889);
#11909=IFCRELFILLSELEMENT('0KPuE760H77RVvVTgagOPB',$,$,$,#11889,#11866);
#11933=IFCCARTESIANPOINTLIST2D(((0.30000001192092896,0.),(0.,0.),(0.,0.89999997615814209),(0.30000001192092896,0.89999997615814209),(0.30000001192092896,0.87499997578561306),(0.02500000037252903,0.87499997578561306),(0.02500000037252903,0.02500000037252903),(0.30000001192092896,0.02500000037252903)));
#11934=IFCINDEXEDPOLYCURVE(#11933,(IFCLINEINDEX((1,2,3,4,5,6,7,8,1))),$);
#11935=IFCARBITRARYCLOSEDPROFILEDEF(.AREA.,$,#11934);
#11936=IFCCARTESIANPOINT((0.,0.090000001713633537,0.));
#11937=IFCDIRECTION((0.,-1.,0.));
#11938=IFCDIRECTION((1.,0.,0.));
#11939=IFCAXIS2PLACEMENT3D(#11936,#11937,#11938);
#11940=IFCDIRECTION((0.,0.,-1.));
#11941=IFCEXTRUDEDAREASOLID(#11935,#11939,#11940,0.0099999997764825821);
#11942=IFCCARTESIANPOINTLIST2D(((0.,0.),(0.30000001192092896,0.),(0.30000001192092896,0.89999997615814209),(0.,0.89999997615814209)));
#11943=IFCINDEXEDPOLYCURVE(#11942,(IFCLINEINDEX((1,2,3,4,1))),$);
#11944=IFCCARTESIANPOINTLIST2D(((0.05000000074505806,0.05000000074505806),(0.27500001154839993,0.05000000074505806),(0.27500001154839993,0.84999997541308403),(0.05000000074505806,0.84999997541308403)));
#11945=IFCINDEXEDPOLYCURVE(#11944,(IFCLINEINDEX((1,2,3,4,1))),$);
#11946=IFCARBITRARYPROFILEDEFWITHVOIDS(.AREA.,$,#11943,(#11945));
#11947=IFCCARTESIANPOINT((0.,0.05000000074505806,0.));
#11948=IFCDIRECTION((0.,-1.,0.));
#11949=IFCDIRECTION((1.,0.,0.));
#11950=IFCAXIS2PLACEMENT3D(#11947,#11948,#11949);
#11951=IFCDIRECTION((0.,0.,-1.));
#11952=IFCEXTRUDEDAREASOLID(#11946,#11950,#11951,0.040000000968575478);
#11953=IFCCARTESIANPOINTLIST2D(((0.,0.),(0.27500001154839993,0.),(0.27500001154839993,0.84999997541308403),(0.,0.84999997541308403)));
#11954=IFCINDEXEDPOLYCURVE(#11953,(IFCLINEINDEX((1,2,3,4,1))),$);
#11955=IFCCARTESIANPOINTLIST2D(((0.035000000149011612,0.035000000149011612),(0.24000001139938831,0.035000000149011612),(0.24000001139938831,0.81499997526407242),(0.035000000149011612,0.81499997526407242)));
#11956=IFCINDEXEDPOLYCURVE(#11955,(IFCLINEINDEX((1,2,3,4,1))),$);
#11957=IFCARBITRARYPROFILEDEFWITHVOIDS(.AREA.,$,#11954,(#11956));
#11958=IFCCARTESIANPOINT((0.02500000037252903,0.090000001713633537,0.02500000037252903));
#11959=IFCDIRECTION((0.,-1.,0.));
#11960=IFCDIRECTION((1.,0.,0.));
#11961=IFCAXIS2PLACEMENT3D(#11958,#11959,#11960);
#11962=IFCDIRECTION((0.,0.,-1.));
#11963=IFCEXTRUDEDAREASOLID(#11957,#11961,#11962,0.035000000149011612);
#11964=IFCINDEXEDPOLYCURVE(#11965,(IFCLINEINDEX((1,2,3,4,1))),$);
#11965=IFCCARTESIANPOINTLIST2D(((0.035000000149011612,0.035000000149011612),(0.24000001139938831,0.035000000149011612),(0.24000001139938831,0.81499997526407242),(0.035000000149011612,0.81499997526407242)));
#11966=IFCARBITRARYCLOSEDPROFILEDEF(.AREA.,$,#11964);
#11967=IFCCARTESIANPOINT((0.02500000037252903,0.10250000178813934,0.02500000037252903));
#11968=IFCDIRECTION((0.,-1.,0.));
#11969=IFCDIRECTION((1.,0.,0.));
#11970=IFCAXIS2PLACEMENT3D(#11967,#11968,#11969);
#11971=IFCDIRECTION((0.,0.,-1.));
#11972=IFCEXTRUDEDAREASOLID(#11966,#11970,#11971,0.01);
#11973=IFCCARTESIANPOINTLIST2D(((0.,0.89999997615814209),(0.90954118967056274,0.89999997615814209),(0.90954118967056274,0.),(0.,0.),(0.,0.02500000037252903),(0.88454118929803371,0.02500000037252903),(0.88454118929803371,0.87499997578561306),(0.,0.87499997578561306)));
#11974=IFCINDEXEDPOLYCURVE(#11973,(IFCLINEINDEX((1,2,3,4,5,6,7,8,1))),$);
#11975=IFCARBITRARYCLOSEDPROFILEDEF(.AREA.,$,#11974);
#11976=IFCCARTESIANPOINT((0.30000001192092896,0.090000001713633537,0.));
#11977=IFCDIRECTION((0.,-1.,0.));
#11978=IFCDIRECTION((1.,0.,0.));
#11979=IFCAXIS2PLACEMENT3D(#11976,#11977,#11978);
#11980=IFCDIRECTION((0.,0.,-1.));
#11981=IFCEXTRUDEDAREASOLID(#11975,#11979,#11980,0.0099999997764825821);
#11982=IFCCARTESIANPOINTLIST2D(((0.,0.),(0.90954118967056274,0.),(0.90954118967056274,0.89999997615814209),(0.,0.89999997615814209)));
#11983=IFCINDEXEDPOLYCURVE(#11982,(IFCLINEINDEX((1,2,3,4,1))),$);
#11984=IFCCARTESIANPOINTLIST2D(((0.02500000037252903,0.05000000074505806),(0.85954118892550468,0.05000000074505806),(0.85954118892550468,0.84999997541308403),(0.02500000037252903,0.84999997541308403)));
#11985=IFCINDEXEDPOLYCURVE(#11984,(IFCLINEINDEX((1,2,3,4,1))),$);
#11986=IFCARBITRARYPROFILEDEFWITHVOIDS(.AREA.,$,#11983,(#11985));
#11987=IFCCARTESIANPOINT((0.30000001192092896,0.05000000074505806,0.));
#11988=IFCDIRECTION((0.,-1.,0.));
#11989=IFCDIRECTION((1.,0.,0.));
#11990=IFCAXIS2PLACEMENT3D(#11987,#11988,#11989);
#11991=IFCDIRECTION((0.,0.,-1.));
#11992=IFCEXTRUDEDAREASOLID(#11986,#11990,#11991,0.040000000968575478);
#11993=IFCCARTESIANPOINTLIST2D(((0.,0.),(0.88454118929803371,0.),(0.88454118929803371,0.84999997541308403),(0.,0.84999997541308403)));
#11994=IFCINDEXEDPOLYCURVE(#11993,(IFCLINEINDEX((1,2,3,4,1))),$);
#11995=IFCCARTESIANPOINTLIST2D(((0.035000000149011612,0.035000000149011612),(0.8495411891490221,0.035000000149011612),(0.8495411891490221,0.81499997526407242),(0.035000000149011612,0.81499997526407242)));
#11996=IFCINDEXEDPOLYCURVE(#11995,(IFCLINEINDEX((1,2,3,4,1))),$);
#11997=IFCARBITRARYPROFILEDEFWITHVOIDS(.AREA.,$,#11994,(#11996));
#11998=IFCCARTESIANPOINT((0.30000001192092896,0.090000001713633537,0.02500000037252903));
#11999=IFCDIRECTION((0.,-1.,0.));
#12000=IFCDIRECTION((1.,0.,0.));
#12001=IFCAXIS2PLACEMENT3D(#11998,#11999,#12000);
#12002=IFCDIRECTION((0.,0.,-1.));
#12003=IFCEXTRUDEDAREASOLID(#11997,#12001,#12002,0.035000000149011612);
#12004=IFCINDEXEDPOLYCURVE(#12005,(IFCLINEINDEX((1,2,3,4,1))),$);
#12005=IFCCARTESIANPOINTLIST2D(((0.035000000149011612,0.035000000149011612),(0.8495411891490221,0.035000000149011612),(0.8495411891490221,0.81499997526407242),(0.035000000149011612,0.81499997526407242)));
#12006=IFCARBITRARYCLOSEDPROFILEDEF(.AREA.,$,#12004);
#12007=IFCCARTESIANPOINT((0.30000001192092896,0.10250000178813934,0.02500000037252903));
#12008=IFCDIRECTION((0.,-1.,0.));
#12009=IFCDIRECTION((1.,0.,0.));
#12010=IFCAXIS2PLACEMENT3D(#12007,#12008,#12009);
#12011=IFCDIRECTION((0.,0.,-1.));
#12012=IFCEXTRUDEDAREASOLID(#12006,#12010,#12011,0.01);
#12014=IFCSHAPEREPRESENTATION(#11,'Body','SweptSolid',(#12115,#12155,#12144,#11952,#11992,#11981,#12104,#11941));
#12015=IFCSHAPEASPECT((#12014),'Lining',$,.T.,#11874);
#12016=IFCSHAPEREPRESENTATION(#11,'Body','SweptSolid',(#11963,#12126,#12003,#12166));
#12017=IFCSHAPEASPECT((#12016),'Framing',$,.T.,#11874);
#12018=IFCSHAPEREPRESENTATION(#11,'Body','SweptSolid',(#12012,#12175,#11972,#12135));
#12019=IFCSHAPEASPECT((#12018),'Glazing',$,.T.,#11874);
#12093=IFCCARTESIANPOINTLIST3D(((0.,0.,0.),(1.2095412015914917,0.,0.),(1.2095412015914917,0.,0.89999997615814209),(0.,0.,0.89999997615814209)));
#12094=IFCINDEXEDPOLYCURVE(#12093,(IFCLINEINDEX((1,2,3,4,1))),$);
#12095=IFCSHAPEREPRESENTATION(#18,'Profile','Curve3D',(#12094));
#12096=IFCCARTESIANPOINTLIST2D(((0.61402899026870728,0.),(0.,0.),(0.,0.89999997615814209),(0.61402899026870728,0.89999997615814209),(0.61402899026870728,0.87499997578561306),(0.02500000037252903,0.87499997578561306),(0.02500000037252903,0.02500000037252903),(0.61402899026870728,0.02500000037252903)));
#12097=IFCINDEXEDPOLYCURVE(#12096,(IFCLINEINDEX((1,2,3,4,5,6,7,8,1))),$);
#12098=IFCARBITRARYCLOSEDPROFILEDEF(.AREA.,$,#12097);
#12099=IFCCARTESIANPOINT((0.,0.090000001713633537,0.));
#12100=IFCDIRECTION((0.,-1.,0.));
#12101=IFCDIRECTION((1.,0.,0.));
#12102=IFCAXIS2PLACEMENT3D(#12099,#12100,#12101);
#12103=IFCDIRECTION((0.,0.,-1.));
#12104=IFCEXTRUDEDAREASOLID(#12098,#12102,#12103,0.0099999997764825821);
#12105=IFCCARTESIANPOINTLIST2D(((0.,0.),(0.61402899026870728,0.),(0.61402899026870728,0.89999997615814209),(0.,0.89999997615814209)));
#12106=IFCINDEXEDPOLYCURVE(#12105,(IFCLINEINDEX((1,2,3,4,1))),$);
#12107=IFCCARTESIANPOINTLIST2D(((0.05000000074505806,0.05000000074505806),(0.58902898989617825,0.05000000074505806),(0.58902898989617825,0.84999997541308403),(0.05000000074505806,0.84999997541308403)));
#12108=IFCINDEXEDPOLYCURVE(#12107,(IFCLINEINDEX((1,2,3,4,1))),$);
#12109=IFCARBITRARYPROFILEDEFWITHVOIDS(.AREA.,$,#12106,(#12108));
#12110=IFCCARTESIANPOINT((0.,0.05000000074505806,0.));
#12111=IFCDIRECTION((0.,-1.,0.));
#12112=IFCDIRECTION((1.,0.,0.));
#12113=IFCAXIS2PLACEMENT3D(#12110,#12111,#12112);
#12114=IFCDIRECTION((0.,0.,-1.));
#12115=IFCEXTRUDEDAREASOLID(#12109,#12113,#12114,0.040000000968575478);
#12116=IFCCARTESIANPOINTLIST2D(((0.,0.),(0.58902898989617825,0.),(0.58902898989617825,0.84999997541308403),(0.,0.84999997541308403)));
#12117=IFCINDEXEDPOLYCURVE(#12116,(IFCLINEINDEX((1,2,3,4,1))),$);
#12118=IFCCARTESIANPOINTLIST2D(((0.035000000149011612,0.035000000149011612),(0.55402898974716663,0.035000000149011612),(0.55402898974716663,0.81499997526407242),(0.035000000149011612,0.81499997526407242)));
#12119=IFCINDEXEDPOLYCURVE(#12118,(IFCLINEINDEX((1,2,3,4,1))),$);
#12120=IFCARBITRARYPROFILEDEFWITHVOIDS(.AREA.,$,#12117,(#12119));
#12121=IFCCARTESIANPOINT((0.02500000037252903,0.090000001713633537,0.02500000037252903));
#12122=IFCDIRECTION((0.,-1.,0.));
#12123=IFCDIRECTION((1.,0.,0.));
#12124=IFCAXIS2PLACEMENT3D(#12121,#12122,#12123);
#12125=IFCDIRECTION((0.,0.,-1.));
#12126=IFCEXTRUDEDAREASOLID(#12120,#12124,#12125,0.035000000149011612);
#12127=IFCINDEXEDPOLYCURVE(#12128,(IFCLINEINDEX((1,2,3,4,1))),$);
#12128=IFCCARTESIANPOINTLIST2D(((0.035000000149011612,0.035000000149011612),(0.55402898974716663,0.035000000149011612),(0.55402898974716663,0.81499997526407242),(0.035000000149011612,0.81499997526407242)));
#12129=IFCARBITRARYCLOSEDPROFILEDEF(.AREA.,$,#12127);
#12130=IFCCARTESIANPOINT((0.02500000037252903,0.10250000178813934,0.02500000037252903));
#12131=IFCDIRECTION((0.,-1.,0.));
#12132=IFCDIRECTION((1.,0.,0.));
#12133=IFCAXIS2PLACEMENT3D(#12130,#12131,#12132);
#12134=IFCDIRECTION((0.,0.,-1.));
#12135=IFCEXTRUDEDAREASOLID(#12129,#12133,#12134,0.01);
#12136=IFCCARTESIANPOINTLIST2D(((0.,0.89999997615814209),(0.59551221132278442,0.89999997615814209),(0.59551221132278442,0.),(0.,0.),(0.,0.02500000037252903),(0.57051221095025539,0.02500000037252903),(0.57051221095025539,0.87499997578561306),(0.,0.87499997578561306)));
#12137=IFCINDEXEDPOLYCURVE(#12136,(IFCLINEINDEX((1,2,3,4,5,6,7,8,1))),$);
#12138=IFCARBITRARYCLOSEDPROFILEDEF(.AREA.,$,#12137);
#12139=IFCCARTESIANPOINT((0.61402899026870728,0.090000001713633537,0.));
#12140=IFCDIRECTION((0.,-1.,0.));
#12141=IFCDIRECTION((1.,0.,0.));
#12142=IFCAXIS2PLACEMENT3D(#12139,#12140,#12141);
#12143=IFCDIRECTION((0.,0.,-1.));
#12144=IFCEXTRUDEDAREASOLID(#12138,#12142,#12143,0.0099999997764825821);
#12145=IFCCARTESIANPOINTLIST2D(((0.,0.),(0.59551221132278442,0.),(0.59551221132278442,0.89999997615814209),(0.,0.89999997615814209)));
#12146=IFCINDEXEDPOLYCURVE(#12145,(IFCLINEINDEX((1,2,3,4,1))),$);
#12147=IFCCARTESIANPOINTLIST2D(((0.02500000037252903,0.05000000074505806),(0.54551221057772636,0.05000000074505806),(0.54551221057772636,0.84999997541308403),(0.02500000037252903,0.84999997541308403)));
#12148=IFCINDEXEDPOLYCURVE(#12147,(IFCLINEINDEX((1,2,3,4,1))),$);
#12149=IFCARBITRARYPROFILEDEFWITHVOIDS(.AREA.,$,#12146,(#12148));
#12150=IFCCARTESIANPOINT((0.61402899026870728,0.05000000074505806,0.));
#12151=IFCDIRECTION((0.,-1.,0.));
#12152=IFCDIRECTION((1.,0.,0.));
#12153=IFCAXIS2PLACEMENT3D(#12150,#12151,#12152);
#12154=IFCDIRECTION((0.,0.,-1.));
#12155=IFCEXTRUDEDAREASOLID(#12149,#12153,#12154,0.040000000968575478);
#12156=IFCCARTESIANPOINTLIST2D(((0.,0.),(0.57051221095025539,0.),(0.57051221095025539,0.84999997541308403),(0.,0.84999997541308403)));
#12157=IFCINDEXEDPOLYCURVE(#12156,(IFCLINEINDEX((1,2,3,4,1))),$);
#12158=IFCCARTESIANPOINTLIST2D(((0.035000000149011612,0.035000000149011612),(0.53551221080124378,0.035000000149011612),(0.53551221080124378,0.81499997526407242),(0.035000000149011612,0.81499997526407242)));
#12159=IFCINDEXEDPOLYCURVE(#12158,(IFCLINEINDEX((1,2,3,4,1))),$);
#12160=IFCARBITRARYPROFILEDEFWITHVOIDS(.AREA.,$,#12157,(#12159));
#12161=IFCCARTESIANPOINT((0.61402899026870728,0.090000001713633537,0.02500000037252903));
#12162=IFCDIRECTION((0.,-1.,0.));
#12163=IFCDIRECTION((1.,0.,0.));
#12164=IFCAXIS2PLACEMENT3D(#12161,#12162,#12163);
#12165=IFCDIRECTION((0.,0.,-1.));
#12166=IFCEXTRUDEDAREASOLID(#12160,#12164,#12165,0.035000000149011612);
#12167=IFCINDEXEDPOLYCURVE(#12168,(IFCLINEINDEX((1,2,3,4,1))),$);
#12168=IFCCARTESIANPOINTLIST2D(((0.035000000149011612,0.035000000149011612),(0.53551221080124378,0.035000000149011612),(0.53551221080124378,0.81499997526407242),(0.035000000149011612,0.81499997526407242)));
#12169=IFCARBITRARYCLOSEDPROFILEDEF(.AREA.,$,#12167);
#12170=IFCCARTESIANPOINT((0.61402899026870728,0.10250000178813934,0.02500000037252903));
#12171=IFCDIRECTION((0.,-1.,0.));
#12172=IFCDIRECTION((1.,0.,0.));
#12173=IFCAXIS2PLACEMENT3D(#12170,#12171,#12172);
#12174=IFCDIRECTION((0.,0.,-1.));
#12175=IFCEXTRUDEDAREASOLID(#12169,#12173,#12174,0.01);
#12176=IFCSHAPEREPRESENTATION(#11,'Body','SweptSolid',(#12104,#12115,#12126,#12135,#12144,#12155,#12166,#12175));
#12177=IFCCARTESIANPOINTLIST2D(((0.05000000074505806,0.05000000074505806),(0.58902898989617825,0.05000000074505806)));
#12178=IFCINDEXEDPOLYCURVE(#12177,$,$);
#12179=IFCCARTESIANPOINTLIST2D(((0.,0.10000000149011612),(0.02500000037252903,0.10000000149011612),(0.02500000037252903,0.090000001713633537),(0.05000000074505806,0.090000001713633537),(0.05000000074505806,0.05000000074505806),(0.,0.05000000074505806)));
#12180=IFCINDEXEDPOLYCURVE(#12179,(IFCLINEINDEX((1,2,3,4,5,6,1))),$);
#12181=IFCCARTESIANPOINTLIST2D(((0.61402899026870728,0.10000000149011612),(0.61402899026870728,0.10000000149011612),(0.61402899026870728,0.090000001713633537),(0.58902898989617825,0.090000001713633537),(0.58902898989617825,0.05000000074505806),(0.61402899026870728,0.05000000074505806)));
#12182=IFCINDEXEDPOLYCURVE(#12181,$,$);
#12183=IFCCARTESIANPOINTLIST2D(((0.02500000037252903,0.090000001713633537),(0.060000000521540642,0.090000001713633537),(0.060000000521540642,0.12500000186264515),(0.02500000037252903,0.12500000186264515)));
#12184=IFCINDEXEDPOLYCURVE(#12183,(IFCLINEINDEX((1,2,3,4,1))),$);
#12185=IFCINDEXEDPOLYCURVE(#12186,(IFCLINEINDEX((1,2,3,4,1))),$);
#12186=IFCCARTESIANPOINTLIST2D(((0.61402899026870728,0.090000001713633537),(0.57902899011969566,0.090000001713633537),(0.57902899011969566,0.12500000186264515),(0.61402899026870728,0.12500000186264515)));
#12187=IFCCARTESIANPOINTLIST2D(((0.060000000521540642,0.090000001713633537),(0.57902899011969566,0.090000001713633537)));
#12188=IFCINDEXEDPOLYCURVE(#12187,$,$);
#12189=IFCINDEXEDPOLYCURVE(#12190,$,$);
#12190=IFCCARTESIANPOINTLIST2D(((0.060000000521540642,0.12500000186264515),(0.57902899011969566,0.12500000186264515)));
#12191=IFCINDEXEDPOLYCURVE(#12192,$,$);
#12192=IFCCARTESIANPOINTLIST2D(((0.060000000521540642,0.10750000178813934),(0.57902899011969566,0.10750000178813934)));
#12193=IFCCARTESIANPOINTLIST2D(((0.63902899064123631,0.05000000074505806),(1.1595412008464336,0.05000000074505806)));
#12194=IFCINDEXEDPOLYCURVE(#12193,$,$);
#12195=IFCCARTESIANPOINTLIST2D(((0.61402899026870728,0.10000000149011612),(0.61402899026870728,0.10000000149011612),(0.61402899026870728,0.090000001713633537),(0.63902899064123631,0.090000001713633537),(0.63902899064123631,0.05000000074505806),(0.61402899026870728,0.05000000074505806)));
#12196=IFCINDEXEDPOLYCURVE(#12195,$,$);
#12197=IFCCARTESIANPOINTLIST2D(((1.2095412015914917,0.10000000149011612),(1.1845412012189627,0.10000000149011612),(1.1845412012189627,0.090000001713633537),(1.1595412008464336,0.090000001713633537),(1.1595412008464336,0.05000000074505806),(1.2095412015914917,0.05000000074505806)));
#12198=IFCINDEXEDPOLYCURVE(#12197,(IFCLINEINDEX((1,2,3,4,5,6,1))),$);
#12199=IFCCARTESIANPOINTLIST2D(((0.61402899026870728,0.090000001713633537),(0.64902899041771889,0.090000001713633537),(0.64902899041771889,0.12500000186264515),(0.61402899026870728,0.12500000186264515)));
#12200=IFCINDEXEDPOLYCURVE(#12199,(IFCLINEINDEX((1,2,3,4,1))),$);
#12201=IFCINDEXEDPOLYCURVE(#12202,(IFCLINEINDEX((1,2,3,4,1))),$);
#12202=IFCCARTESIANPOINTLIST2D(((1.1845412012189627,0.090000001713633537),(1.1495412010699511,0.090000001713633537),(1.1495412010699511,0.12500000186264515),(1.1845412012189627,0.12500000186264515)));
#12203=IFCCARTESIANPOINTLIST2D(((0.64902899041771889,0.090000001713633537),(1.1495412010699511,0.090000001713633537)));
#12204=IFCINDEXEDPOLYCURVE(#12203,$,$);
#12205=IFCINDEXEDPOLYCURVE(#12206,$,$);
#12206=IFCCARTESIANPOINTLIST2D(((0.64902899041771889,0.12500000186264515),(1.1495412010699511,0.12500000186264515)));
#12207=IFCINDEXEDPOLYCURVE(#12208,$,$);
#12208=IFCCARTESIANPOINTLIST2D(((0.64902899041771889,0.10750000178813934),(1.1495412010699511,0.10750000178813934)));
#12209=IFCSHAPEREPRESENTATION(#24,'Body','Curve2D',(#12178,#12180,#12182,#12184,#12185,#12188,#12189,#12191,#12194,#12196,#12198,#12200,#12201,#12204,#12205,#12207));
#12210=IFCCARTESIANPOINTLIST2D(((0.,0.),(1.2095412015914917,0.),(1.2095412015914917,0.89999997615814209),(0.,0.89999997615814209)));
#12211=IFCINDEXEDPOLYCURVE(#12210,(IFCLINEINDEX((1,2,3,4,1))),$);
#12212=IFCARBITRARYCLOSEDPROFILEDEF(.AREA.,$,#12211);
#12213=IFCCARTESIANPOINT((0.,-0.60000002384185791,0.));
#12214=IFCDIRECTION((0.,-1.,0.));
#12215=IFCDIRECTION((1.,0.,0.));
#12216=IFCAXIS2PLACEMENT3D(#12213,#12214,#12215);
#12217=IFCDIRECTION((0.,0.,-1.));
#12218=IFCEXTRUDEDAREASOLID(#12212,#12216,#12217,1.2);
#12219=IFCSHAPEREPRESENTATION(#11,'Body','SweptSolid',(#12218));
#12225=IFCCARTESIANPOINT((0.31900277658425313,2.384185791015625E-07,1.));
#12226=IFCDIRECTION((0.,0.,1.));
#12227=IFCDIRECTION((0.99999999999997158,-2.3841857910155572E-07,0.));
#12228=IFCAXIS2PLACEMENT3D(#12225,#12226,#12227);
#12229=IFCLOCALPLACEMENT(#7729,#12228);
#12230=IFCCARTESIANPOINT((0.,0.,0.));
#12231=IFCDIRECTION((0.,0.,1.));
#12232=IFCDIRECTION((1.,0.,0.));
#12233=IFCAXIS2PLACEMENT3D(#12230,#12231,#12232);
#12234=IFCLOCALPLACEMENT(#12229,#12233);
#12240=IFCCARTESIANPOINT((0.24492025375366744,7.0916002015142254E-08,1.));
#12241=IFCDIRECTION((0.,0.,1.));
#12242=IFCDIRECTION((0.99999999999999289,1.1920928244535129E-07,0.));
#12243=IFCAXIS2PLACEMENT3D(#12240,#12241,#12242);
#12244=IFCLOCALPLACEMENT(#7786,#12243);
#12245=IFCCARTESIANPOINT((8.8817841970012523E-16,0.,0.));
#12246=IFCDIRECTION((0.,0.,1.));
#12247=IFCDIRECTION((1.,0.,0.));
#12248=IFCAXIS2PLACEMENT3D(#12245,#12246,#12247);
#12249=IFCLOCALPLACEMENT(#12244,#12248);
#12250=IFCWINDOWTYPE('3SuNoAyW1E5x$Ucro0S6vS',$,'MASTER-1-2F',$,$,(#12251),(#12253,#12261,#12309),$,$,.WINDOW.,.SINGLE_PANEL.,$,$);
#12251=IFCPROPERTYSET('10doJewlX4UwMZHFQPWDyh',$,'BBIM_Window',$,(#12252));
#12252=IFCPROPERTYSINGLEVALUE('Data',$,IFCTEXT('{"window_type": "SINGLE_PANEL", "overall_height": 0.8999999761581421, "overall_width": 0.8058102130889893, "lining_properties": {"lining_depth": 0.05000000074505806, "lining_thickness": 0.05000000074505806, "lining_offset": 0.05000000074505806, "lining_to_panel_offset_x": 0.02500000037252903, "lining_to_panel_offset_y": 0.02500000037252903}, "panel_properties": {"frame_depth": [0.03500000014901161, 0.03500000014901161, 0.03500000014901161], "frame_thickness": [0.03500000014901161, 0.03500000014901161, 0.03500000014901161]}}'),$);
#12253=IFCREPRESENTATIONMAP(#12254,#12413);
#12254=IFCAXIS2PLACEMENT3D(#12255,#12256,#12257);
#12255=IFCCARTESIANPOINT((0.,0.,0.));
#12256=IFCDIRECTION((0.,0.,1.));
#12257=IFCDIRECTION((1.,0.,0.));
#12261=IFCREPRESENTATIONMAP(#12262,#12456);
#12262=IFCAXIS2PLACEMENT3D(#12263,#12264,#12265);
#12263=IFCCARTESIANPOINT((0.,0.,0.));
#12264=IFCDIRECTION((0.,0.,1.));
#12265=IFCDIRECTION((1.,0.,0.));
#12309=IFCREPRESENTATIONMAP(#12310,#12479);
#12310=IFCAXIS2PLACEMENT3D(#12311,#12312,#12313);
#12311=IFCCARTESIANPOINT((0.,0.,0.));
#12312=IFCDIRECTION((0.,0.,1.));
#12313=IFCDIRECTION((1.,0.,0.));
#12331=IFCWINDOW('0VH_wdGNn3P9foh1MMYvqn',$,'Window',$,$,#12504,#12340,$,0.89999997615814209,0.80581021308898926,$,.SINGLE_PANEL.,$);
#12332=IFCRELDEFINESBYTYPE('3o7VGZGBL9V9jN1P$kLPym',$,$,$,(#12331),#12250);
#12333=IFCCARTESIANPOINT((0.,0.,0.));
#12334=IFCDIRECTION((1.,0.,0.));
#12335=IFCDIRECTION((0.,1.,0.));
#12336=IFCDIRECTION((0.,0.,1.));
#12337=IFCCARTESIANTRANSFORMATIONOPERATOR3D(#12334,#12335,#12333,1.,#12336);
#12338=IFCMAPPEDITEM(#12253,#12337);
#12339=IFCSHAPEREPRESENTATION(#18,'Profile','MappedRepresentation',(#12338));
#12340=IFCPRODUCTDEFINITIONSHAPE($,$,(#12339,#12347,#12354));
#12341=IFCCARTESIANPOINT((0.,0.,0.));
#12342=IFCDIRECTION((1.,0.,0.));
#12343=IFCDIRECTION((0.,1.,0.));
#12344=IFCDIRECTION((0.,0.,1.));
#12345=IFCCARTESIANTRANSFORMATIONOPERATOR3D(#12342,#12343,#12341,1.,#12344);
#12346=IFCMAPPEDITEM(#12261,#12345);
#12347=IFCSHAPEREPRESENTATION(#11,'Body','MappedRepresentation',(#12346));
#12348=IFCCARTESIANPOINT((0.,0.,0.));
#12349=IFCDIRECTION((1.,0.,0.));
#12350=IFCDIRECTION((0.,1.,0.));
#12351=IFCDIRECTION((0.,0.,1.));
#12352=IFCCARTESIANTRANSFORMATIONOPERATOR3D(#12349,#12350,#12348,1.,#12351);
#12353=IFCMAPPEDITEM(#12309,#12352);
#12354=IFCSHAPEREPRESENTATION(#24,'Body','MappedRepresentation',(#12353));
#12355=IFCOPENINGELEMENT('3SIKlUz2P5dfub0jRguHH4',$,'Opening',$,$,#12499,#12383,$,.OPENING.);
#12371=IFCCARTESIANPOINT((0.,0.,0.));
#12372=IFCDIRECTION((1.,0.,0.));
#12373=IFCDIRECTION((0.,0.,1.));
#12374=IFCAXIS2PLACEMENT3D(#12371,#12373,#12372);
#12375=IFCREPRESENTATIONMAP(#12374,#12489);
#12376=IFCCARTESIANPOINT((0.,0.,0.));
#12377=IFCDIRECTION((1.,0.,0.));
#12378=IFCDIRECTION((0.,1.,0.));
#12379=IFCDIRECTION((0.,0.,1.));
#12380=IFCCARTESIANTRANSFORMATIONOPERATOR3D(#12377,#12378,#12376,1.,#12379);
#12381=IFCMAPPEDITEM(#12375,#12380);
#12382=IFCSHAPEREPRESENTATION(#11,'Body','MappedRepresentation',(#12381));
#12383=IFCPRODUCTDEFINITIONSHAPE($,$,(#12382));
#12384=IFCRELVOIDSELEMENT('1Ot2nFSHzCQBno_DbXjqt$',$,$,$,#7277,#12355);
#12390=IFCRELFILLSELEMENT('24QKsVzUvB0x_7m1kL$7HT',$,$,$,#12355,#12331);
#12411=IFCCARTESIANPOINTLIST3D(((0.,0.,0.),(0.80581021308898926,0.,0.),(0.80581021308898926,0.,0.89999997615814209),(0.,0.,0.89999997615814209)));
#12412=IFCINDEXEDPOLYCURVE(#12411,(IFCLINEINDEX((1,2,3,4,1))),$);
#12413=IFCSHAPEREPRESENTATION(#18,'Profile','Curve3D',(#12412));
#12414=IFCCARTESIANPOINTLIST2D(((0.,0.),(0.80581021308898926,0.),(0.80581021308898926,0.89999997615814209),(0.,0.89999997615814209)));
#12415=IFCINDEXEDPOLYCURVE(#12414,(IFCLINEINDEX((1,2,3,4,1))),$);
#12416=IFCCARTESIANPOINTLIST2D(((0.02500000037252903,0.02500000037252903),(0.78081021271646023,0.02500000037252903),(0.78081021271646023,0.87499997578561306),(0.02500000037252903,0.87499997578561306)));
#12417=IFCINDEXEDPOLYCURVE(#12416,(IFCLINEINDEX((1,2,3,4,1))),$);
#12418=IFCARBITRARYPROFILEDEFWITHVOIDS(.AREA.,$,#12415,(#12417));
#12419=IFCCARTESIANPOINT((0.,0.090000001713633537,0.));
#12420=IFCDIRECTION((0.,-1.,0.));
#12421=IFCDIRECTION((1.,0.,0.));
#12422=IFCAXIS2PLACEMENT3D(#12419,#12420,#12421);
#12423=IFCDIRECTION((0.,0.,-1.));
#12424=IFCEXTRUDEDAREASOLID(#12418,#12422,#12423,0.0099999997764825821);
#12425=IFCCARTESIANPOINTLIST2D(((0.,0.),(0.80581021308898926,0.),(0.80581021308898926,0.89999997615814209),(0.,0.89999997615814209)));
#12426=IFCINDEXEDPOLYCURVE(#12425,(IFCLINEINDEX((1,2,3,4,1))),$);
#12427=IFCCARTESIANPOINTLIST2D(((0.05000000074505806,0.05000000074505806),(0.7558102123439312,0.05000000074505806),(0.7558102123439312,0.84999997541308403),(0.05000000074505806,0.84999997541308403)));
#12428=IFCINDEXEDPOLYCURVE(#12427,(IFCLINEINDEX((1,2,3,4,1))),$);
#12429=IFCARBITRARYPROFILEDEFWITHVOIDS(.AREA.,$,#12426,(#12428));
#12430=IFCCARTESIANPOINT((0.,0.05000000074505806,0.));
#12431=IFCDIRECTION((0.,-1.,0.));
#12432=IFCDIRECTION((1.,0.,0.));
#12433=IFCAXIS2PLACEMENT3D(#12430,#12431,#12432);
#12434=IFCDIRECTION((0.,0.,-1.));
#12435=IFCEXTRUDEDAREASOLID(#12429,#12433,#12434,0.040000000968575478);
#12436=IFCCARTESIANPOINTLIST2D(((0.,0.),(0.7558102123439312,0.),(0.7558102123439312,0.84999997541308403),(0.,0.84999997541308403)));
#12437=IFCINDEXEDPOLYCURVE(#12436,(IFCLINEINDEX((1,2,3,4,1))),$);
#12438=IFCCARTESIANPOINTLIST2D(((0.035000000149011612,0.035000000149011612),(0.72081021219491959,0.035000000149011612),(0.72081021219491959,0.81499997526407242),(0.035000000149011612,0.81499997526407242)));
#12439=IFCINDEXEDPOLYCURVE(#12438,(IFCLINEINDEX((1,2,3,4,1))),$);
#12440=IFCARBITRARYPROFILEDEFWITHVOIDS(.AREA.,$,#12437,(#12439));
#12441=IFCCARTESIANPOINT((0.02500000037252903,0.090000001713633537,0.02500000037252903));
#12442=IFCDIRECTION((0.,-1.,0.));
#12443=IFCDIRECTION((1.,0.,0.));
#12444=IFCAXIS2PLACEMENT3D(#12441,#12442,#12443);
#12445=IFCDIRECTION((0.,0.,-1.));
#12446=IFCEXTRUDEDAREASOLID(#12440,#12444,#12445,0.035000000149011612);
#12447=IFCINDEXEDPOLYCURVE(#12448,(IFCLINEINDEX((1,2,3,4,1))),$);
#12448=IFCCARTESIANPOINTLIST2D(((0.035000000149011612,0.035000000149011612),(0.72081021219491959,0.035000000149011612),(0.72081021219491959,0.81499997526407242),(0.035000000149011612,0.81499997526407242)));
#12449=IFCARBITRARYCLOSEDPROFILEDEF(.AREA.,$,#12447);
#12450=IFCCARTESIANPOINT((0.02500000037252903,0.10250000178813934,0.02500000037252903));
#12451=IFCDIRECTION((0.,-1.,0.));
#12452=IFCDIRECTION((1.,0.,0.));
#12453=IFCAXIS2PLACEMENT3D(#12450,#12451,#12452);
#12454=IFCDIRECTION((0.,0.,-1.));
#12455=IFCEXTRUDEDAREASOLID(#12449,#12453,#12454,0.01);
#12456=IFCSHAPEREPRESENTATION(#11,'Body','SweptSolid',(#12424,#12435,#12446,#12455));
#12457=IFCSHAPEREPRESENTATION(#11,'Body','SweptSolid',(#12424,#12435));
#12458=IFCSHAPEASPECT((#12457),'Lining',$,.T.,#12340);
#12459=IFCSHAPEREPRESENTATION(#11,'Body','SweptSolid',(#12446));
#12460=IFCSHAPEASPECT((#12459),'Framing',$,.T.,#12340);
#12461=IFCSHAPEREPRESENTATION(#11,'Body','SweptSolid',(#12455));
#12462=IFCSHAPEASPECT((#12461),'Glazing',$,.T.,#12340);
#12463=IFCCARTESIANPOINTLIST2D(((0.05000000074505806,0.05000000074505806),(0.7558102123439312,0.05000000074505806)));
#12464=IFCINDEXEDPOLYCURVE(#12463,$,$);
#12465=IFCCARTESIANPOINTLIST2D(((0.,0.10000000149011612),(0.02500000037252903,0.10000000149011612),(0.02500000037252903,0.090000001713633537),(0.05000000074505806,0.090000001713633537),(0.05000000074505806,0.05000000074505806),(0.,0.05000000074505806)));
#12466=IFCINDEXEDPOLYCURVE(#12465,(IFCLINEINDEX((1,2,3,4,5,6,1))),$);
#12467=IFCCARTESIANPOINTLIST2D(((0.80581021308898926,0.10000000149011612),(0.78081021271646023,0.10000000149011612),(0.78081021271646023,0.090000001713633537),(0.7558102123439312,0.090000001713633537),(0.7558102123439312,0.05000000074505806),(0.80581021308898926,0.05000000074505806)));
#12468=IFCINDEXEDPOLYCURVE(#12467,(IFCLINEINDEX((1,2,3,4,5,6,1))),$);
#12469=IFCCARTESIANPOINTLIST2D(((0.02500000037252903,0.090000001713633537),(0.060000000521540642,0.090000001713633537),(0.060000000521540642,0.12500000186264515),(0.02500000037252903,0.12500000186264515)));
#12470=IFCINDEXEDPOLYCURVE(#12469,(IFCLINEINDEX((1,2,3,4,1))),$);
#12471=IFCINDEXEDPOLYCURVE(#12472,(IFCLINEINDEX((1,2,3,4,1))),$);
#12472=IFCCARTESIANPOINTLIST2D(((0.78081021271646023,0.090000001713633537),(0.74581021256744862,0.090000001713633537),(0.74581021256744862,0.12500000186264515),(0.78081021271646023,0.12500000186264515)));
#12473=IFCCARTESIANPOINTLIST2D(((0.060000000521540642,0.090000001713633537),(0.74581021256744862,0.090000001713633537)));
#12474=IFCINDEXEDPOLYCURVE(#12473,$,$);
#12475=IFCINDEXEDPOLYCURVE(#12476,$,$);
#12476=IFCCARTESIANPOINTLIST2D(((0.060000000521540642,0.12500000186264515),(0.74581021256744862,0.12500000186264515)));
#12477=IFCINDEXEDPOLYCURVE(#12478,$,$);
#12478=IFCCARTESIANPOINTLIST2D(((0.060000000521540642,0.10750000178813934),(0.74581021256744862,0.10750000178813934)));
#12479=IFCSHAPEREPRESENTATION(#24,'Body','Curve2D',(#12464,#12466,#12468,#12470,#12471,#12474,#12475,#12477));
#12480=IFCCARTESIANPOINTLIST2D(((0.,0.),(0.80581021308898926,0.),(0.80581021308898926,0.89999997615814209),(0.,0.89999997615814209)));
#12481=IFCINDEXEDPOLYCURVE(#12480,(IFCLINEINDEX((1,2,3,4,1))),$);
#12482=IFCARBITRARYCLOSEDPROFILEDEF(.AREA.,$,#12481);
#12483=IFCCARTESIANPOINT((0.,-0.60000002384185791,0.));
#12484=IFCDIRECTION((0.,-1.,0.));
#12485=IFCDIRECTION((1.,0.,0.));
#12486=IFCAXIS2PLACEMENT3D(#12483,#12484,#12485);
#12487=IFCDIRECTION((0.,0.,-1.));
#12488=IFCEXTRUDEDAREASOLID(#12482,#12486,#12487,1.2);
#12489=IFCSHAPEREPRESENTATION(#11,'Body','SweptSolid',(#12488));
#12495=IFCCARTESIANPOINT((3.5577955930326022,6.8506823902581004E-07,1.));
#12496=IFCDIRECTION((0.,0.,1.));
#12497=IFCDIRECTION((0.99999999999999289,1.1920928244535129E-07,0.));
#12498=IFCAXIS2PLACEMENT3D(#12495,#12496,#12497);
#12499=IFCLOCALPLACEMENT(#7574,#12498);
#12500=IFCCARTESIANPOINT((-4.4408920985006262E-16,0.,0.));
#12501=IFCDIRECTION((0.,0.,1.));
#12502=IFCDIRECTION((1.,0.,0.));
#12503=IFCAXIS2PLACEMENT3D(#12500,#12501,#12502);
#12504=IFCLOCALPLACEMENT(#12499,#12503);
#12505=IFCWINDOWTYPE('1kr_TnrHjDYfOMinqyYvxS',$,'MASTERS-2-2F',$,$,(#12506),(#12508,#12516,#12564),$,$,.WINDOW.,.SINGLE_PANEL.,$,$);
#12506=IFCPROPERTYSET('235v8Xdz1DKu$yNpSfOJLL',$,'BBIM_Window',$,(#12507));
#12507=IFCPROPERTYSINGLEVALUE('Data',$,IFCTEXT('{"window_type": "SINGLE_PANEL", "overall_height": 0.8999999761581421, "overall_width": 0.8148619532585144, "lining_properties": {"lining_depth": 0.05000000074505806, "lining_thickness": 0.05000000074505806, "lining_offset": 0.05000000074505806, "lining_to_panel_offset_x": 0.02500000037252903, "lining_to_panel_offset_y": 0.02500000037252903}, "panel_properties": {"frame_depth": [0.03500000014901161, 0.03500000014901161, 0.03500000014901161], "frame_thickness": [0.03500000014901161, 0.03500000014901161, 0.03500000014901161]}}'),$);
#12508=IFCREPRESENTATIONMAP(#12509,#12668);
#12509=IFCAXIS2PLACEMENT3D(#12510,#12511,#12512);
#12510=IFCCARTESIANPOINT((0.,0.,0.));
#12511=IFCDIRECTION((0.,0.,1.));
#12512=IFCDIRECTION((1.,0.,0.));
#12516=IFCREPRESENTATIONMAP(#12517,#12711);
#12517=IFCAXIS2PLACEMENT3D(#12518,#12519,#12520);
#12518=IFCCARTESIANPOINT((0.,0.,0.));
#12519=IFCDIRECTION((0.,0.,1.));
#12520=IFCDIRECTION((1.,0.,0.));
#12564=IFCREPRESENTATIONMAP(#12565,#12734);
#12565=IFCAXIS2PLACEMENT3D(#12566,#12567,#12568);
#12566=IFCCARTESIANPOINT((0.,0.,0.));
#12567=IFCDIRECTION((0.,0.,1.));
#12568=IFCDIRECTION((1.,0.,0.));
#12586=IFCWINDOW('21YpflBcnAoATI_ouOcntr',$,'Window',$,$,#12759,#12595,$,0.89999997615814209,0.8148619532585144,$,.SINGLE_PANEL.,$);
#12587=IFCRELDEFINESBYTYPE('1gWsrbtgn86wbMCFRfYH5t',$,$,$,(#12586),#12505);
#12588=IFCCARTESIANPOINT((0.,0.,0.));
#12589=IFCDIRECTION((1.,0.,0.));
#12590=IFCDIRECTION((0.,1.,0.));
#12591=IFCDIRECTION((0.,0.,1.));
#12592=IFCCARTESIANTRANSFORMATIONOPERATOR3D(#12589,#12590,#12588,1.,#12591);
#12593=IFCMAPPEDITEM(#12508,#12592);
#12594=IFCSHAPEREPRESENTATION(#18,'Profile','MappedRepresentation',(#12593));
#12595=IFCPRODUCTDEFINITIONSHAPE($,$,(#12594,#12602,#12609));
#12596=IFCCARTESIANPOINT((0.,0.,0.));
#12597=IFCDIRECTION((1.,0.,0.));
#12598=IFCDIRECTION((0.,1.,0.));
#12599=IFCDIRECTION((0.,0.,1.));
#12600=IFCCARTESIANTRANSFORMATIONOPERATOR3D(#12597,#12598,#12596,1.,#12599);
#12601=IFCMAPPEDITEM(#12516,#12600);
#12602=IFCSHAPEREPRESENTATION(#11,'Body','MappedRepresentation',(#12601));
#12603=IFCCARTESIANPOINT((0.,0.,0.));
#12604=IFCDIRECTION((1.,0.,0.));
#12605=IFCDIRECTION((0.,1.,0.));
#12606=IFCDIRECTION((0.,0.,1.));
#12607=IFCCARTESIANTRANSFORMATIONOPERATOR3D(#12604,#12605,#12603,1.,#12606);
#12608=IFCMAPPEDITEM(#12564,#12607);
#12609=IFCSHAPEREPRESENTATION(#24,'Body','MappedRepresentation',(#12608));
#12610=IFCOPENINGELEMENT('1hiqiVh81BShiWf2dYNInp',$,'Opening',$,$,#12754,#12638,$,.OPENING.);
#12626=IFCCARTESIANPOINT((0.,0.,0.));
#12627=IFCDIRECTION((1.,0.,0.));
#12628=IFCDIRECTION((0.,0.,1.));
#12629=IFCAXIS2PLACEMENT3D(#12626,#12628,#12627);
#12630=IFCREPRESENTATIONMAP(#12629,#12744);
#12631=IFCCARTESIANPOINT((0.,0.,0.));
#12632=IFCDIRECTION((1.,0.,0.));
#12633=IFCDIRECTION((0.,1.,0.));
#12634=IFCDIRECTION((0.,0.,1.));
#12635=IFCCARTESIANTRANSFORMATIONOPERATOR3D(#12632,#12633,#12631,1.,#12634);
#12636=IFCMAPPEDITEM(#12630,#12635);
#12637=IFCSHAPEREPRESENTATION(#11,'Body','MappedRepresentation',(#12636));
#12638=IFCPRODUCTDEFINITIONSHAPE($,$,(#12637));
#12639=IFCRELVOIDSELEMENT('1F8WWZL5nBu8hvgNIT4CuS',$,$,$,#7277,#12610);
#12645=IFCRELFILLSELEMENT('1UuuQhlL53WPKePdBklcKL',$,$,$,#12610,#12586);
#12666=IFCCARTESIANPOINTLIST3D(((0.,0.,0.),(0.8148619532585144,0.,0.),(0.8148619532585144,0.,0.89999997615814209),(0.,0.,0.89999997615814209)));
#12667=IFCINDEXEDPOLYCURVE(#12666,(IFCLINEINDEX((1,2,3,4,1))),$);
#12668=IFCSHAPEREPRESENTATION(#18,'Profile','Curve3D',(#12667));
#12669=IFCCARTESIANPOINTLIST2D(((0.,0.),(0.8148619532585144,0.),(0.8148619532585144,0.89999997615814209),(0.,0.89999997615814209)));
#12670=IFCINDEXEDPOLYCURVE(#12669,(IFCLINEINDEX((1,2,3,4,1))),$);
#12671=IFCCARTESIANPOINTLIST2D(((0.02500000037252903,0.02500000037252903),(0.78986195288598537,0.02500000037252903),(0.78986195288598537,0.87499997578561306),(0.02500000037252903,0.87499997578561306)));
#12672=IFCINDEXEDPOLYCURVE(#12671,(IFCLINEINDEX((1,2,3,4,1))),$);
#12673=IFCARBITRARYPROFILEDEFWITHVOIDS(.AREA.,$,#12670,(#12672));
#12674=IFCCARTESIANPOINT((0.,0.090000001713633537,0.));
#12675=IFCDIRECTION((0.,-1.,0.));
#12676=IFCDIRECTION((1.,0.,0.));
#12677=IFCAXIS2PLACEMENT3D(#12674,#12675,#12676);
#12678=IFCDIRECTION((0.,0.,-1.));
#12679=IFCEXTRUDEDAREASOLID(#12673,#12677,#12678,0.0099999997764825821);
#12680=IFCCARTESIANPOINTLIST2D(((0.,0.),(0.8148619532585144,0.),(0.8148619532585144,0.89999997615814209),(0.,0.89999997615814209)));
#12681=IFCINDEXEDPOLYCURVE(#12680,(IFCLINEINDEX((1,2,3,4,1))),$);
#12682=IFCCARTESIANPOINTLIST2D(((0.05000000074505806,0.05000000074505806),(0.76486195251345634,0.05000000074505806),(0.76486195251345634,0.84999997541308403),(0.05000000074505806,0.84999997541308403)));
#12683=IFCINDEXEDPOLYCURVE(#12682,(IFCLINEINDEX((1,2,3,4,1))),$);
#12684=IFCARBITRARYPROFILEDEFWITHVOIDS(.AREA.,$,#12681,(#12683));
#12685=IFCCARTESIANPOINT((0.,0.05000000074505806,0.));
#12686=IFCDIRECTION((0.,-1.,0.));
#12687=IFCDIRECTION((1.,0.,0.));
#12688=IFCAXIS2PLACEMENT3D(#12685,#12686,#12687);
#12689=IFCDIRECTION((0.,0.,-1.));
#12690=IFCEXTRUDEDAREASOLID(#12684,#12688,#12689,0.040000000968575478);
#12691=IFCCARTESIANPOINTLIST2D(((0.,0.),(0.76486195251345634,0.),(0.76486195251345634,0.84999997541308403),(0.,0.84999997541308403)));
#12692=IFCINDEXEDPOLYCURVE(#12691,(IFCLINEINDEX((1,2,3,4,1))),$);
#12693=IFCCARTESIANPOINTLIST2D(((0.035000000149011612,0.035000000149011612),(0.72986195236444473,0.035000000149011612),(0.72986195236444473,0.81499997526407242),(0.035000000149011612,0.81499997526407242)));
#12694=IFCINDEXEDPOLYCURVE(#12693,(IFCLINEINDEX((1,2,3,4,1))),$);
#12695=IFCARBITRARYPROFILEDEFWITHVOIDS(.AREA.,$,#12692,(#12694));
#12696=IFCCARTESIANPOINT((0.02500000037252903,0.090000001713633537,0.02500000037252903));
#12697=IFCDIRECTION((0.,-1.,0.));
#12698=IFCDIRECTION((1.,0.,0.));
#12699=IFCAXIS2PLACEMENT3D(#12696,#12697,#12698);
#12700=IFCDIRECTION((0.,0.,-1.));
#12701=IFCEXTRUDEDAREASOLID(#12695,#12699,#12700,0.035000000149011612);
#12702=IFCINDEXEDPOLYCURVE(#12703,(IFCLINEINDEX((1,2,3,4,1))),$);
#12703=IFCCARTESIANPOINTLIST2D(((0.035000000149011612,0.035000000149011612),(0.72986195236444473,0.035000000149011612),(0.72986195236444473,0.81499997526407242),(0.035000000149011612,0.81499997526407242)));
#12704=IFCARBITRARYCLOSEDPROFILEDEF(.AREA.,$,#12702);
#12705=IFCCARTESIANPOINT((0.02500000037252903,0.10250000178813934,0.02500000037252903));
#12706=IFCDIRECTION((0.,-1.,0.));
#12707=IFCDIRECTION((1.,0.,0.));
#12708=IFCAXIS2PLACEMENT3D(#12705,#12706,#12707);
#12709=IFCDIRECTION((0.,0.,-1.));
#12710=IFCEXTRUDEDAREASOLID(#12704,#12708,#12709,0.01);
#12711=IFCSHAPEREPRESENTATION(#11,'Body','SweptSolid',(#12679,#12690,#12701,#12710));
#12712=IFCSHAPEREPRESENTATION(#11,'Body','SweptSolid',(#12679,#12690));
#12713=IFCSHAPEASPECT((#12712),'Lining',$,.T.,#12595);
#12714=IFCSHAPEREPRESENTATION(#11,'Body','SweptSolid',(#12701));
#12715=IFCSHAPEASPECT((#12714),'Framing',$,.T.,#12595);
#12716=IFCSHAPEREPRESENTATION(#11,'Body','SweptSolid',(#12710));
#12717=IFCSHAPEASPECT((#12716),'Glazing',$,.T.,#12595);
#12718=IFCCARTESIANPOINTLIST2D(((0.05000000074505806,0.05000000074505806),(0.76486195251345634,0.05000000074505806)));
#12719=IFCINDEXEDPOLYCURVE(#12718,$,$);
#12720=IFCCARTESIANPOINTLIST2D(((0.,0.10000000149011612),(0.02500000037252903,0.10000000149011612),(0.02500000037252903,0.090000001713633537),(0.05000000074505806,0.090000001713633537),(0.05000000074505806,0.05000000074505806),(0.,0.05000000074505806)));
#12721=IFCINDEXEDPOLYCURVE(#12720,(IFCLINEINDEX((1,2,3,4,5,6,1))),$);
#12722=IFCCARTESIANPOINTLIST2D(((0.8148619532585144,0.10000000149011612),(0.78986195288598537,0.10000000149011612),(0.78986195288598537,0.090000001713633537),(0.76486195251345634,0.090000001713633537),(0.76486195251345634,0.05000000074505806),(0.8148619532585144,0.05000000074505806)));
#12723=IFCINDEXEDPOLYCURVE(#12722,(IFCLINEINDEX((1,2,3,4,5,6,1))),$);
#12724=IFCCARTESIANPOINTLIST2D(((0.02500000037252903,0.090000001713633537),(0.060000000521540642,0.090000001713633537),(0.060000000521540642,0.12500000186264515),(0.02500000037252903,0.12500000186264515)));
#12725=IFCINDEXEDPOLYCURVE(#12724,(IFCLINEINDEX((1,2,3,4,1))),$);
#12726=IFCINDEXEDPOLYCURVE(#12727,(IFCLINEINDEX((1,2,3,4,1))),$);
#12727=IFCCARTESIANPOINTLIST2D(((0.78986195288598537,0.090000001713633537),(0.75486195273697376,0.090000001713633537),(0.75486195273697376,0.12500000186264515),(0.78986195288598537,0.12500000186264515)));
#12728=IFCCARTESIANPOINTLIST2D(((0.060000000521540642,0.090000001713633537),(0.75486195273697376,0.090000001713633537)));
#12729=IFCINDEXEDPOLYCURVE(#12728,$,$);
#12730=IFCINDEXEDPOLYCURVE(#12731,$,$);
#12731=IFCCARTESIANPOINTLIST2D(((0.060000000521540642,0.12500000186264515),(0.75486195273697376,0.12500000186264515)));
#12732=IFCINDEXEDPOLYCURVE(#12733,$,$);
#12733=IFCCARTESIANPOINTLIST2D(((0.060000000521540642,0.10750000178813934),(0.75486195273697376,0.10750000178813934)));
#12734=IFCSHAPEREPRESENTATION(#24,'Body','Curve2D',(#12719,#12721,#12723,#12725,#12726,#12729,#12730,#12732));
#12735=IFCCARTESIANPOINTLIST2D(((0.,0.),(0.8148619532585144,0.),(0.8148619532585144,0.89999997615814209),(0.,0.89999997615814209)));
#12736=IFCINDEXEDPOLYCURVE(#12735,(IFCLINEINDEX((1,2,3,4,1))),$);
#12737=IFCARBITRARYCLOSEDPROFILEDEF(.AREA.,$,#12736);
#12738=IFCCARTESIANPOINT((0.,-0.60000002384185791,0.));
#12739=IFCDIRECTION((0.,-1.,0.));
#12740=IFCDIRECTION((1.,0.,0.));
#12741=IFCAXIS2PLACEMENT3D(#12738,#12739,#12740);
#12742=IFCDIRECTION((0.,0.,-1.));
#12743=IFCEXTRUDEDAREASOLID(#12737,#12741,#12742,1.2);
#12744=IFCSHAPEREPRESENTATION(#11,'Body','SweptSolid',(#12743));
#12750=IFCCARTESIANPOINT((6.1173599450681539,9.6866366039449758E-07,1.));
#12751=IFCDIRECTION((0.,0.,1.));
#12752=IFCDIRECTION((0.99999999999999289,1.1920928244535129E-07,0.));
#12753=IFCAXIS2PLACEMENT3D(#12750,#12751,#12752);
#12754=IFCLOCALPLACEMENT(#7574,#12753);
#12755=IFCCARTESIANPOINT((-6.6613381477509392E-16,0.,0.));
#12756=IFCDIRECTION((0.,0.,1.));
#12757=IFCDIRECTION((1.,0.,0.));
#12758=IFCAXIS2PLACEMENT3D(#12755,#12756,#12757);
#12759=IFCLOCALPLACEMENT(#12754,#12758);
#12789=IFCCARTESIANPOINT((0.,0.,6.));
#12790=IFCDIRECTION((0.,0.,1.));
#12791=IFCDIRECTION((1.,0.,0.));
#12792=IFCAXIS2PLACEMENT3D(#12789,#12790,#12791);
#12793=IFCLOCALPLACEMENT(#56,#12792);
#12816=IFCBUILDINGSTOREY('00XDYjJNT3Hvoc5JzvHfJG',$,'Roof',$,$,#12837,$,$,$,$);
#12833=IFCCARTESIANPOINT((0.,0.,6.));
#12834=IFCDIRECTION((0.,0.,1.));
#12835=IFCDIRECTION((1.,0.,0.));
#12836=IFCAXIS2PLACEMENT3D(#12833,#12834,#12835);
#12837=IFCLOCALPLACEMENT(#56,#12836);
#12888=IFCSLAB('1bLzNCuNXBrhip3$n0eluG',$,'Slab',$,$,#12896,#12903,$,$);
#12889=IFCRELCONTAINEDINSPATIALSTRUCTURE('31i7HC5IrB4vJMcgaHHsOC',$,$,$,(#12911,#12888),#12816);
#12890=IFCMATERIALLAYERSETUSAGE(#2092,.AXIS3.,.POSITIVE.,-0.10000000149011612,$);
#12891=IFCRELASSOCIATESMATERIAL('0F$omHxwD8JhOdXg6psvpx',$,$,$,(#12888),#12890);
#12892=IFCCARTESIANPOINT((4.2016568183898926,6.49993896484375,0.));
#12893=IFCDIRECTION((0.,0.,1.));
#12894=IFCDIRECTION((1.,0.,0.));
#12895=IFCAXIS2PLACEMENT3D(#12892,#12893,#12894);
#12896=IFCLOCALPLACEMENT(#12837,#12895);
#12897=IFCCARTESIANPOINTLIST2D(((0.,0.),(-3.9841780662536621,-6.198883056640625E-06),(-3.9841780662536621,-0.96036577224731445),(-7.4941778182983398,-0.96036529541015625),(-7.4941768646240234,-8.0903663635253906),(-3.9385342597961426,-8.0903663635253906),(-3.9385342597961426,-8.6785888671875),(-2.3800015449523926,-8.6785888671875),(-2.3800015449523926,-9.5885887145996094),(-1.9073486328125E-06,-9.5885887145996094),(0.,0.)));
#12898=IFCINDEXEDPOLYCURVE(#12897,$,$);
#12899=IFCDIRECTION((0.,0.,1.));
#12900=IFCARBITRARYCLOSEDPROFILEDEF(.AREA.,$,#12898);
#12901=IFCEXTRUDEDAREASOLID(#12900,#12910,#12899,0.10000000000000001);
#12902=IFCSHAPEREPRESENTATION(#11,'Body','SweptSolid',(#12901));
#12903=IFCPRODUCTDEFINITIONSHAPE($,$,(#12902));
#12904=IFCPROPERTYSET('2xlL6uC310tul1ewkxgI30',$,'EPset_Parametric',$,(#12906));
#12905=IFCRELDEFINESBYPROPERTIES('3C9k5tckn9HAATcF0MgIWm',$,$,$,(#12888),#12904);
#12906=IFCPROPERTYSINGLEVALUE('Engine',$,IFCLABEL('Bonsai.DumbLayer3'),$);
#12907=IFCCARTESIANPOINT((-0.,-0.,-0.10000000149011612));
#12908=IFCDIRECTION((0.,0.,1.));
#12909=IFCDIRECTION((1.,0.,0.));
#12910=IFCAXIS2PLACEMENT3D(#12907,#12908,#12909);
#12911=IFCROOF('262QJjS45Crfcn2YeWBDdN',$,'Roof',$,$,#12937,#12920,$,$);
#12912=IFCRELDEFINESBYTYPE('3Jdtw0ct99l8mz3q41kyQa',$,$,$,(#12911),#6907);
#12913=IFCCARTESIANPOINT((0.,0.,0.));
#12914=IFCDIRECTION((1.,0.,0.));
#12915=IFCDIRECTION((0.,1.,0.));
#12916=IFCDIRECTION((0.,0.,1.));
#12917=IFCCARTESIANTRANSFORMATIONOPERATOR3D(#12914,#12915,#12913,1.,#12916);
#12918=IFCMAPPEDITEM(#6937,#12917);
#12919=IFCSHAPEREPRESENTATION(#11,'Body','MappedRepresentation',(#12918));
#12920=IFCPRODUCTDEFINITIONSHAPE($,$,(#12919,#12927));
#12921=IFCCARTESIANPOINT((0.,0.,0.));
#12922=IFCDIRECTION((1.,0.,0.));
#12923=IFCDIRECTION((0.,1.,0.));
#12924=IFCDIRECTION((0.,0.,1.));
#12925=IFCCARTESIANTRANSFORMATIONOPERATOR3D(#12922,#12923,#12921,1.,#12924);
#12926=IFCMAPPEDITEM(#6965,#12925);
#12927=IFCSHAPEREPRESENTATION(#13,'Box','MappedRepresentation',(#12926));
#12933=IFCCARTESIANPOINT((0.42308378219604492,1.7090096473693848,0.10154247283935547));
#12934=IFCDIRECTION((0.,0.,1.));
#12935=IFCDIRECTION((1.,0.,0.));
#12936=IFCAXIS2PLACEMENT3D(#12933,#12934,#12935);
#12937=IFCLOCALPLACEMENT(#12837,#12936);
ENDSEC;
END-ISO-10303-21;
